datetime,count
2011-01-20 00:00:00,10.88
2011-01-20 01:00:00,5.25
2011-01-20 02:00:00,3.24
2011-01-20 03:00:00,3.14
2011-01-20 04:00:00,2.73
2011-01-20 05:00:00,6.45
2011-01-20 06:00:00,35.03
2011-01-20 07:00:00,95.16
2011-01-20 08:00:00,206.54
2011-01-20 09:00:00,121.58
2011-01-20 10:00:00,63.96
2011-01-20 11:00:00,66.86
2011-01-20 12:00:00,80.1
2011-01-20 13:00:00,76.35
2011-01-20 14:00:00,78.08
2011-01-20 15:00:00,79.13
2011-01-20 16:00:00,87.34
2011-01-20 17:00:00,192.87
2011-01-20 18:00:00,174.41
2011-01-20 19:00:00,104.05
2011-01-20 20:00:00,75.45
2011-01-20 21:00:00,49.69
2011-01-20 22:00:00,44.9
2011-01-20 23:00:00,25.34
2011-01-21 00:00:00,12.36
2011-01-21 01:00:00,7.12
2011-01-21 02:00:00,3.88
2011-01-21 03:00:00,2.38
2011-01-21 04:00:00,2.77
2011-01-21 05:00:00,3.69
2011-01-21 06:00:00,31.27
2011-01-21 07:00:00,96.81
2011-01-21 08:00:00,195.64
2011-01-21 09:00:00,121.03
2011-01-21 10:00:00,48.14
2011-01-21 11:00:00,56.39
2011-01-21 12:00:00,71.08
2011-01-21 13:00:00,70.27
2011-01-21 14:00:00,65.54
2011-01-21 15:00:00,64.48
2011-01-21 16:00:00,73.98
2011-01-21 17:00:00,138.88
2011-01-21 18:00:00,138.32
2011-01-21 19:00:00,111.43
2011-01-21 20:00:00,61.93
2011-01-21 21:00:00,45.34
2011-01-21 22:00:00,32.92
2011-01-21 23:00:00,20.82
2011-01-22 00:00:00,27.47
2011-01-22 01:00:00,19.4
2011-01-22 02:00:00,17.6
2011-01-22 03:00:00,6.56
2011-01-22 04:00:00,2.19
2011-01-22 06:00:00,5.4
2011-01-22 07:00:00,21.76
2011-01-22 08:00:00,36.56
2011-01-22 09:00:00,35.64
2011-01-22 10:00:00,59.44
2011-01-22 11:00:00,64.62
2011-01-22 12:00:00,76.36
2011-01-22 13:00:00,80.99
2011-01-22 14:00:00,77.45
2011-01-22 15:00:00,74.92
2011-01-22 16:00:00,75.26
2011-01-22 17:00:00,90.7
2011-01-22 18:00:00,64.68
2011-01-22 19:00:00,41.93
2011-01-22 20:00:00,37.52
2011-01-22 21:00:00,38.61
2011-01-22 22:00:00,31.6
2011-01-22 23:00:00,19.73
2011-01-23 00:00:00,29.76
2011-01-23 01:00:00,20.94
2011-01-23 02:00:00,16.42
2011-01-23 03:00:00,12.35
2011-01-23 05:00:00,2.7
2011-01-23 06:00:00,4.06
2011-01-23 07:00:00,11.67
2011-01-23 08:00:00,20.9
2011-01-23 09:00:00,28.05
2011-01-23 10:00:00,55.24
2011-01-23 11:00:00,64.01
2011-01-23 12:00:00,71.49
2011-01-23 13:00:00,69.82
2011-01-23 14:00:00,73.82
2011-01-23 15:00:00,73.2
2011-01-23 16:00:00,76.9
2011-01-23 17:00:00,86.25
2011-01-23 18:00:00,79.64
2011-01-23 19:00:00,55.58
2011-01-23 20:00:00,31.3
2011-01-23 21:00:00,28.71
2011-01-23 22:00:00,24.99
2011-01-23 23:00:00,15.48
2011-01-24 00:00:00,11.71
2011-01-24 01:00:00,4.89
2011-01-24 03:00:00,2.5
2011-01-24 04:00:00,2.69
2011-01-24 05:00:00,6.84
2011-01-24 06:00:00,32.4
2011-01-24 07:00:00,80.27
2011-01-24 08:00:00,163.99
2011-01-24 09:00:00,100.42
2011-01-24 10:00:00,43.93
2011-01-24 11:00:00,38.61
2011-01-24 12:00:00,52.55
2011-01-24 13:00:00,48.46
2011-01-24 14:00:00,44.37
2011-01-24 15:00:00,57.19
2011-01-24 16:00:00,63.47
2011-01-24 17:00:00,141.87
2011-01-24 18:00:00,140.16
2011-01-24 19:00:00,96.63
2011-01-24 20:00:00,62.28
2011-01-24 21:00:00,43.92
2011-01-24 22:00:00,27.0
2011-01-24 23:00:00,19.09
2011-01-25 00:00:00,8.72
2011-01-25 01:00:00,3.73
2011-01-25 02:00:00,2.46
2011-01-25 04:00:00,1.74
2011-01-25 05:00:00,5.87
2011-01-25 06:00:00,33.62
2011-01-25 07:00:00,80.24
2011-01-25 08:00:00,157.62
2011-01-25 09:00:00,112.82
2011-01-25 10:00:00,56.6
2011-01-25 11:00:00,62.44
2011-01-25 12:00:00,74.86
2011-01-25 13:00:00,77.12
2011-01-25 14:00:00,72.92
2011-01-25 15:00:00,74.01
2011-01-25 16:00:00,88.86
2011-01-25 17:00:00,203.89
2011-01-25 18:00:00,189.53
2011-01-25 19:00:00,110.67
2011-01-25 20:00:00,75.16
2011-01-25 21:00:00,50.03
2011-01-25 22:00:00,39.1
2011-01-25 23:00:00,20.28
2011-01-26 00:00:00,8.93
2011-01-26 01:00:00,5.24
2011-01-26 02:00:00,2.88
2011-01-26 05:00:00,2.91
2011-01-26 06:00:00,30.33
2011-01-26 07:00:00,68.31
2011-01-26 08:00:00,131.32
2011-01-26 09:00:00,97.99
2011-01-26 10:00:00,69.56
2011-01-26 11:00:00,68.19
2011-01-26 12:00:00,67.53
2011-01-26 13:00:00,66.52
2011-01-26 14:00:00,64.0
2011-01-26 15:00:00,66.03
2011-01-26 16:00:00,75.62
2011-01-26 17:00:00,116.15
2011-01-27 16:00:00,74.0
2011-01-27 17:00:00,162.83
2011-01-27 18:00:00,134.56
2011-01-27 19:00:00,100.05
2011-01-27 20:00:00,74.83
2011-01-27 21:00:00,54.88
2011-01-27 22:00:00,39.78
2011-01-27 23:00:00,23.29
2011-01-28 00:00:00,12.82
2011-01-28 01:00:00,7.52
2011-01-28 02:00:00,2.95
2011-01-28 03:00:00,1.91
2011-01-28 05:00:00,5.5
2011-01-28 06:00:00,29.63
2011-01-28 07:00:00,79.62
2011-01-28 08:00:00,165.54
2011-01-28 09:00:00,84.39
2011-01-28 10:00:00,48.38
2011-01-28 11:00:00,55.06
2011-01-28 12:00:00,57.88
2011-01-28 13:00:00,57.44
2011-01-28 14:00:00,47.78
2011-01-28 15:00:00,52.72
2011-01-28 16:00:00,64.1
2011-01-28 17:00:00,147.16
2011-01-28 18:00:00,146.59
2011-01-28 19:00:00,102.52
2011-01-28 20:00:00,73.74
2011-01-28 21:00:00,49.6
2011-01-28 22:00:00,43.28
2011-01-28 23:00:00,27.19
2011-01-29 00:00:00,28.56
2011-01-29 01:00:00,20.06
2011-01-29 02:00:00,15.93
2011-01-29 03:00:00,13.32
2011-01-29 04:00:00,2.88
2011-01-29 06:00:00,3.42
2011-01-29 07:00:00,13.06
2011-01-29 08:00:00,33.02
2011-01-29 09:00:00,45.02
2011-01-29 10:00:00,61.13
2011-01-29 11:00:00,66.11
2011-01-29 12:00:00,71.15
2011-01-29 13:00:00,82.19
2011-01-29 14:00:00,76.31
2011-01-29 15:00:00,72.77
2011-01-29 16:00:00,82.23
2011-01-29 17:00:00,86.4
2011-01-29 18:00:00,76.49
2011-01-29 19:00:00,57.52
2011-01-29 20:00:00,43.4
2011-01-29 21:00:00,38.48
2011-01-29 22:00:00,35.74
2011-01-29 23:00:00,25.94
2011-01-30 00:00:00,30.37
2011-01-30 01:00:00,24.05
2011-01-30 02:00:00,21.54
2011-01-30 03:00:00,12.38
2011-01-30 04:00:00,4.89
2011-01-30 05:00:00,4.9
2011-01-30 07:00:00,9.64
2011-01-30 08:00:00,15.36
2011-01-30 09:00:00,27.44
2011-01-30 10:00:00,59.27
2011-01-30 11:00:00,69.03
2011-01-30 12:00:00,114.47
2011-01-30 13:00:00,95.7
2011-01-30 14:00:00,100.34
2011-01-30 15:00:00,108.14
2011-01-30 16:00:00,105.9
2011-01-30 17:00:00,79.51
2011-01-30 18:00:00,67.67
2011-01-30 19:00:00,43.69
2011-01-30 20:00:00,35.28
2011-01-30 21:00:00,29.62
2011-01-30 22:00:00,27.81
2011-01-30 23:00:00,23.44
2011-01-31 00:00:00,11.39
2011-01-31 01:00:00,4.47
2011-01-31 02:00:00,2.74
2011-01-31 03:00:00,2.16
2011-01-31 04:00:00,1.92
2011-01-31 05:00:00,2.54
2011-01-31 06:00:00,32.64
2011-01-31 07:00:00,80.77
2011-01-31 08:00:00,160.8
2011-01-31 09:00:00,94.09
2011-01-31 10:00:00,40.25
2011-01-31 11:00:00,39.53
2011-01-31 12:00:00,59.94
2011-01-31 13:00:00,54.83
2011-01-31 14:00:00,53.33
2011-01-31 15:00:00,49.97
2011-01-31 16:00:00,60.52
2011-01-31 17:00:00,143.48
2011-01-31 18:00:00,140.38
2011-01-31 19:00:00,121.74
2011-01-31 20:00:00,61.99
2011-01-31 21:00:00,40.1
2011-01-31 22:00:00,32.53
2011-01-31 23:00:00,17.3
2011-02-20 00:00:00,37.45
2011-02-20 01:00:00,26.49
2011-02-20 02:00:00,23.16
2011-02-20 03:00:00,9.12
2011-02-20 04:00:00,2.8
2011-02-20 06:00:00,5.66
2011-02-20 07:00:00,15.83
2011-02-20 08:00:00,30.97
2011-02-20 09:00:00,49.16
2011-02-20 10:00:00,95.93
2011-02-20 11:00:00,122.37
2011-02-20 12:00:00,146.31
2011-02-20 13:00:00,165.95
2011-02-20 14:00:00,159.72
2011-02-20 15:00:00,163.5
2011-02-20 16:00:00,157.04
2011-02-20 17:00:00,130.37
2011-02-20 18:00:00,100.86
2011-02-20 19:00:00,72.79
2011-02-20 20:00:00,55.31
2011-02-20 21:00:00,45.79
2011-02-20 22:00:00,36.58
2011-02-20 23:00:00,33.02
2011-02-21 00:00:00,20.93
2011-02-21 01:00:00,18.12
2011-02-21 02:00:00,9.84
2011-02-21 03:00:00,4.0
2011-02-21 04:00:00,3.82
2011-02-21 05:00:00,6.9
2011-02-21 06:00:00,35.91
2011-02-21 07:00:00,60.39
2011-02-21 08:00:00,65.29
2011-02-21 09:00:00,77.21
2011-02-21 10:00:00,86.57
2011-02-21 11:00:00,87.84
2011-02-21 12:00:00,89.9
2011-02-21 13:00:00,83.2
2011-02-21 14:00:00,92.61
2011-02-21 15:00:00,94.72
2011-02-21 16:00:00,89.7
2011-02-21 17:00:00,104.77
2011-02-21 18:00:00,91.25
2011-02-21 19:00:00,78.75
2011-02-21 20:00:00,52.53
2011-02-21 21:00:00,38.8
2011-02-21 22:00:00,29.59
2011-02-21 23:00:00,19.02
2011-02-22 06:00:00,32.39
2011-02-22 07:00:00,85.31
2011-02-22 08:00:00,185.54
2011-02-22 09:00:00,126.47
2011-02-22 10:00:00,47.56
2011-02-22 11:00:00,52.15
2011-02-22 12:00:00,59.42
2011-02-22 13:00:00,67.38
2011-02-22 14:00:00,64.55
2011-02-22 15:00:00,70.26
2011-02-22 16:00:00,73.96
2011-02-22 17:00:00,167.84
2011-02-22 18:00:00,162.31
2011-02-22 19:00:00,100.89
2011-02-22 20:00:00,75.8
2011-02-22 21:00:00,57.49
2011-02-22 22:00:00,31.87
2011-02-22 23:00:00,19.92
2011-02-23 00:00:00,11.93
2011-02-23 01:00:00,4.76
2011-02-23 02:00:00,2.08
2011-02-23 03:00:00,1.56
2011-02-23 05:00:00,6.56
2011-02-23 06:00:00,32.85
2011-02-23 07:00:00,86.58
2011-02-23 08:00:00,200.37
2011-02-23 09:00:00,126.99
2011-02-23 10:00:00,55.39
2011-02-23 11:00:00,63.69
2011-02-23 12:00:00,70.69
2011-02-23 13:00:00,75.47
2011-02-23 14:00:00,76.42
2011-02-23 15:00:00,73.14
2011-02-23 16:00:00,101.31
2011-02-23 17:00:00,208.35
2011-02-23 18:00:00,193.46
2011-02-23 19:00:00,137.14
2011-02-23 20:00:00,77.81
2011-02-23 21:00:00,64.75
2011-02-23 22:00:00,45.65
2011-02-23 23:00:00,26.9
2011-02-24 00:00:00,10.33
2011-02-24 01:00:00,5.19
2011-02-24 02:00:00,2.52
2011-02-24 03:00:00,1.76
2011-02-24 05:00:00,6.04
2011-02-24 06:00:00,33.71
2011-02-24 07:00:00,99.59
2011-02-24 08:00:00,236.42
2011-02-24 09:00:00,129.21
2011-02-24 10:00:00,66.81
2011-02-24 11:00:00,79.9
2011-02-24 12:00:00,91.57
2011-02-24 13:00:00,87.58
2011-02-24 14:00:00,87.67
2011-02-24 15:00:00,49.85
2011-02-24 16:00:00,70.91
2011-02-24 17:00:00,179.31
2011-02-24 18:00:00,165.3
2011-02-24 19:00:00,106.4
2011-02-24 20:00:00,91.72
2011-02-24 21:00:00,67.8
2011-02-24 22:00:00,35.09
2011-02-24 23:00:00,30.76
2011-02-25 00:00:00,13.75
2011-02-25 01:00:00,10.98
2011-02-25 02:00:00,6.89
2011-02-25 03:00:00,4.04
2011-02-25 05:00:00,8.81
2011-02-25 06:00:00,43.18
2011-02-25 07:00:00,64.11
2011-02-25 08:00:00,120.6
2011-02-25 09:00:00,88.32
2011-02-25 10:00:00,46.19
2011-02-25 11:00:00,133.58
2011-02-25 12:00:00,168.53
2011-02-25 13:00:00,166.45
2011-02-25 14:00:00,172.75
2011-02-25 15:00:00,180.48
2011-02-25 16:00:00,101.02
2011-02-25 17:00:00,185.56
2011-02-25 18:00:00,169.25
2011-02-25 19:00:00,105.64
2011-02-25 20:00:00,72.08
2011-02-25 21:00:00,55.37
2011-02-25 22:00:00,42.06
2011-02-25 23:00:00,29.6
2011-02-26 00:00:00,33.27
2011-02-26 01:00:00,21.29
2011-02-26 02:00:00,18.74
2011-02-26 03:00:00,13.87
2011-02-26 04:00:00,3.61
2011-02-26 05:00:00,3.78
2011-02-26 06:00:00,5.85
2011-02-26 07:00:00,19.24
2011-02-26 08:00:00,30.85
2011-02-26 09:00:00,55.04
2011-02-26 10:00:00,112.51
2011-02-26 11:00:00,128.59
2011-02-26 12:00:00,141.17
2011-02-26 13:00:00,154.06
2011-02-26 14:00:00,149.16
2011-02-26 15:00:00,153.65
2011-02-26 16:00:00,145.25
2011-02-26 17:00:00,129.42
2011-02-26 18:00:00,107.63
2011-02-26 19:00:00,74.67
2011-02-26 20:00:00,52.75
2011-02-26 21:00:00,43.65
2011-02-26 22:00:00,42.86
2011-02-26 23:00:00,37.63
2011-02-27 00:00:00,36.44
2011-02-27 01:00:00,30.46
2011-02-27 02:00:00,25.57
2011-02-27 03:00:00,13.24
2011-02-27 04:00:00,5.42
2011-02-27 06:00:00,5.54
2011-02-27 07:00:00,14.21
2011-02-27 08:00:00,31.17
2011-02-27 09:00:00,57.15
2011-02-27 10:00:00,93.26
2011-02-27 11:00:00,129.2
2011-02-27 12:00:00,157.11
2011-02-27 13:00:00,163.02
2011-02-27 14:00:00,180.09
2011-02-27 15:00:00,243.93
2011-02-27 16:00:00,259.91
2011-02-27 17:00:00,126.25
2011-02-27 18:00:00,105.42
2011-02-27 19:00:00,78.79
2011-02-27 20:00:00,62.64
2011-02-27 21:00:00,64.55
2011-02-27 22:00:00,47.17
2011-02-27 23:00:00,39.72
2011-02-28 00:00:00,15.83
2011-02-28 01:00:00,5.47
2011-02-28 03:00:00,2.34
2011-02-28 05:00:00,8.98
2011-02-28 06:00:00,47.99
2011-02-28 07:00:00,106.67
2011-02-28 08:00:00,196.74
2011-02-28 09:00:00,132.57
2011-02-28 10:00:00,90.11
2011-02-28 11:00:00,110.82
2011-02-28 12:00:00,124.85
2011-02-28 13:00:00,106.37
2011-02-28 14:00:00,60.4
2011-02-28 15:00:00,58.7
2011-02-28 16:00:00,77.04
2011-02-28 17:00:00,169.08
2011-02-28 18:00:00,192.31
2011-02-28 19:00:00,116.35
2011-02-28 20:00:00,99.22
2011-02-28 21:00:00,81.24
2011-02-28 22:00:00,34.99
2011-02-28 23:00:00,23.57
2011-03-20 00:00:00,40.17
2011-03-20 01:00:00,35.3
2011-03-20 02:00:00,25.54
2011-03-20 03:00:00,14.49
2011-03-20 04:00:00,2.74
2011-03-20 05:00:00,3.08
2011-03-20 06:00:00,4.89
2011-03-20 07:00:00,18.92
2011-03-20 08:00:00,41.78
2011-03-20 09:00:00,72.14
2011-03-20 10:00:00,126.55
2011-03-20 11:00:00,149.84
2011-03-20 12:00:00,164.76
2011-03-20 13:00:00,155.29
2011-03-20 14:00:00,155.63
2011-03-20 15:00:00,168.14
2011-03-20 16:00:00,165.36
2011-03-20 17:00:00,172.64
2011-03-20 18:00:00,152.25
2011-03-20 19:00:00,96.73
2011-03-20 20:00:00,80.19
2011-03-20 21:00:00,54.41
2011-03-20 22:00:00,45.38
2011-03-20 23:00:00,32.21
2011-03-21 00:00:00,15.61
2011-03-21 01:00:00,7.35
2011-03-21 02:00:00,4.2
2011-03-21 03:00:00,2.52
2011-03-21 05:00:00,5.35
2011-03-21 06:00:00,50.35
2011-03-21 07:00:00,89.52
2011-03-21 08:00:00,200.43
2011-03-21 09:00:00,141.27
2011-03-21 10:00:00,88.11
2011-03-21 11:00:00,97.95
2011-03-21 12:00:00,116.85
2011-03-21 13:00:00,121.87
2011-03-21 14:00:00,128.06
2011-03-21 15:00:00,140.36
2011-03-21 16:00:00,201.61
2011-03-21 17:00:00,331.34
2011-03-21 18:00:00,317.05
2011-03-21 19:00:00,256.31
2011-03-21 20:00:00,173.33
2011-03-21 21:00:00,112.77
2011-03-21 22:00:00,92.89
2011-03-21 23:00:00,62.97
2011-03-22 00:00:00,25.18
2011-03-22 01:00:00,7.16
2011-03-22 02:00:00,7.76
2011-03-22 03:00:00,3.92
2011-03-22 04:00:00,3.37
2011-03-22 05:00:00,11.37
2011-03-22 06:00:00,51.24
2011-03-22 07:00:00,134.98
2011-03-22 08:00:00,225.2
2011-03-22 09:00:00,124.47
2011-03-22 10:00:00,112.17
2011-03-22 11:00:00,103.35
2011-03-22 12:00:00,153.3
2011-03-22 13:00:00,120.62
2011-03-22 14:00:00,125.75
2011-03-22 15:00:00,125.48
2011-03-22 16:00:00,200.41
2011-03-22 17:00:00,330.9
2011-03-22 18:00:00,315.52
2011-03-22 19:00:00,170.25
2011-03-22 20:00:00,121.33
2011-03-22 21:00:00,86.39
2011-03-22 22:00:00,61.86
2011-03-22 23:00:00,44.99
2011-03-23 00:00:00,17.66
2011-03-23 01:00:00,7.42
2011-03-23 02:00:00,3.58
2011-03-23 03:00:00,2.8
2011-03-23 05:00:00,6.83
2011-03-23 06:00:00,51.31
2011-03-23 07:00:00,113.79
2011-03-23 08:00:00,211.47
2011-03-23 09:00:00,149.07
2011-03-23 10:00:00,79.78
2011-03-23 11:00:00,75.51
2011-03-23 12:00:00,78.8
2011-03-23 13:00:00,75.03
2011-03-23 14:00:00,91.11
2011-03-23 15:00:00,93.32
2011-03-23 16:00:00,131.5
2011-03-23 17:00:00,232.0
2011-03-23 18:00:00,191.38
2011-03-23 19:00:00,125.53
2011-03-23 20:00:00,94.38
2011-03-23 21:00:00,51.52
2011-03-23 22:00:00,43.79
2011-03-23 23:00:00,28.87
2011-03-24 00:00:00,11.74
2011-03-24 01:00:00,5.89
2011-03-24 02:00:00,3.4
2011-03-24 03:00:00,2.66
2011-03-24 04:00:00,2.4
2011-03-24 05:00:00,5.91
2011-03-24 06:00:00,38.37
2011-03-24 07:00:00,75.18
2011-03-24 08:00:00,96.55
2011-03-24 09:00:00,125.13
2011-03-24 10:00:00,73.4
2011-03-24 11:00:00,89.14
2011-03-24 12:00:00,99.53
2011-03-24 13:00:00,96.97
2011-03-24 14:00:00,96.24
2011-03-24 15:00:00,96.29
2011-03-24 16:00:00,113.05
2011-03-24 17:00:00,201.7
2011-03-24 18:00:00,188.75
2011-03-24 19:00:00,126.13
2011-03-24 20:00:00,92.7
2011-03-24 21:00:00,66.64
2011-03-24 22:00:00,52.56
2011-03-24 23:00:00,35.48
2011-03-25 00:00:00,15.68
2011-03-25 01:00:00,11.53
2011-03-25 02:00:00,3.65
2011-03-25 03:00:00,2.06
2011-03-25 04:00:00,1.75
2011-03-25 05:00:00,6.8
2011-03-25 06:00:00,36.83
2011-03-25 07:00:00,110.16
2011-03-25 08:00:00,214.05
2011-03-25 09:00:00,142.86
2011-03-25 10:00:00,89.86
2011-03-25 11:00:00,95.17
2011-03-25 12:00:00,108.22
2011-03-25 13:00:00,112.13
2011-03-25 14:00:00,124.12
2011-03-25 15:00:00,117.86
2011-03-25 16:00:00,148.51
2011-03-25 17:00:00,212.93
2011-03-25 18:00:00,200.1
2011-03-25 19:00:00,139.06
2011-03-25 20:00:00,90.62
2011-03-25 21:00:00,68.99
2011-03-25 22:00:00,50.8
2011-03-25 23:00:00,36.31
2011-03-26 00:00:00,35.02
2011-03-26 01:00:00,28.18
2011-03-26 02:00:00,18.22
2011-03-26 03:00:00,13.97
2011-03-26 04:00:00,3.94
2011-03-26 05:00:00,3.34
2011-03-26 06:00:00,10.1
2011-03-26 07:00:00,37.09
2011-03-26 08:00:00,71.74
2011-03-26 09:00:00,89.26
2011-03-26 10:00:00,118.52
2011-03-26 11:00:00,127.57
2011-03-26 12:00:00,150.63
2011-03-26 13:00:00,162.77
2011-03-26 14:00:00,176.92
2011-03-26 15:00:00,180.0
2011-03-26 16:00:00,177.32
2011-03-26 17:00:00,174.82
2011-03-26 18:00:00,161.67
2011-03-26 19:00:00,89.66
2011-03-26 20:00:00,67.22
2011-03-26 21:00:00,51.45
2011-03-26 22:00:00,47.59
2011-03-26 23:00:00,34.9
2011-03-27 00:00:00,36.78
2011-03-27 01:00:00,25.64
2011-03-27 02:00:00,19.04
2011-03-27 03:00:00,14.24
2011-03-27 04:00:00,4.77
2011-03-27 06:00:00,9.21
2011-03-27 07:00:00,50.07
2011-03-27 08:00:00,66.71
2011-03-27 09:00:00,75.6
2011-03-27 10:00:00,104.16
2011-03-27 11:00:00,117.78
2011-03-27 12:00:00,132.25
2011-03-27 13:00:00,151.2
2011-03-27 14:00:00,168.95
2011-03-27 15:00:00,171.84
2011-03-27 16:00:00,184.68
2011-03-27 17:00:00,159.96
2011-03-27 18:00:00,134.94
2011-03-27 19:00:00,94.4
2011-03-27 20:00:00,68.35
2011-03-27 21:00:00,45.14
2011-03-27 22:00:00,40.68
2011-03-27 23:00:00,32.99
2011-03-28 00:00:00,13.58
2011-03-28 01:00:00,6.11
2011-03-28 02:00:00,3.65
2011-03-28 03:00:00,1.74
2011-03-28 05:00:00,5.75
2011-03-28 06:00:00,39.89
2011-03-28 07:00:00,122.76
2011-03-28 08:00:00,211.55
2011-03-28 09:00:00,143.79
2011-03-28 10:00:00,91.11
2011-03-28 11:00:00,93.31
2011-03-28 12:00:00,105.99
2011-03-28 13:00:00,108.89
2011-03-28 14:00:00,108.79
2011-03-28 15:00:00,109.17
2011-03-28 16:00:00,147.63
2011-03-28 17:00:00,234.25
2011-03-28 18:00:00,228.56
2011-03-28 19:00:00,152.78
2011-03-28 20:00:00,107.81
2011-03-28 21:00:00,72.79
2011-03-28 22:00:00,49.97
2011-03-28 23:00:00,30.3
2011-03-29 00:00:00,15.74
2011-03-29 01:00:00,4.78
2011-03-29 02:00:00,6.73
2011-03-29 03:00:00,2.7
2011-03-29 04:00:00,1.44
2011-03-29 05:00:00,5.33
2011-03-29 06:00:00,41.12
2011-03-29 07:00:00,122.76
2011-03-29 08:00:00,218.6
2011-03-29 09:00:00,144.36
2011-03-29 10:00:00,97.27
2011-03-29 11:00:00,101.86
2011-03-29 12:00:00,109.2
2011-03-29 13:00:00,108.33
2011-03-29 14:00:00,113.67
2011-03-29 15:00:00,117.2
2011-03-29 16:00:00,148.51
2011-03-29 17:00:00,260.87
2011-03-29 18:00:00,248.02
2011-03-29 19:00:00,160.12
2011-03-29 20:00:00,118.73
2011-03-29 21:00:00,77.79
2011-03-29 22:00:00,56.11
2011-03-29 23:00:00,31.76
2011-03-30 00:00:00,18.64
2011-03-30 01:00:00,9.12
2011-03-30 02:00:00,4.18
2011-03-30 03:00:00,4.57
2011-03-30 04:00:00,2.96
2011-03-30 05:00:00,7.57
2011-03-30 06:00:00,49.22
2011-03-30 07:00:00,135.15
2011-03-30 08:00:00,227.4
2011-03-30 09:00:00,145.68
2011-03-30 10:00:00,88.87
2011-03-30 11:00:00,90.78
2011-03-30 12:00:00,101.17
2011-03-30 13:00:00,109.31
2011-03-30 14:00:00,97.8
2011-03-30 15:00:00,79.82
2011-03-30 16:00:00,83.11
2011-03-30 17:00:00,171.39
2011-03-30 18:00:00,164.96
2011-03-30 19:00:00,108.36
2011-03-30 20:00:00,73.19
2011-03-30 21:00:00,61.43
2011-03-30 22:00:00,36.05
2011-03-30 23:00:00,29.13
2011-03-31 00:00:00,6.59
2011-03-31 01:00:00,5.88
2011-03-31 02:00:00,3.94
2011-03-31 03:00:00,2.45
2011-03-31 04:00:00,2.23
2011-03-31 05:00:00,5.76
2011-03-31 06:00:00,31.64
2011-03-31 07:00:00,94.83
2011-03-31 08:00:00,145.99
2011-03-31 09:00:00,99.4
2011-03-31 10:00:00,63.11
2011-03-31 11:00:00,62.68
2011-03-31 12:00:00,62.75
2011-03-31 13:00:00,65.8
2011-03-31 14:00:00,63.93
2011-03-31 15:00:00,59.33
2011-03-31 16:00:00,107.26
2011-03-31 17:00:00,194.31
2011-03-31 18:00:00,192.13
2011-03-31 19:00:00,121.7
2011-03-31 20:00:00,74.42
2011-03-31 21:00:00,67.32
2011-03-31 22:00:00,37.03
2011-03-31 23:00:00,34.41
2011-04-20 00:00:00,28.65
2011-04-20 01:00:00,6.75
2011-04-20 02:00:00,6.89
2011-04-20 03:00:00,4.08
2011-04-20 04:00:00,5.15
2011-04-20 05:00:00,10.57
2011-04-20 06:00:00,54.31
2011-04-20 07:00:00,165.49
2011-04-20 08:00:00,382.5
2011-04-20 09:00:00,159.45
2011-04-20 10:00:00,113.27
2011-04-20 11:00:00,118.05
2011-04-20 12:00:00,142.54
2011-04-20 13:00:00,142.82
2011-04-20 14:00:00,140.18
2011-04-20 15:00:00,142.57
2011-04-20 16:00:00,225.82
2011-04-20 17:00:00,359.04
2011-04-20 18:00:00,361.08
2011-04-20 19:00:00,305.01
2011-04-20 20:00:00,224.85
2011-04-20 21:00:00,166.12
2011-04-20 22:00:00,122.6
2011-04-20 23:00:00,74.38
2011-04-21 00:00:00,31.64
2011-04-21 01:00:00,16.72
2011-04-21 02:00:00,12.29
2011-04-21 03:00:00,5.38
2011-04-21 04:00:00,4.13
2011-04-21 05:00:00,7.64
2011-04-21 06:00:00,52.77
2011-04-21 07:00:00,168.85
2011-04-21 08:00:00,211.57
2011-04-21 09:00:00,164.79
2011-04-21 10:00:00,125.4
2011-04-21 11:00:00,149.32
2011-04-21 12:00:00,165.02
2011-04-21 13:00:00,149.28
2011-04-21 14:00:00,126.73
2011-04-21 15:00:00,127.0
2011-04-21 16:00:00,217.75
2011-04-21 17:00:00,331.1
2011-04-21 18:00:00,304.83
2011-04-21 19:00:00,224.34
2011-04-21 20:00:00,145.75
2011-04-21 21:00:00,100.58
2011-04-21 22:00:00,77.19
2011-04-21 23:00:00,50.45
2011-04-22 00:00:00,27.02
2011-04-22 01:00:00,21.78
2011-04-22 02:00:00,7.71
2011-04-22 03:00:00,5.3
2011-04-22 04:00:00,4.12
2011-04-22 05:00:00,7.54
2011-04-22 06:00:00,58.98
2011-04-22 07:00:00,115.13
2011-04-22 08:00:00,192.87
2011-04-22 09:00:00,123.01
2011-04-22 10:00:00,124.14
2011-04-22 11:00:00,72.3
2011-04-22 12:00:00,83.68
2011-04-22 13:00:00,43.72
2011-04-22 14:00:00,30.88
2011-04-22 15:00:00,45.06
2011-04-22 16:00:00,89.24
2011-04-22 17:00:00,162.5
2011-04-22 18:00:00,153.69
2011-04-22 19:00:00,106.54
2011-04-22 20:00:00,83.52
2011-04-22 21:00:00,58.45
2011-04-22 22:00:00,42.71
2011-04-22 23:00:00,47.46
2011-04-23 00:00:00,35.52
2011-04-23 01:00:00,30.31
2011-04-23 02:00:00,27.23
2011-04-23 03:00:00,18.53
2011-04-23 04:00:00,6.59
2011-04-23 05:00:00,6.78
2011-04-23 06:00:00,15.12
2011-04-23 07:00:00,49.84
2011-04-23 08:00:00,53.56
2011-04-23 09:00:00,76.6
2011-04-23 10:00:00,149.95
2011-04-23 11:00:00,133.31
2011-04-23 12:00:00,166.88
2011-04-23 13:00:00,180.46
2011-04-23 14:00:00,234.03
2011-04-23 15:00:00,263.1
2011-04-23 16:00:00,269.33
2011-04-23 17:00:00,300.4
2011-04-23 18:00:00,266.04
2011-04-23 19:00:00,213.16
2011-04-23 20:00:00,148.13
2011-04-23 21:00:00,129.03
2011-04-23 22:00:00,114.61
2011-04-23 23:00:00,84.62
2011-04-24 00:00:00,46.75
2011-04-24 01:00:00,37.56
2011-04-24 02:00:00,38.45
2011-04-24 03:00:00,26.79
2011-04-24 04:00:00,9.31
2011-04-24 05:00:00,9.43
2011-04-24 06:00:00,16.16
2011-04-24 07:00:00,71.74
2011-04-24 08:00:00,120.08
2011-04-24 09:00:00,160.64
2011-04-24 10:00:00,249.58
2011-04-24 11:00:00,319.72
2011-04-24 12:00:00,331.28
2011-04-24 13:00:00,331.54
2011-04-24 14:00:00,336.52
2011-04-24 15:00:00,344.02
2011-04-24 16:00:00,340.18
2011-04-24 17:00:00,338.46666666666664
2011-04-24 18:00:00,323.5
2011-04-24 19:00:00,208.53
2011-04-24 20:00:00,150.65
2011-04-24 21:00:00,90.55
2011-04-24 22:00:00,67.19
2011-04-24 23:00:00,71.54
2011-04-25 00:00:00,20.52
2011-04-25 01:00:00,10.91
2011-04-25 02:00:00,8.44
2011-04-25 03:00:00,4.91
2011-04-25 04:00:00,5.02
2011-04-25 05:00:00,11.31
2011-04-25 06:00:00,56.05
2011-04-25 07:00:00,199.58
2011-04-25 08:00:00,330.28
2011-04-25 09:00:00,153.9
2011-04-25 10:00:00,110.14
2011-04-25 11:00:00,112.24
2011-04-25 12:00:00,135.49
2011-04-25 13:00:00,149.2
2011-04-25 14:00:00,151.63
2011-04-25 15:00:00,155.02
2011-04-25 16:00:00,231.82
2011-04-25 17:00:00,396.98
2011-04-25 18:00:00,388.23
2011-04-25 19:00:00,292.48
2011-04-25 20:00:00,224.3
2011-04-25 21:00:00,161.45
2011-04-25 22:00:00,101.27
2011-04-25 23:00:00,57.96
2011-04-26 00:00:00,26.65
2011-04-26 01:00:00,11.44
2011-04-26 02:00:00,6.63
2011-04-26 03:00:00,4.76
2011-04-26 04:00:00,5.09
2011-04-26 05:00:00,10.88
2011-04-26 06:00:00,56.43
2011-04-26 07:00:00,223.65
2011-04-26 08:00:00,339.87
2011-04-26 09:00:00,151.6
2011-04-26 10:00:00,107.02
2011-04-26 11:00:00,114.45
2011-04-26 12:00:00,133.36
2011-04-26 13:00:00,143.93
2011-04-26 14:00:00,147.39
2011-04-26 15:00:00,141.43
2011-04-26 16:00:00,230.45
2011-04-26 17:00:00,392.56
2011-04-26 18:00:00,385.06
2011-04-26 19:00:00,290.87
2011-04-26 20:00:00,200.33
2011-04-26 21:00:00,166.1
2011-04-26 22:00:00,124.43
2011-04-26 23:00:00,60.71
2011-04-27 00:00:00,28.54
2011-04-27 01:00:00,13.44
2011-04-27 02:00:00,7.19
2011-04-27 03:00:00,4.0
2011-04-27 04:00:00,4.91
2011-04-27 05:00:00,10.27
2011-04-27 06:00:00,54.62
2011-04-27 07:00:00,217.56
2011-04-27 08:00:00,341.84
2011-04-27 09:00:00,152.93
2011-04-27 10:00:00,99.16
2011-04-27 11:00:00,99.17
2011-04-27 12:00:00,123.56
2011-04-27 13:00:00,118.14
2011-04-27 14:00:00,132.57
2011-04-27 15:00:00,136.34
2011-04-27 16:00:00,224.24
2011-04-27 17:00:00,310.98
2011-04-27 18:00:00,307.88
2011-04-27 19:00:00,272.06
2011-04-27 20:00:00,184.93
2011-04-27 21:00:00,126.29
2011-04-27 22:00:00,86.18
2011-04-27 23:00:00,61.05
2011-04-28 00:00:00,32.68
2011-04-28 01:00:00,19.19
2011-04-28 02:00:00,9.75
2011-04-28 03:00:00,5.74
2011-04-28 04:00:00,4.55
2011-04-28 05:00:00,9.61
2011-04-28 06:00:00,56.21
2011-04-28 07:00:00,214.93
2011-04-28 08:00:00,377.65
2011-04-28 09:00:00,145.51
2011-04-28 10:00:00,97.87
2011-04-28 11:00:00,103.45
2011-04-28 12:00:00,122.7
2011-04-28 13:00:00,115.01
2011-04-28 14:00:00,118.65
2011-04-28 15:00:00,139.98
2011-04-28 16:00:00,218.48
2011-04-28 17:00:00,356.93
2011-04-28 18:00:00,346.47
2011-04-28 19:00:00,266.89
2011-04-28 20:00:00,166.09
2011-04-28 21:00:00,149.99
2011-04-28 22:00:00,121.94
2011-04-28 23:00:00,87.91
2011-04-29 00:00:00,43.09
2011-04-29 01:00:00,27.99
2011-04-29 02:00:00,11.46
2011-04-29 03:00:00,5.7
2011-04-29 04:00:00,5.31
2011-04-29 05:00:00,12.81
2011-04-29 06:00:00,58.79
2011-04-29 07:00:00,211.29
2011-04-29 08:00:00,371.47
2011-04-29 09:00:00,187.05
2011-04-29 10:00:00,152.73
2011-04-29 11:00:00,172.19
2011-04-29 12:00:00,201.68
2011-04-29 13:00:00,201.09
2011-04-29 14:00:00,204.12
2011-04-29 15:00:00,196.31
2011-04-29 16:00:00,264.31
2011-04-29 17:00:00,317.64
2011-04-29 18:00:00,319.69
2011-04-29 19:00:00,220.31
2011-04-29 20:00:00,149.66
2011-04-29 21:00:00,120.57
2011-04-29 22:00:00,78.27
2011-04-29 23:00:00,58.25
2011-04-30 00:00:00,39.02
2011-04-30 01:00:00,33.73
2011-04-30 02:00:00,32.66
2011-04-30 03:00:00,17.28
2011-04-30 04:00:00,5.22
2011-04-30 05:00:00,4.89
2011-04-30 06:00:00,16.31
2011-04-30 07:00:00,77.66
2011-04-30 08:00:00,109.87
2011-04-30 09:00:00,168.8
2011-04-30 10:00:00,249.51
2011-04-30 11:00:00,278.21
2011-04-30 12:00:00,277.59
2011-04-30 13:00:00,302.22
2011-04-30 14:00:00,305.35
2011-04-30 15:00:00,307.56
2011-04-30 16:00:00,302.31
2011-04-30 17:00:00,308.605
2011-04-30 18:00:00,284.47
2011-04-30 19:00:00,221.6
2011-04-30 20:00:00,123.56
2011-04-30 21:00:00,89.31
2011-04-30 22:00:00,71.23
2011-04-30 23:00:00,60.21
2011-05-20 00:00:00,34.87
2011-05-20 01:00:00,23.43
2011-05-20 02:00:00,13.67
2011-05-20 03:00:00,5.25
2011-05-20 04:00:00,4.45
2011-05-20 05:00:00,27.06
2011-05-20 06:00:00,91.82
2011-05-20 07:00:00,276.41
2011-05-20 08:00:00,458.4
2011-05-20 09:00:00,209.53
2011-05-20 10:00:00,173.9
2011-05-20 11:00:00,174.24
2011-05-20 12:00:00,253.85
2011-05-20 13:00:00,239.56
2011-05-20 14:00:00,241.48
2011-05-20 15:00:00,257.36
2011-05-20 16:00:00,363.17
2011-05-20 17:00:00,513.9
2011-05-20 18:00:00,476.14
2011-05-20 19:00:00,326.18
2011-05-20 20:00:00,222.03
2011-05-20 21:00:00,186.72
2011-05-20 22:00:00,148.58
2011-05-20 23:00:00,112.6
2011-05-21 00:00:00,105.68
2011-05-21 01:00:00,73.86
2011-05-21 02:00:00,58.28
2011-05-21 03:00:00,26.82
2011-05-21 04:00:00,8.01
2011-05-21 05:00:00,8.66
2011-05-21 06:00:00,18.51
2011-05-21 07:00:00,49.39
2011-05-21 08:00:00,93.91
2011-05-21 09:00:00,192.27
2011-05-21 10:00:00,280.47
2011-05-21 11:00:00,369.19
2011-05-21 12:00:00,392.54
2011-05-21 13:00:00,401.45
2011-05-21 14:00:00,401.87
2011-05-21 15:00:00,401.42
2011-05-21 16:00:00,394.29
2011-05-21 17:00:00,349.865
2011-05-21 18:00:00,337.76
2011-05-21 19:00:00,323.33
2011-05-21 20:00:00,211.37
2011-05-21 21:00:00,197.42
2011-05-21 22:00:00,145.62
2011-05-21 23:00:00,106.41
2011-05-22 00:00:00,108.9
2011-05-22 01:00:00,70.51
2011-05-22 02:00:00,55.62
2011-05-22 03:00:00,29.9
2011-05-22 04:00:00,11.16
2011-05-22 05:00:00,11.61
2011-05-22 06:00:00,12.21
2011-05-22 07:00:00,48.97
2011-05-22 08:00:00,83.68
2011-05-22 09:00:00,169.01
2011-05-22 10:00:00,271.39
2011-05-22 11:00:00,368.58
2011-05-22 12:00:00,383.16
2011-05-22 13:00:00,399.51
2011-05-22 14:00:00,328.24
2011-05-22 15:00:00,393.48
2011-05-22 16:00:00,373.21
2011-05-22 17:00:00,365.1125
2011-05-22 18:00:00,357.6383333333334
2011-05-22 19:00:00,302.14
2011-05-22 20:00:00,226.25
2011-05-22 21:00:00,184.5
2011-05-22 22:00:00,126.73
2011-05-22 23:00:00,80.1
2011-05-23 00:00:00,30.06
2011-05-23 01:00:00,13.29
2011-05-23 02:00:00,7.78
2011-05-23 03:00:00,4.33
2011-05-23 04:00:00,4.53
2011-05-23 05:00:00,20.08
2011-05-23 06:00:00,100.36
2011-05-23 07:00:00,289.15
2011-05-23 08:00:00,386.99
2011-05-23 09:00:00,184.94
2011-05-23 10:00:00,120.62
2011-05-23 11:00:00,135.89
2011-05-23 12:00:00,181.73
2011-05-23 13:00:00,177.06
2011-05-23 14:00:00,163.48
2011-05-23 15:00:00,161.7
2011-05-23 16:00:00,284.31
2011-05-23 17:00:00,479.22
2011-05-23 18:00:00,495.92
2011-05-23 19:00:00,366.37
2011-05-23 20:00:00,218.36
2011-05-23 21:00:00,135.81
2011-05-23 22:00:00,117.92
2011-05-23 23:00:00,64.35
2011-05-24 00:00:00,25.22
2011-05-24 01:00:00,11.07
2011-05-24 02:00:00,8.92
2011-05-24 03:00:00,4.35
2011-05-24 04:00:00,5.05
2011-05-24 05:00:00,20.09
2011-05-24 06:00:00,105.4
2011-05-24 07:00:00,169.97
2011-05-24 08:00:00,239.93
2011-05-24 09:00:00,204.11
2011-05-24 10:00:00,117.83
2011-05-24 11:00:00,148.57
2011-05-24 12:00:00,179.81
2011-05-24 13:00:00,188.74
2011-05-24 14:00:00,166.72
2011-05-24 15:00:00,172.24
2011-05-24 16:00:00,294.29
2011-05-24 17:00:00,455.49
2011-05-24 18:00:00,522.86
2011-05-24 19:00:00,352.59
2011-05-24 20:00:00,280.22
2011-05-24 21:00:00,217.92
2011-05-24 22:00:00,69.06
2011-05-24 23:00:00,64.89
2011-05-25 00:00:00,25.48
2011-05-25 01:00:00,12.43
2011-05-25 02:00:00,9.14
2011-05-25 03:00:00,4.26
2011-05-25 04:00:00,4.56
2011-05-25 05:00:00,26.23
2011-05-25 06:00:00,102.53
2011-05-25 07:00:00,334.36
2011-05-25 08:00:00,440.61
2011-05-25 09:00:00,213.72
2011-05-25 10:00:00,124.98
2011-05-25 11:00:00,152.81
2011-05-25 12:00:00,194.3
2011-05-25 13:00:00,173.64
2011-05-25 14:00:00,163.03
2011-05-25 15:00:00,168.15
2011-05-25 16:00:00,284.56
2011-05-25 17:00:00,532.95
2011-05-25 18:00:00,497.74
2011-05-25 19:00:00,380.01
2011-05-25 20:00:00,292.84
2011-05-25 21:00:00,214.67
2011-05-25 22:00:00,142.08
2011-05-25 23:00:00,76.74
2011-05-26 00:00:00,38.06
2011-05-26 01:00:00,19.19
2011-05-26 02:00:00,10.08
2011-05-26 03:00:00,4.53
2011-05-26 04:00:00,4.84
2011-05-26 05:00:00,21.48
2011-05-26 06:00:00,99.24
2011-05-26 07:00:00,270.88
2011-05-26 08:00:00,439.32
2011-05-26 09:00:00,204.83
2011-05-26 10:00:00,116.73
2011-05-26 11:00:00,151.12
2011-05-26 12:00:00,181.95
2011-05-26 13:00:00,168.94
2011-05-26 14:00:00,160.78
2011-05-26 15:00:00,160.88
2011-05-26 16:00:00,285.93
2011-05-26 17:00:00,518.7
2011-05-26 18:00:00,463.64
2011-05-26 19:00:00,360.72
2011-05-26 20:00:00,287.42
2011-05-26 21:00:00,209.59
2011-05-26 22:00:00,156.82
2011-05-26 23:00:00,123.7
2011-05-27 00:00:00,60.38
2011-05-27 01:00:00,25.94
2011-05-27 02:00:00,17.39
2011-05-27 03:00:00,5.97
2011-05-27 04:00:00,6.36
2011-05-27 05:00:00,26.41
2011-05-27 06:00:00,101.3
2011-05-27 07:00:00,292.88
2011-05-27 08:00:00,452.71
2011-05-27 09:00:00,219.48
2011-05-27 10:00:00,160.78
2011-05-27 11:00:00,170.84
2011-05-27 12:00:00,219.33
2011-05-27 13:00:00,233.36
2011-05-27 14:00:00,221.97
2011-05-27 15:00:00,224.14
2011-05-27 16:00:00,337.77
2011-05-27 17:00:00,513.75
2011-05-27 18:00:00,452.33
2011-05-27 19:00:00,311.58
2011-05-27 20:00:00,208.38
2011-05-27 21:00:00,181.09
2011-05-27 22:00:00,143.2
2011-05-27 23:00:00,102.46
2011-05-28 00:00:00,106.56
2011-05-28 01:00:00,79.41
2011-05-28 02:00:00,57.02
2011-05-28 03:00:00,30.72
2011-05-28 04:00:00,9.88
2011-05-28 05:00:00,10.12
2011-05-28 06:00:00,21.21
2011-05-28 07:00:00,48.31
2011-05-28 08:00:00,103.51
2011-05-28 09:00:00,190.8
2011-05-28 10:00:00,289.74
2011-05-28 11:00:00,358.55
2011-05-28 12:00:00,380.33
2011-05-28 13:00:00,380.8
2011-05-28 14:00:00,385.5
2011-05-28 15:00:00,415.63
2011-05-28 16:00:00,384.47
2011-05-28 17:00:00,378.32300000000004
2011-05-28 18:00:00,350.03
2011-05-28 19:00:00,311.76
2011-05-28 20:00:00,264.65
2011-05-28 21:00:00,188.16
2011-05-28 22:00:00,156.27
2011-05-28 23:00:00,107.35
2011-05-29 00:00:00,109.36
2011-05-29 01:00:00,82.67
2011-05-29 02:00:00,57.31
2011-05-29 03:00:00,28.41
2011-05-29 04:00:00,11.05
2011-05-29 05:00:00,10.78
2011-05-29 06:00:00,14.7
2011-05-29 07:00:00,34.62
2011-05-29 08:00:00,87.93
2011-05-29 09:00:00,146.81
2011-05-29 10:00:00,225.55
2011-05-29 11:00:00,248.36
2011-05-29 12:00:00,337.56
2011-05-29 13:00:00,387.12
2011-05-29 14:00:00,372.89
2011-05-29 15:00:00,380.77
2011-05-29 16:00:00,363.82
2011-05-29 17:00:00,340.9496666666666
2011-05-29 18:00:00,261.105
2011-05-29 19:00:00,272.28
2011-05-29 20:00:00,228.81
2011-05-29 21:00:00,166.62
2011-05-29 22:00:00,124.96
2011-05-29 23:00:00,92.56
2011-05-30 00:00:00,68.78
2011-05-30 01:00:00,47.5
2011-05-30 02:00:00,41.12
2011-05-30 03:00:00,21.48
2011-05-30 04:00:00,16.07
2011-05-30 05:00:00,9.0
2011-05-30 06:00:00,66.48
2011-05-30 07:00:00,75.11
2011-05-30 08:00:00,172.76
2011-05-30 09:00:00,191.42
2011-05-30 10:00:00,291.56
2011-05-30 11:00:00,349.31
2011-05-30 12:00:00,369.4
2011-05-30 13:00:00,370.89
2011-05-30 14:00:00,360.74
2011-05-30 15:00:00,362.5
2011-05-30 16:00:00,363.8
2011-05-30 17:00:00,460.72
2011-05-30 18:00:00,442.26
2011-05-30 19:00:00,306.7
2011-05-30 20:00:00,301.42
2011-05-30 21:00:00,352.52
2011-05-30 22:00:00,147.99
2011-05-30 23:00:00,78.25
2011-05-31 00:00:00,27.63
2011-05-31 01:00:00,15.27
2011-05-31 02:00:00,7.92
2011-05-31 03:00:00,4.02
2011-05-31 04:00:00,5.93
2011-05-31 05:00:00,25.06
2011-05-31 06:00:00,103.85
2011-05-31 07:00:00,310.02
2011-05-31 08:00:00,438.97
2011-05-31 09:00:00,192.8
2011-05-31 10:00:00,117.88
2011-05-31 11:00:00,126.32
2011-05-31 12:00:00,160.91
2011-05-31 13:00:00,148.58
2011-05-31 14:00:00,141.44
2011-05-31 15:00:00,140.31
2011-05-31 16:00:00,234.8
2011-05-31 17:00:00,518.05
2011-05-31 18:00:00,504.55
2011-05-31 19:00:00,367.14
2011-05-31 20:00:00,283.39
2011-05-31 21:00:00,221.55
2011-05-31 22:00:00,141.06
2011-05-31 23:00:00,66.92
2011-06-20 00:00:00,31.26
2011-06-20 01:00:00,14.13
2011-06-20 02:00:00,7.84
2011-06-20 03:00:00,4.4
2011-06-20 04:00:00,4.71
2011-06-20 05:00:00,19.54
2011-06-20 06:00:00,83.4
2011-06-20 07:00:00,132.88
2011-06-20 08:00:00,230.02
2011-06-20 09:00:00,192.71
2011-06-20 10:00:00,112.21
2011-06-20 11:00:00,124.07
2011-06-20 12:00:00,178.7
2011-06-20 13:00:00,176.93
2011-06-20 14:00:00,167.48
2011-06-20 15:00:00,166.79
2011-06-20 16:00:00,287.96
2011-06-20 17:00:00,562.94
2011-06-20 18:00:00,531.47
2011-06-20 19:00:00,374.85
2011-06-20 20:00:00,297.69
2011-06-20 21:00:00,209.93
2011-06-20 22:00:00,125.14
2011-06-20 23:00:00,72.73
2011-06-21 00:00:00,31.21
2011-06-21 01:00:00,11.05
2011-06-21 02:00:00,5.43
2011-06-21 03:00:00,5.08
2011-06-21 04:00:00,4.54
2011-06-21 05:00:00,20.83
2011-06-21 06:00:00,115.69
2011-06-21 07:00:00,283.12
2011-06-21 08:00:00,423.57
2011-06-21 09:00:00,186.11
2011-06-21 10:00:00,101.18
2011-06-21 11:00:00,117.21
2011-06-21 12:00:00,173.86
2011-06-21 13:00:00,175.65
2011-06-21 14:00:00,160.34
2011-06-21 15:00:00,163.02
2011-06-21 16:00:00,284.04
2011-06-21 17:00:00,553.05
2011-06-21 18:00:00,532.42
2011-06-21 19:00:00,347.71
2011-06-21 20:00:00,225.22
2011-06-21 21:00:00,232.78
2011-06-21 22:00:00,150.88
2011-06-21 23:00:00,75.06
2011-06-22 00:00:00,33.6
2011-06-22 01:00:00,15.04
2011-06-22 02:00:00,13.53
2011-06-22 03:00:00,5.56
2011-06-22 04:00:00,5.03
2011-06-22 05:00:00,27.03
2011-06-22 06:00:00,109.87
2011-06-22 07:00:00,303.04
2011-06-22 08:00:00,436.23
2011-06-22 09:00:00,193.02
2011-06-22 10:00:00,123.03
2011-06-22 11:00:00,143.27
2011-06-22 12:00:00,169.19
2011-06-22 13:00:00,161.11
2011-06-22 14:00:00,156.3
2011-06-22 15:00:00,156.75
2011-06-22 16:00:00,264.1
2011-06-22 17:00:00,484.93
2011-06-22 18:00:00,491.69
2011-06-22 19:00:00,373.74
2011-06-22 20:00:00,283.48
2011-06-22 21:00:00,231.59
2011-06-22 22:00:00,159.66
2011-06-22 23:00:00,88.23
2011-06-23 00:00:00,39.41
2011-06-23 01:00:00,21.28
2011-06-23 02:00:00,10.57
2011-06-23 03:00:00,5.44
2011-06-23 04:00:00,5.91
2011-06-23 05:00:00,24.55
2011-06-23 06:00:00,114.32
2011-06-23 07:00:00,315.9
2011-06-23 08:00:00,434.8
2011-06-23 09:00:00,202.67
2011-06-23 10:00:00,123.61
2011-06-23 11:00:00,149.16
2011-06-23 12:00:00,188.91
2011-06-23 13:00:00,174.4
2011-06-23 14:00:00,159.38
2011-06-23 15:00:00,167.31
2011-06-23 16:00:00,288.8
2011-06-23 17:00:00,495.68
2011-06-23 18:00:00,495.58
2011-06-23 19:00:00,361.14
2011-06-23 20:00:00,288.68
2011-06-23 21:00:00,225.21
2011-06-23 22:00:00,163.73
2011-06-23 23:00:00,121.75
2011-06-24 00:00:00,63.23
2011-06-24 01:00:00,22.87
2011-06-24 02:00:00,11.49
2011-06-24 03:00:00,6.17
2011-06-24 04:00:00,5.9
2011-06-24 05:00:00,25.29
2011-06-24 06:00:00,101.29
2011-06-24 07:00:00,285.49
2011-06-24 08:00:00,447.76
2011-06-24 09:00:00,222.13
2011-06-24 10:00:00,144.7
2011-06-24 11:00:00,164.53
2011-06-24 12:00:00,217.68
2011-06-24 13:00:00,230.61
2011-06-24 14:00:00,227.31
2011-06-24 15:00:00,203.3
2011-06-24 16:00:00,359.16
2011-06-24 17:00:00,553.41
2011-06-24 18:00:00,505.95
2011-06-24 19:00:00,370.53
2011-06-24 20:00:00,280.29
2011-06-24 21:00:00,237.04
2011-06-24 22:00:00,187.94
2011-06-24 23:00:00,146.7
2011-06-25 00:00:00,118.32
2011-06-25 01:00:00,81.28
2011-06-25 02:00:00,57.14
2011-06-25 03:00:00,34.55
2011-06-25 04:00:00,10.75
2011-06-25 05:00:00,10.61
2011-06-25 06:00:00,34.34
2011-06-25 07:00:00,53.86
2011-06-25 08:00:00,130.44
2011-06-25 09:00:00,211.93
2011-06-25 10:00:00,294.92
2011-06-25 11:00:00,377.42
2011-06-25 12:00:00,430.96
2011-06-25 13:00:00,426.99
2011-06-25 14:00:00,418.07
2011-06-25 15:00:00,419.31
2011-06-25 16:00:00,391.1
2011-06-25 17:00:00,399.51016666666663
2011-06-25 18:00:00,398.5266666666667
2011-06-25 19:00:00,352.61
2011-06-25 20:00:00,273.11
2011-06-25 21:00:00,234.27
2011-06-25 22:00:00,187.65
2011-06-25 23:00:00,123.23
2011-06-26 00:00:00,109.61
2011-06-26 01:00:00,87.03
2011-06-26 02:00:00,69.43
2011-06-26 03:00:00,33.99
2011-06-26 04:00:00,11.95
2011-06-26 05:00:00,11.95
2011-06-26 06:00:00,32.55
2011-06-26 07:00:00,47.26
2011-06-26 08:00:00,114.02
2011-06-26 09:00:00,176.96
2011-06-26 10:00:00,285.67
2011-06-26 11:00:00,373.12
2011-06-26 12:00:00,404.39
2011-06-26 13:00:00,400.11
2011-06-26 14:00:00,396.99
2011-06-26 15:00:00,402.01
2011-06-26 16:00:00,380.15
2011-06-26 17:00:00,355.4775
2011-06-26 18:00:00,351.9083333333333
2011-06-26 19:00:00,333.69
2011-06-26 20:00:00,236.72
2011-06-26 21:00:00,196.66
2011-06-26 22:00:00,179.58
2011-06-26 23:00:00,93.52
2011-06-27 00:00:00,31.19
2011-06-27 01:00:00,10.03
2011-06-27 02:00:00,12.54
2011-06-27 03:00:00,5.78
2011-06-27 04:00:00,5.24
2011-06-27 05:00:00,21.85
2011-06-27 06:00:00,113.51
2011-06-27 07:00:00,297.18
2011-06-27 08:00:00,391.93
2011-06-27 09:00:00,202.16
2011-06-27 10:00:00,118.23
2011-06-27 11:00:00,143.54
2011-06-27 12:00:00,182.94
2011-06-27 13:00:00,170.14
2011-06-27 14:00:00,168.61
2011-06-27 15:00:00,163.61
2011-06-27 16:00:00,282.21
2011-06-27 17:00:00,559.35
2011-06-27 18:00:00,542.08
2011-06-27 19:00:00,389.1
2011-06-27 20:00:00,304.31
2011-06-27 21:00:00,218.0
2011-06-27 22:00:00,124.82
2011-06-27 23:00:00,84.36
2011-06-28 00:00:00,29.24
2011-06-28 01:00:00,18.27
2011-06-28 02:00:00,9.4
2011-06-28 03:00:00,5.84
2011-06-28 04:00:00,4.91
2011-06-28 05:00:00,24.76
2011-06-28 06:00:00,109.62
2011-06-28 07:00:00,302.78
2011-06-28 08:00:00,430.1
2011-06-28 09:00:00,198.34
2011-06-28 10:00:00,119.94
2011-06-28 11:00:00,139.87
2011-06-28 12:00:00,169.33
2011-06-28 13:00:00,168.35
2011-06-28 14:00:00,153.71
2011-06-28 15:00:00,159.13
2011-06-28 16:00:00,248.33
2011-06-28 17:00:00,466.15
2011-06-28 18:00:00,473.97
2011-06-28 19:00:00,349.37
2011-06-28 20:00:00,299.97
2011-06-28 21:00:00,223.44
2011-06-28 22:00:00,132.37
2011-06-28 23:00:00,87.61
2011-06-29 00:00:00,32.35
2011-06-29 01:00:00,16.68
2011-06-29 02:00:00,7.48
2011-06-29 03:00:00,5.19
2011-06-29 04:00:00,5.83
2011-06-29 05:00:00,24.08
2011-06-29 06:00:00,104.87
2011-06-29 07:00:00,307.46
2011-06-29 08:00:00,455.69
2011-06-29 09:00:00,199.68
2011-06-29 10:00:00,119.1
2011-06-29 11:00:00,158.85
2011-06-29 12:00:00,210.8
2011-06-29 13:00:00,187.26
2011-06-29 14:00:00,157.07
2011-06-29 15:00:00,167.43
2011-06-29 16:00:00,290.99
2011-06-29 17:00:00,555.75
2011-06-29 18:00:00,540.48
2011-06-29 19:00:00,377.96
2011-06-29 20:00:00,304.77
2011-06-29 21:00:00,237.31
2011-06-29 22:00:00,171.14
2011-06-29 23:00:00,91.72
2011-06-30 00:00:00,45.63
2011-06-30 01:00:00,19.7
2011-06-30 02:00:00,10.53
2011-06-30 03:00:00,6.08
2011-06-30 04:00:00,6.25
2011-06-30 05:00:00,27.07
2011-06-30 06:00:00,112.71
2011-06-30 07:00:00,323.75
2011-06-30 08:00:00,459.73
2011-06-30 09:00:00,201.44
2011-06-30 10:00:00,124.23
2011-06-30 11:00:00,163.31
2011-06-30 12:00:00,214.14
2011-06-30 13:00:00,196.94
2011-06-30 14:00:00,158.58
2011-06-30 15:00:00,179.64
2011-06-30 16:00:00,276.51
2011-06-30 17:00:00,562.04
2011-06-30 18:00:00,549.91
2011-06-30 19:00:00,382.9
2011-06-30 20:00:00,304.18
2011-06-30 21:00:00,235.16
2011-06-30 22:00:00,179.72
2011-06-30 23:00:00,129.13
2011-07-20 00:00:00,30.17
2011-07-20 01:00:00,14.77
2011-07-20 02:00:00,5.97
2011-07-20 03:00:00,6.23
2011-07-20 04:00:00,6.67
2011-07-20 05:00:00,27.1
2011-07-20 06:00:00,127.64
2011-07-20 07:00:00,305.94
2011-07-20 08:00:00,424.29
2011-07-20 09:00:00,200.26
2011-07-20 10:00:00,124.57
2011-07-20 11:00:00,134.21
2011-07-20 12:00:00,172.88
2011-07-20 13:00:00,163.56
2011-07-20 14:00:00,156.92
2011-07-20 15:00:00,157.57
2011-07-20 16:00:00,251.61
2011-07-20 17:00:00,510.18
2011-07-20 18:00:00,502.11
2011-07-20 19:00:00,367.75
2011-07-20 20:00:00,290.95
2011-07-20 21:00:00,228.71
2011-07-20 22:00:00,159.44
2011-07-20 23:00:00,107.07
2011-07-21 00:00:00,42.83
2011-07-21 01:00:00,20.06
2011-07-21 02:00:00,8.02
2011-07-21 03:00:00,5.88
2011-07-21 04:00:00,5.36
2011-07-21 05:00:00,21.23
2011-07-21 06:00:00,123.52
2011-07-21 07:00:00,303.87
2011-07-21 08:00:00,438.13
2011-07-21 09:00:00,202.03
2011-07-21 10:00:00,114.76
2011-07-21 11:00:00,129.24
2011-07-21 12:00:00,154.51
2011-07-21 13:00:00,154.18
2011-07-21 14:00:00,138.84
2011-07-21 15:00:00,140.73
2011-07-21 16:00:00,242.29
2011-07-21 17:00:00,466.35
2011-07-21 18:00:00,458.61
2011-07-21 19:00:00,368.21
2011-07-21 20:00:00,284.76
2011-07-21 21:00:00,225.63
2011-07-21 22:00:00,167.44
2011-07-21 23:00:00,126.42
2011-07-22 00:00:00,54.29
2011-07-22 01:00:00,29.31
2011-07-22 02:00:00,18.72
2011-07-22 03:00:00,6.98
2011-07-22 04:00:00,7.44
2011-07-22 05:00:00,25.1
2011-07-22 06:00:00,105.47
2011-07-22 07:00:00,283.87
2011-07-22 08:00:00,450.1
2011-07-22 09:00:00,222.13
2011-07-22 10:00:00,162.82
2011-07-22 11:00:00,170.24
2011-07-22 12:00:00,216.28
2011-07-22 13:00:00,220.0
2011-07-22 14:00:00,217.76
2011-07-22 15:00:00,213.29
2011-07-22 16:00:00,328.96
2011-07-22 17:00:00,478.26
2011-07-22 18:00:00,455.86
2011-07-22 19:00:00,359.98
2011-07-22 20:00:00,279.39
2011-07-22 21:00:00,230.54
2011-07-22 22:00:00,189.84
2011-07-22 23:00:00,140.99
2011-07-23 00:00:00,131.43
2011-07-23 01:00:00,78.48
2011-07-23 02:00:00,62.25
2011-07-23 03:00:00,30.61
2011-07-23 04:00:00,9.33
2011-07-23 05:00:00,9.09
2011-07-23 06:00:00,36.48
2011-07-23 07:00:00,63.24
2011-07-23 08:00:00,139.41
2011-07-23 09:00:00,230.71
2011-07-23 10:00:00,289.0
2011-07-23 11:00:00,331.8
2011-07-23 12:00:00,356.08
2011-07-23 13:00:00,357.32
2011-07-23 14:00:00,346.67
2011-07-23 15:00:00,351.39
2011-07-23 16:00:00,380.95
2011-07-23 17:00:00,377.275
2011-07-23 18:00:00,375.55
2011-07-23 19:00:00,315.89
2011-07-23 20:00:00,276.25
2011-07-23 21:00:00,234.27
2011-07-23 22:00:00,193.69
2011-07-23 23:00:00,147.12
2011-07-24 00:00:00,127.04
2011-07-24 01:00:00,83.51
2011-07-24 02:00:00,72.61
2011-07-24 03:00:00,32.19
2011-07-24 04:00:00,8.82
2011-07-24 05:00:00,8.71
2011-07-24 06:00:00,29.65
2011-07-24 07:00:00,58.95
2011-07-24 08:00:00,121.47
2011-07-24 09:00:00,204.32
2011-07-24 10:00:00,291.9
2011-07-24 11:00:00,348.56
2011-07-24 12:00:00,352.03
2011-07-24 13:00:00,355.27
2011-07-24 14:00:00,348.27
2011-07-24 15:00:00,341.78
2011-07-24 16:00:00,384.6
2011-07-24 17:00:00,368.69033333333334
2011-07-24 18:00:00,366.86283333333336
2011-07-24 19:00:00,343.1675
2011-07-24 20:00:00,260.54
2011-07-24 21:00:00,211.32
2011-07-24 22:00:00,153.01
2011-07-24 23:00:00,95.38
2011-07-25 00:00:00,39.04
2011-07-25 01:00:00,15.24
2011-07-25 02:00:00,7.66
2011-07-25 03:00:00,6.23
2011-07-25 04:00:00,6.12
2011-07-25 05:00:00,22.98
2011-07-25 06:00:00,118.73
2011-07-25 07:00:00,303.74
2011-07-25 08:00:00,399.1
2011-07-25 09:00:00,200.0
2011-07-25 10:00:00,119.73
2011-07-25 11:00:00,123.22
2011-07-25 12:00:00,159.43
2011-07-25 13:00:00,160.97
2011-07-25 14:00:00,131.83
2011-07-25 15:00:00,133.29
2011-07-25 16:00:00,206.83
2011-07-25 17:00:00,513.3
2011-07-25 18:00:00,486.03
2011-07-25 19:00:00,368.41
2011-07-25 20:00:00,293.08
2011-07-25 21:00:00,196.7
2011-07-25 22:00:00,122.55
2011-07-25 23:00:00,65.31
2011-07-26 00:00:00,26.6
2011-07-26 01:00:00,15.92
2011-07-26 02:00:00,8.24
2011-07-26 03:00:00,6.12
2011-07-26 04:00:00,6.08
2011-07-26 05:00:00,26.34
2011-07-26 06:00:00,109.96
2011-07-26 07:00:00,302.99
2011-07-26 08:00:00,425.16
2011-07-26 09:00:00,196.18
2011-07-26 10:00:00,126.24
2011-07-26 11:00:00,151.02
2011-07-26 12:00:00,190.98
2011-07-26 13:00:00,185.52
2011-07-26 14:00:00,168.18
2011-07-26 15:00:00,153.56
2011-07-26 16:00:00,277.31
2011-07-26 17:00:00,566.63
2011-07-26 18:00:00,539.37
2011-07-26 19:00:00,378.93
2011-07-26 20:00:00,294.27
2011-07-26 21:00:00,236.21
2011-07-26 22:00:00,159.81
2011-07-26 23:00:00,78.9
2011-07-27 00:00:00,46.02
2011-07-27 01:00:00,15.53
2011-07-27 02:00:00,26.39
2011-07-27 03:00:00,6.28
2011-07-27 04:00:00,4.91
2011-07-27 05:00:00,27.62
2011-07-27 06:00:00,115.34
2011-07-27 07:00:00,311.19
2011-07-27 08:00:00,439.27
2011-07-27 09:00:00,198.74
2011-07-27 10:00:00,123.32
2011-07-27 11:00:00,156.96
2011-07-27 12:00:00,204.7
2011-07-27 13:00:00,188.69
2011-07-27 14:00:00,156.73
2011-07-27 15:00:00,171.3
2011-07-27 16:00:00,274.68
2011-07-27 17:00:00,567.51
2011-07-27 18:00:00,559.66
2011-07-27 19:00:00,387.42
2011-07-27 20:00:00,300.66
2011-07-27 21:00:00,241.1
2011-07-27 22:00:00,172.19
2011-07-27 23:00:00,82.6
2011-07-28 00:00:00,47.26
2011-07-28 01:00:00,20.01
2011-07-28 02:00:00,10.68
2011-07-28 03:00:00,6.9
2011-07-28 04:00:00,6.84
2011-07-28 05:00:00,28.88
2011-07-28 06:00:00,110.76
2011-07-28 07:00:00,310.8
2011-07-28 08:00:00,436.26
2011-07-28 09:00:00,204.99
2011-07-28 10:00:00,120.95
2011-07-28 11:00:00,134.57
2011-07-28 12:00:00,167.46
2011-07-28 13:00:00,159.86
2011-07-28 14:00:00,159.05
2011-07-28 15:00:00,156.66
2011-07-28 16:00:00,244.52
2011-07-28 17:00:00,498.39
2011-07-28 18:00:00,482.02
2011-07-28 19:00:00,367.9
2011-07-28 20:00:00,283.89
2011-07-28 21:00:00,218.29
2011-07-28 22:00:00,156.47
2011-07-28 23:00:00,125.54
2011-07-29 00:00:00,59.32
2011-07-29 01:00:00,29.3
2011-07-29 02:00:00,18.72
2011-07-29 03:00:00,6.99
2011-07-29 04:00:00,6.89
2011-07-29 05:00:00,24.49
2011-07-29 06:00:00,109.43
2011-07-29 07:00:00,291.58
2011-07-29 08:00:00,446.12
2011-07-29 09:00:00,223.22
2011-07-29 10:00:00,151.59
2011-07-29 11:00:00,167.56
2011-07-29 12:00:00,217.5
2011-07-29 13:00:00,222.85
2011-07-29 14:00:00,230.72
2011-07-29 15:00:00,226.06
2011-07-29 16:00:00,356.17
2011-07-29 17:00:00,486.75
2011-07-29 18:00:00,456.39
2011-07-29 19:00:00,360.09
2011-07-29 20:00:00,290.33
2011-07-29 21:00:00,233.14
2011-07-29 22:00:00,195.94
2011-07-29 23:00:00,142.2
2011-07-30 00:00:00,132.28
2011-07-30 01:00:00,79.57
2011-07-30 02:00:00,62.99
2011-07-30 03:00:00,34.52
2011-07-30 04:00:00,9.91
2011-07-30 05:00:00,10.59
2011-07-30 06:00:00,33.09
2011-07-30 07:00:00,63.53
2011-07-30 08:00:00,134.67
2011-07-30 09:00:00,233.36
2011-07-30 10:00:00,290.18
2011-07-30 11:00:00,337.98
2011-07-30 12:00:00,384.56
2011-07-30 13:00:00,367.52
2011-07-30 14:00:00,349.54
2011-07-30 15:00:00,353.21
2011-07-30 16:00:00,385.33
2011-07-30 17:00:00,372.185
2011-07-30 18:00:00,370.59
2011-07-30 19:00:00,362.95
2011-07-30 20:00:00,263.38
2011-07-30 21:00:00,234.22
2011-07-30 22:00:00,188.84
2011-07-30 23:00:00,147.6
2011-07-31 00:00:00,127.32
2011-07-31 01:00:00,83.46
2011-07-31 02:00:00,73.85
2011-07-31 03:00:00,33.1
2011-07-31 04:00:00,9.57
2011-07-31 05:00:00,9.97
2011-07-31 06:00:00,26.31
2011-07-31 07:00:00,58.95
2011-07-31 08:00:00,123.8
2011-07-31 09:00:00,202.46
2011-07-31 10:00:00,276.99
2011-07-31 11:00:00,337.49
2011-07-31 12:00:00,356.77
2011-07-31 13:00:00,362.15
2011-07-31 14:00:00,348.06
2011-07-31 15:00:00,340.47
2011-07-31 16:00:00,380.04
2011-07-31 17:00:00,363.86283333333336
2011-07-31 18:00:00,367.75
2011-07-31 19:00:00,317.98
2011-07-31 20:00:00,266.74
2011-07-31 21:00:00,222.77
2011-07-31 22:00:00,135.22
2011-07-31 23:00:00,85.56
2011-08-20 00:00:00,112.01
2011-08-20 01:00:00,76.63
2011-08-20 02:00:00,59.05
2011-08-20 03:00:00,36.21
2011-08-20 04:00:00,10.63
2011-08-20 05:00:00,9.14
2011-08-20 06:00:00,20.58
2011-08-20 07:00:00,46.53
2011-08-20 08:00:00,102.71
2011-08-20 09:00:00,214.59
2011-08-20 10:00:00,283.87
2011-08-20 11:00:00,349.25
2011-08-20 12:00:00,375.05
2011-08-20 13:00:00,383.76
2011-08-20 14:00:00,386.24
2011-08-20 15:00:00,374.62
2011-08-20 16:00:00,376.44
2011-08-20 17:00:00,393.23
2011-08-20 18:00:00,369.75
2011-08-20 19:00:00,342.69
2011-08-20 20:00:00,274.56
2011-08-20 21:00:00,211.93
2011-08-20 22:00:00,168.72
2011-08-20 23:00:00,140.12
2011-08-21 00:00:00,126.79
2011-08-21 01:00:00,77.53
2011-08-21 02:00:00,71.67
2011-08-21 03:00:00,38.9
2011-08-21 04:00:00,7.55
2011-08-21 05:00:00,7.89
2011-08-21 06:00:00,19.91
2011-08-21 07:00:00,48.69
2011-08-21 08:00:00,92.23
2011-08-21 09:00:00,189.96
2011-08-21 10:00:00,265.49
2011-08-21 11:00:00,348.29
2011-08-21 12:00:00,370.51
2011-08-21 13:00:00,361.62
2011-08-21 14:00:00,293.33
2011-08-21 15:00:00,307.79
2011-08-21 16:00:00,302.52
2011-08-21 17:00:00,236.14
2011-08-21 18:00:00,244.67
2011-08-21 19:00:00,315.51
2011-08-21 20:00:00,222.66
2011-08-21 21:00:00,198.39
2011-08-21 22:00:00,153.18
2011-08-21 23:00:00,88.77
2011-08-22 00:00:00,30.79
2011-08-22 01:00:00,13.42
2011-08-22 02:00:00,9.89
2011-08-22 03:00:00,6.7
2011-08-22 04:00:00,5.61
2011-08-22 05:00:00,28.06
2011-08-22 06:00:00,102.87
2011-08-22 07:00:00,267.21
2011-08-22 08:00:00,398.79
2011-08-22 09:00:00,197.08
2011-08-22 10:00:00,126.06
2011-08-22 11:00:00,145.37
2011-08-22 12:00:00,194.72
2011-08-22 13:00:00,200.66
2011-08-22 14:00:00,186.76
2011-08-22 15:00:00,184.46
2011-08-22 16:00:00,300.08
2011-08-22 17:00:00,563.63
2011-08-22 18:00:00,561.97
2011-08-22 19:00:00,395.7
2011-08-22 20:00:00,303.7
2011-08-22 21:00:00,207.59
2011-08-22 22:00:00,119.51
2011-08-22 23:00:00,84.66
2011-08-23 00:00:00,35.44
2011-08-23 01:00:00,14.15
2011-08-23 02:00:00,10.42
2011-08-23 03:00:00,4.15
2011-08-23 04:00:00,4.74
2011-08-23 05:00:00,25.81
2011-08-23 06:00:00,113.07
2011-08-23 07:00:00,331.97
2011-08-23 08:00:00,444.72
2011-08-23 09:00:00,200.14
2011-08-23 10:00:00,129.43
2011-08-23 11:00:00,149.2
2011-08-23 12:00:00,204.97
2011-08-23 13:00:00,197.54
2011-08-23 14:00:00,182.27
2011-08-23 15:00:00,180.98
2011-08-23 16:00:00,287.83
2011-08-23 17:00:00,583.1
2011-08-23 18:00:00,573.51
2011-08-23 19:00:00,389.39
2011-08-23 20:00:00,275.18
2011-08-23 21:00:00,219.23
2011-08-23 22:00:00,158.35
2011-08-23 23:00:00,75.59
2011-08-24 00:00:00,39.2
2011-08-24 01:00:00,13.85
2011-08-24 02:00:00,9.19
2011-08-24 03:00:00,6.66
2011-08-24 04:00:00,7.32
2011-08-24 05:00:00,25.43
2011-08-24 06:00:00,113.55
2011-08-24 07:00:00,325.36
2011-08-24 08:00:00,427.41
2011-08-24 09:00:00,203.97
2011-08-24 10:00:00,125.9
2011-08-24 11:00:00,154.65
2011-08-24 12:00:00,191.38
2011-08-24 13:00:00,185.34
2011-08-24 14:00:00,178.71
2011-08-24 15:00:00,180.22
2011-08-24 16:00:00,294.62
2011-08-24 17:00:00,561.27
2011-08-24 18:00:00,526.05
2011-08-24 19:00:00,359.64
2011-08-24 20:00:00,287.9
2011-08-24 21:00:00,219.86
2011-08-24 22:00:00,129.8
2011-08-24 23:00:00,96.72
2011-08-25 00:00:00,39.59
2011-08-25 01:00:00,23.82
2011-08-25 02:00:00,11.41
2011-08-25 03:00:00,6.54
2011-08-25 04:00:00,7.41
2011-08-25 05:00:00,24.73
2011-08-25 06:00:00,96.21
2011-08-25 07:00:00,271.17
2011-08-25 08:00:00,427.75
2011-08-25 09:00:00,210.59
2011-08-25 10:00:00,121.68
2011-08-25 11:00:00,114.72
2011-08-25 12:00:00,137.84
2011-08-25 13:00:00,130.6
2011-08-25 14:00:00,151.71
2011-08-25 15:00:00,153.95
2011-08-25 16:00:00,199.24
2011-08-25 17:00:00,399.17
2011-08-25 18:00:00,384.55
2011-08-25 19:00:00,275.4
2011-08-25 20:00:00,230.03
2011-08-25 21:00:00,203.0
2011-08-25 22:00:00,147.58
2011-08-25 23:00:00,106.31
2011-08-26 00:00:00,56.47
2011-08-26 01:00:00,21.86
2011-08-26 02:00:00,10.43
2011-08-26 03:00:00,6.22
2011-08-26 04:00:00,6.53
2011-08-26 05:00:00,20.75
2011-08-26 06:00:00,83.89
2011-08-26 07:00:00,276.11
2011-08-26 08:00:00,420.63
2011-08-26 09:00:00,200.92
2011-08-26 10:00:00,160.84
2011-08-26 11:00:00,164.78
2011-08-26 12:00:00,208.51
2011-08-26 13:00:00,225.12
2011-08-26 14:00:00,228.52
2011-08-26 15:00:00,237.6
2011-08-26 16:00:00,329.48
2011-08-26 17:00:00,509.59
2011-08-26 18:00:00,440.46
2011-08-26 19:00:00,250.18
2011-08-26 20:00:00,235.49
2011-08-26 21:00:00,211.78
2011-08-26 22:00:00,161.26
2011-08-26 23:00:00,126.03
2011-08-27 00:00:00,115.89
2011-08-27 01:00:00,73.86
2011-08-27 02:00:00,65.22
2011-08-27 03:00:00,36.58
2011-08-27 04:00:00,9.85
2011-08-27 05:00:00,10.7
2011-08-27 06:00:00,31.09
2011-08-27 07:00:00,54.88
2011-08-27 08:00:00,103.44
2011-08-27 09:00:00,203.26
2011-08-27 10:00:00,211.58
2011-08-27 11:00:00,176.23
2011-08-27 12:00:00,248.97
2011-08-27 13:00:00,281.68
2011-08-27 14:00:00,195.84
2011-08-27 15:00:00,201.0
2011-08-27 16:00:00,170.26
2011-08-27 17:00:00,236.3
2011-08-28 07:00:00,101.36
2011-08-28 08:00:00,137.39
2011-08-28 09:00:00,185.06
2011-08-28 10:00:00,286.14
2011-08-28 11:00:00,330.45
2011-08-28 12:00:00,410.01
2011-08-28 13:00:00,409.15
2011-08-28 14:00:00,385.99
2011-08-28 15:00:00,390.64
2011-08-28 16:00:00,371.06
2011-08-28 17:00:00,396.505
2011-08-28 18:00:00,381.1675
2011-08-28 19:00:00,341.06
2011-08-28 20:00:00,255.3
2011-08-28 21:00:00,196.92
2011-08-28 22:00:00,144.17
2011-08-28 23:00:00,84.11
2011-08-29 00:00:00,30.64
2011-08-29 01:00:00,10.72
2011-08-29 02:00:00,9.54
2011-08-29 03:00:00,7.75
2011-08-29 04:00:00,6.64
2011-08-29 05:00:00,25.73
2011-08-29 06:00:00,108.74
2011-08-29 07:00:00,298.71
2011-08-29 08:00:00,416.76
2011-08-29 09:00:00,196.42
2011-08-29 10:00:00,125.08
2011-08-29 11:00:00,147.15
2011-08-29 12:00:00,195.76
2011-08-29 13:00:00,192.87
2011-08-29 14:00:00,179.74
2011-08-29 15:00:00,180.49
2011-08-29 16:00:00,300.8
2011-08-29 17:00:00,549.87
2011-08-29 18:00:00,543.42
2011-08-29 19:00:00,398.95
2011-08-29 20:00:00,284.55
2011-08-29 21:00:00,207.47
2011-08-29 22:00:00,138.7
2011-08-29 23:00:00,74.28
2011-08-30 00:00:00,31.71
2011-08-30 01:00:00,11.52
2011-08-30 02:00:00,7.51
2011-08-30 03:00:00,4.89
2011-08-30 04:00:00,6.06
2011-08-30 05:00:00,24.05
2011-08-30 06:00:00,112.02
2011-08-30 07:00:00,340.35
2011-08-30 08:00:00,449.04
2011-08-30 09:00:00,196.95
2011-08-30 10:00:00,127.63
2011-08-30 11:00:00,152.71
2011-08-30 12:00:00,201.93
2011-08-30 13:00:00,196.13
2011-08-30 14:00:00,178.18
2011-08-30 15:00:00,180.43
2011-08-30 16:00:00,303.59
2011-08-30 17:00:00,572.79
2011-08-30 18:00:00,558.5
2011-08-30 19:00:00,375.08
2011-08-30 20:00:00,293.57
2011-08-30 21:00:00,206.96
2011-08-30 22:00:00,157.11
2011-08-30 23:00:00,75.58
2011-08-31 00:00:00,32.61
2011-08-31 01:00:00,11.67
2011-08-31 02:00:00,7.21
2011-08-31 03:00:00,7.61
2011-08-31 04:00:00,7.15
2011-08-31 05:00:00,25.98
2011-08-31 06:00:00,110.57
2011-08-31 07:00:00,332.15
2011-08-31 08:00:00,426.57
2011-08-31 09:00:00,207.25
2011-08-31 10:00:00,130.66
2011-08-31 11:00:00,150.22
2011-08-31 12:00:00,207.62
2011-08-31 13:00:00,200.26
2011-08-31 14:00:00,180.88
2011-08-31 15:00:00,181.65
2011-08-31 16:00:00,289.84
2011-08-31 17:00:00,570.37
2011-08-31 18:00:00,554.59
2011-08-31 19:00:00,376.46
2011-08-31 20:00:00,293.25
2011-08-31 21:00:00,209.81
2011-08-31 22:00:00,151.31
2011-08-31 23:00:00,73.55
2011-09-20 00:00:00,33.39
2011-09-20 01:00:00,12.2
2011-09-20 02:00:00,3.84
2011-09-20 03:00:00,5.07
2011-09-20 04:00:00,5.17
2011-09-20 05:00:00,22.28
2011-09-20 06:00:00,107.1
2011-09-20 07:00:00,295.86
2011-09-20 08:00:00,201.78
2011-09-20 09:00:00,126.1
2011-09-20 10:00:00,65.8
2011-09-20 11:00:00,64.54
2011-09-20 12:00:00,83.77
2011-09-20 13:00:00,91.63
2011-09-20 14:00:00,113.65
2011-09-20 15:00:00,167.11
2011-09-20 16:00:00,202.72
2011-09-20 17:00:00,401.45
2011-09-20 18:00:00,402.1
2011-09-20 19:00:00,312.99
2011-09-20 20:00:00,179.4
2011-09-20 21:00:00,131.9
2011-09-20 22:00:00,123.69
2011-09-20 23:00:00,64.32
2011-09-21 00:00:00,24.58
2011-09-21 01:00:00,10.47
2011-09-21 02:00:00,5.58
2011-09-21 03:00:00,2.7
2011-09-21 04:00:00,3.71
2011-09-21 05:00:00,14.83
2011-09-21 06:00:00,100.24
2011-09-21 07:00:00,267.84
2011-09-21 08:00:00,397.0
2011-09-21 09:00:00,156.83
2011-09-21 10:00:00,94.07
2011-09-21 11:00:00,108.52
2011-09-21 12:00:00,169.47
2011-09-21 13:00:00,163.16
2011-09-21 14:00:00,160.74
2011-09-21 15:00:00,160.03
2011-09-21 16:00:00,279.43
2011-09-21 17:00:00,460.84
2011-09-21 18:00:00,381.44
2011-09-21 19:00:00,237.76
2011-09-21 20:00:00,116.16
2011-09-21 21:00:00,100.73
2011-09-21 22:00:00,108.02
2011-09-21 23:00:00,66.11
2011-09-22 00:00:00,22.64
2011-09-22 01:00:00,11.74
2011-09-22 02:00:00,7.76
2011-09-22 03:00:00,2.97
2011-09-22 04:00:00,3.2
2011-09-22 05:00:00,19.96
2011-09-22 06:00:00,101.45
2011-09-22 07:00:00,287.84
2011-09-22 08:00:00,394.11
2011-09-22 09:00:00,166.49
2011-09-22 10:00:00,103.99
2011-09-22 11:00:00,99.11
2011-09-22 12:00:00,136.55
2011-09-22 13:00:00,129.89
2011-09-22 14:00:00,126.44
2011-09-22 15:00:00,127.27
2011-09-22 16:00:00,284.85
2011-09-22 17:00:00,409.63
2011-09-22 18:00:00,341.04
2011-09-22 19:00:00,251.88
2011-09-22 20:00:00,130.85
2011-09-22 21:00:00,121.37
2011-09-22 22:00:00,111.02
2011-09-22 23:00:00,86.97
2011-09-23 00:00:00,42.08
2011-09-23 01:00:00,15.28
2011-09-23 02:00:00,10.06
2011-09-23 03:00:00,3.95
2011-09-23 04:00:00,3.87
2011-09-23 05:00:00,19.79
2011-09-23 06:00:00,87.31
2011-09-23 07:00:00,167.4
2011-09-23 08:00:00,232.35
2011-09-23 09:00:00,123.67
2011-09-23 10:00:00,87.79
2011-09-23 11:00:00,87.84
2011-09-23 12:00:00,103.01
2011-09-23 13:00:00,98.5
2011-09-23 14:00:00,100.51
2011-09-23 15:00:00,104.82
2011-09-23 16:00:00,162.51
2011-09-23 17:00:00,188.9
2011-09-23 18:00:00,198.35
2011-09-23 19:00:00,269.69
2011-09-23 20:00:00,173.7
2011-09-23 21:00:00,115.97
2011-09-23 22:00:00,124.78
2011-09-23 23:00:00,93.87
2011-09-24 00:00:00,86.51
2011-09-24 01:00:00,74.39
2011-09-24 02:00:00,62.37
2011-09-24 03:00:00,35.81
2011-09-24 04:00:00,8.38
2011-09-24 05:00:00,10.97
2011-09-24 06:00:00,12.5
2011-09-24 07:00:00,61.91
2011-09-24 08:00:00,104.96
2011-09-24 09:00:00,172.94
2011-09-24 10:00:00,273.02
2011-09-24 11:00:00,300.64
2011-09-24 12:00:00,348.93
2011-09-24 13:00:00,363.81
2011-09-24 14:00:00,355.54
2011-09-24 15:00:00,364.35
2011-09-24 16:00:00,327.65
2011-09-24 17:00:00,270.6
2011-09-24 18:00:00,253.97
2011-09-24 19:00:00,244.4
2011-09-24 20:00:00,194.0
2011-09-24 21:00:00,163.97
2011-09-24 22:00:00,119.42
2011-09-24 23:00:00,101.47
2011-09-25 00:00:00,100.15
2011-09-25 01:00:00,73.96
2011-09-25 02:00:00,57.87
2011-09-25 03:00:00,38.34
2011-09-25 04:00:00,11.26
2011-09-25 05:00:00,8.91
2011-09-25 06:00:00,16.58
2011-09-25 07:00:00,54.19
2011-09-25 08:00:00,98.78
2011-09-25 09:00:00,181.26
2011-09-25 10:00:00,278.05
2011-09-25 11:00:00,289.54
2011-09-25 12:00:00,342.31
2011-09-25 13:00:00,357.12
2011-09-25 14:00:00,344.7
2011-09-25 15:00:00,352.34
2011-09-25 16:00:00,372.22
2011-09-25 17:00:00,265.45
2011-09-25 18:00:00,256.28
2011-09-25 19:00:00,235.09
2011-09-25 20:00:00,196.17
2011-09-25 21:00:00,123.21
2011-09-25 22:00:00,120.89
2011-09-25 23:00:00,88.06
2011-09-26 00:00:00,26.06
2011-09-26 01:00:00,10.26
2011-09-26 02:00:00,6.05
2011-09-26 03:00:00,4.13
2011-09-26 04:00:00,3.94
2011-09-26 05:00:00,21.63
2011-09-26 06:00:00,107.78
2011-09-26 07:00:00,292.83
2011-09-26 08:00:00,380.76
2011-09-26 09:00:00,184.26
2011-09-26 10:00:00,99.63
2011-09-26 11:00:00,115.59
2011-09-26 12:00:00,145.68
2011-09-26 13:00:00,166.45
2011-09-26 14:00:00,168.03
2011-09-26 15:00:00,165.9
2011-09-26 16:00:00,286.15
2011-09-26 17:00:00,556.15
2011-09-26 18:00:00,413.53
2011-09-26 19:00:00,240.26
2011-09-26 20:00:00,203.38
2011-09-26 21:00:00,144.59
2011-09-26 22:00:00,123.12
2011-09-26 23:00:00,65.93
2011-09-27 00:00:00,26.95
2011-09-27 01:00:00,10.42
2011-09-27 02:00:00,6.94
2011-09-27 03:00:00,3.69
2011-09-27 04:00:00,3.28
2011-09-27 05:00:00,16.44
2011-09-27 06:00:00,115.38
2011-09-27 07:00:00,316.78
2011-09-27 08:00:00,405.75
2011-09-27 09:00:00,145.35
2011-09-27 10:00:00,76.25
2011-09-27 11:00:00,105.56
2011-09-27 12:00:00,134.35
2011-09-27 13:00:00,166.74
2011-09-27 14:00:00,137.15
2011-09-27 15:00:00,134.91
2011-09-27 16:00:00,209.54
2011-09-27 17:00:00,249.5
2011-09-27 18:00:00,283.24
2011-09-27 19:00:00,285.61
2011-09-27 20:00:00,239.3
2011-09-27 21:00:00,178.43
2011-09-27 22:00:00,125.89
2011-09-27 23:00:00,63.21
2011-09-28 00:00:00,30.22
2011-09-28 01:00:00,13.14
2011-09-28 02:00:00,4.78
2011-09-28 03:00:00,2.9
2011-09-28 04:00:00,6.46
2011-09-28 05:00:00,19.51
2011-09-28 06:00:00,58.82
2011-09-28 07:00:00,137.16
2011-09-28 08:00:00,207.81
2011-09-28 09:00:00,130.29
2011-09-28 10:00:00,79.36
2011-09-28 11:00:00,114.27
2011-09-28 12:00:00,137.47
2011-09-28 13:00:00,169.75
2011-09-28 14:00:00,168.84
2011-09-28 15:00:00,163.06
2011-09-28 16:00:00,297.43
2011-09-28 17:00:00,552.33
2011-09-28 18:00:00,411.05
2011-09-28 19:00:00,250.09
2011-09-28 20:00:00,135.47
2011-09-28 21:00:00,86.45
2011-09-28 22:00:00,126.38
2011-09-28 23:00:00,64.83
2011-09-29 00:00:00,22.54
2011-09-29 01:00:00,11.79
2011-09-29 02:00:00,8.09
2011-09-29 03:00:00,3.75
2011-09-29 04:00:00,5.6
2011-09-29 05:00:00,21.77
2011-09-29 06:00:00,120.37
2011-09-29 07:00:00,314.51
2011-09-29 08:00:00,438.72
2011-09-29 09:00:00,202.68
2011-09-29 10:00:00,129.11
2011-09-29 11:00:00,162.25
2011-09-29 12:00:00,198.42
2011-09-29 13:00:00,186.48
2011-09-29 14:00:00,187.24
2011-09-29 15:00:00,188.72
2011-09-29 16:00:00,302.07
2011-09-29 17:00:00,528.5
2011-09-29 18:00:00,548.79
2011-09-29 19:00:00,349.01
2011-09-29 20:00:00,253.06
2011-09-29 21:00:00,169.94
2011-09-29 22:00:00,138.17
2011-09-29 23:00:00,107.54
2011-09-30 00:00:00,51.1
2011-09-30 01:00:00,27.86
2011-09-30 02:00:00,11.51
2011-09-30 03:00:00,6.34
2011-09-30 04:00:00,6.35
2011-09-30 05:00:00,24.67
2011-09-30 06:00:00,88.5
2011-09-30 07:00:00,265.16
2011-09-30 08:00:00,452.21
2011-09-30 09:00:00,210.63
2011-09-30 10:00:00,185.23
2011-09-30 11:00:00,192.08
2011-09-30 12:00:00,256.08
2011-09-30 13:00:00,235.09
2011-09-30 14:00:00,257.25
2011-09-30 15:00:00,252.03
2011-09-30 16:00:00,378.02
2011-09-30 17:00:00,503.84
2011-09-30 18:00:00,476.83
2011-09-30 19:00:00,292.2
2011-09-30 20:00:00,201.73
2011-09-30 21:00:00,167.02
2011-09-30 22:00:00,112.53
2011-09-30 23:00:00,101.31
2011-10-20 00:00:00,21.2
2011-10-20 01:00:00,16.58
2011-10-20 02:00:00,9.51
2011-10-20 03:00:00,5.26
2011-10-20 04:00:00,5.49
2011-10-20 05:00:00,26.85
2011-10-20 06:00:00,94.74
2011-10-20 07:00:00,274.63
2011-10-20 08:00:00,404.84
2011-10-20 09:00:00,200.08
2011-10-20 10:00:00,126.91
2011-10-20 11:00:00,143.39
2011-10-20 12:00:00,174.14
2011-10-20 13:00:00,172.07
2011-10-20 14:00:00,153.18
2011-10-20 15:00:00,155.7
2011-10-20 16:00:00,239.75
2011-10-20 17:00:00,430.54
2011-10-20 18:00:00,398.85
2011-10-20 19:00:00,266.73
2011-10-20 20:00:00,206.95
2011-10-20 21:00:00,135.6
2011-10-20 22:00:00,112.66
2011-10-20 23:00:00,80.85
2011-10-21 00:00:00,56.6
2011-10-21 01:00:00,25.32
2011-10-21 02:00:00,15.46
2011-10-21 03:00:00,6.86
2011-10-21 04:00:00,6.44
2011-10-21 05:00:00,24.73
2011-10-21 06:00:00,86.63
2011-10-21 07:00:00,272.72
2011-10-21 08:00:00,395.88
2011-10-21 09:00:00,217.07
2011-10-21 10:00:00,163.04
2011-10-21 11:00:00,177.58
2011-10-21 12:00:00,239.4
2011-10-21 13:00:00,213.26
2011-10-21 14:00:00,239.55
2011-10-21 15:00:00,237.64
2011-10-21 16:00:00,342.42
2011-10-21 17:00:00,428.18
2011-10-21 18:00:00,387.51
2011-10-21 19:00:00,250.31
2011-10-21 20:00:00,187.57
2011-10-21 21:00:00,137.97
2011-10-21 22:00:00,119.37
2011-10-21 23:00:00,90.34
2011-10-22 00:00:00,80.84
2011-10-22 01:00:00,66.29
2011-10-22 02:00:00,63.67
2011-10-22 03:00:00,23.87
2011-10-22 04:00:00,7.75
2011-10-22 05:00:00,6.93
2011-10-22 06:00:00,17.66
2011-10-22 07:00:00,72.24
2011-10-22 08:00:00,96.07
2011-10-22 09:00:00,160.87
2011-10-22 10:00:00,255.05
2011-10-22 11:00:00,277.26
2011-10-22 12:00:00,324.47
2011-10-22 13:00:00,369.42
2011-10-22 14:00:00,328.59
2011-10-22 15:00:00,342.26
2011-10-22 16:00:00,373.4
2011-10-22 17:00:00,286.05
2011-10-22 18:00:00,252.31
2011-10-22 19:00:00,205.56
2011-10-22 20:00:00,159.74
2011-10-22 21:00:00,121.64
2011-10-22 22:00:00,113.66
2011-10-22 23:00:00,88.84
2011-10-23 00:00:00,83.55
2011-10-23 01:00:00,64.87
2011-10-23 02:00:00,62.86
2011-10-23 03:00:00,29.99
2011-10-23 04:00:00,10.11
2011-10-23 05:00:00,9.57
2011-10-23 06:00:00,17.99
2011-10-23 07:00:00,62.0
2011-10-23 08:00:00,98.26
2011-10-23 09:00:00,134.38
2011-10-23 10:00:00,277.61
2011-10-23 11:00:00,287.92
2011-10-23 12:00:00,328.4
2011-10-23 13:00:00,343.62
2011-10-23 14:00:00,344.34
2011-10-23 15:00:00,350.88
2011-10-23 16:00:00,368.52
2011-10-23 17:00:00,308.01
2011-10-23 18:00:00,278.42
2011-10-23 19:00:00,194.04
2011-10-23 20:00:00,155.73
2011-10-23 21:00:00,119.71
2011-10-23 22:00:00,108.87
2011-10-23 23:00:00,65.96
2011-10-24 00:00:00,32.88
2011-10-24 01:00:00,8.78
2011-10-24 02:00:00,4.98
2011-10-24 03:00:00,6.37
2011-10-24 04:00:00,6.17
2011-10-24 05:00:00,25.15
2011-10-24 06:00:00,95.9
2011-10-24 07:00:00,287.96
2011-10-24 08:00:00,385.0
2011-10-24 09:00:00,190.02
2011-10-24 10:00:00,116.87
2011-10-24 11:00:00,124.16
2011-10-24 12:00:00,178.33
2011-10-24 13:00:00,172.65
2011-10-24 14:00:00,170.52
2011-10-24 15:00:00,175.69
2011-10-24 16:00:00,287.59
2011-10-24 17:00:00,520.79
2011-10-24 18:00:00,515.61
2011-10-24 19:00:00,241.39
2011-10-24 20:00:00,211.88
2011-10-24 21:00:00,168.56
2011-10-24 22:00:00,123.71
2011-10-24 23:00:00,68.68
2011-10-25 00:00:00,34.57
2011-10-25 01:00:00,10.36
2011-10-25 02:00:00,3.63
2011-10-25 03:00:00,6.55
2011-10-25 04:00:00,6.26
2011-10-25 05:00:00,24.95
2011-10-25 06:00:00,100.45
2011-10-25 07:00:00,280.04
2011-10-25 08:00:00,392.07
2011-10-25 09:00:00,203.57
2011-10-25 10:00:00,128.97
2011-10-25 11:00:00,143.92
2011-10-25 12:00:00,190.78
2011-10-25 13:00:00,187.49
2011-10-25 14:00:00,164.93
2011-10-25 15:00:00,177.29
2011-10-25 16:00:00,301.48
2011-10-25 17:00:00,558.44
2011-10-25 18:00:00,509.57
2011-10-25 19:00:00,306.32
2011-10-25 20:00:00,224.12
2011-10-25 21:00:00,160.42
2011-10-25 22:00:00,127.81
2011-10-25 23:00:00,70.2
2011-10-26 00:00:00,36.1
2011-10-26 01:00:00,11.87
2011-10-26 02:00:00,5.48
2011-10-26 03:00:00,4.83
2011-10-26 04:00:00,4.79
2011-10-26 05:00:00,24.79
2011-10-26 06:00:00,111.4
2011-10-26 07:00:00,299.09
2011-10-26 08:00:00,416.7
2011-10-26 09:00:00,212.78
2011-10-26 10:00:00,127.73
2011-10-26 11:00:00,141.49
2011-10-26 12:00:00,181.68
2011-10-26 13:00:00,162.67
2011-10-26 14:00:00,158.34
2011-10-26 15:00:00,159.66
2011-10-26 16:00:00,236.79
2011-10-26 17:00:00,428.83
2011-10-26 18:00:00,455.13
2011-10-26 19:00:00,274.69
2011-10-26 20:00:00,203.17
2011-10-26 21:00:00,167.62
2011-10-26 22:00:00,125.78
2011-10-26 23:00:00,68.65
2011-10-27 00:00:00,24.4
2011-10-27 01:00:00,10.58
2011-10-27 02:00:00,8.61
2011-10-27 03:00:00,3.47
2011-10-27 04:00:00,4.45
2011-10-27 05:00:00,19.74
2011-10-27 06:00:00,59.81
2011-10-27 07:00:00,281.65
2011-10-27 08:00:00,200.14
2011-10-27 09:00:00,200.8
2011-10-27 10:00:00,101.66
2011-10-27 11:00:00,99.35
2011-10-27 12:00:00,89.45
2011-10-27 13:00:00,128.61
2011-10-27 14:00:00,127.38
2011-10-27 15:00:00,130.6
2011-10-27 16:00:00,288.68
2011-10-27 17:00:00,384.7
2011-10-27 18:00:00,382.59
2011-10-27 19:00:00,256.5
2011-10-27 20:00:00,190.22
2011-10-27 21:00:00,128.13
2011-10-27 22:00:00,83.12
2011-10-27 23:00:00,60.93
2011-10-28 00:00:00,50.45
2011-10-28 01:00:00,21.09
2011-10-28 02:00:00,11.44
2011-10-28 03:00:00,4.065
2011-10-28 04:00:00,4.206666666666666
2011-10-28 05:00:00,22.71
2011-10-28 06:00:00,83.35
2011-10-28 07:00:00,237.79
2011-10-28 08:00:00,381.62
2011-10-28 09:00:00,204.23
2011-10-28 10:00:00,136.74
2011-10-28 11:00:00,154.17
2011-10-28 12:00:00,175.63
2011-10-28 13:00:00,173.84
2011-10-28 14:00:00,162.16
2011-10-28 15:00:00,172.71
2011-10-28 16:00:00,235.55
2011-10-28 17:00:00,381.76
2011-10-28 18:00:00,346.58
2011-10-28 19:00:00,251.45
2011-10-28 20:00:00,155.36
2011-10-28 21:00:00,86.9
2011-10-28 22:00:00,71.71
2011-10-28 23:00:00,66.21
2011-10-29 00:00:00,56.87
2011-10-29 01:00:00,39.38
2011-10-29 02:00:00,36.54
2011-10-29 03:00:00,13.11
2011-10-29 04:00:00,7.5
2011-10-29 05:00:00,6.15
2011-10-29 06:00:00,16.55
2011-10-29 07:00:00,142.88
2011-10-29 08:00:00,153.19
2011-10-29 09:00:00,116.07
2011-10-29 10:00:00,93.94
2011-10-29 11:00:00,97.12
2011-10-29 12:00:00,110.79
2011-10-29 13:00:00,107.82
2011-10-29 14:00:00,111.52
2011-10-29 15:00:00,90.78
2011-10-29 16:00:00,121.9
2011-10-29 17:00:00,128.56
2011-10-29 18:00:00,122.46
2011-10-29 19:00:00,154.16
2011-10-29 20:00:00,115.0
2011-10-29 21:00:00,75.8
2011-10-29 22:00:00,72.77
2011-10-29 23:00:00,64.53
2011-10-30 00:00:00,68.01
2011-10-30 01:00:00,47.19
2011-10-30 02:00:00,41.81
2011-10-30 03:00:00,13.71
2011-10-30 04:00:00,4.36
2011-10-30 05:00:00,3.97
2011-10-30 06:00:00,13.35
2011-10-30 07:00:00,38.66
2011-10-30 08:00:00,83.13
2011-10-30 09:00:00,137.23
2011-10-30 10:00:00,218.53
2011-10-30 11:00:00,241.37
2011-10-30 12:00:00,289.23
2011-10-30 13:00:00,283.77
2011-10-30 14:00:00,328.8
2011-10-30 15:00:00,341.62
2011-10-30 16:00:00,325.77
2011-10-30 17:00:00,271.56
2011-10-30 18:00:00,212.71
2011-10-30 19:00:00,264.69
2011-10-30 20:00:00,132.76
2011-10-30 21:00:00,101.82
2011-10-30 22:00:00,87.25
2011-10-30 23:00:00,46.69
2011-10-31 00:00:00,18.91
2011-10-31 01:00:00,8.04
2011-10-31 02:00:00,2.86
2011-10-31 03:00:00,3.72
2011-10-31 04:00:00,4.962142857142857
2011-10-31 05:00:00,21.55
2011-10-31 06:00:00,89.53
2011-10-31 07:00:00,282.45
2011-10-31 08:00:00,380.94
2011-10-31 09:00:00,188.57
2011-10-31 10:00:00,136.05
2011-10-31 11:00:00,140.99
2011-10-31 12:00:00,156.44
2011-10-31 13:00:00,154.68
2011-10-31 14:00:00,150.54
2011-10-31 15:00:00,168.71
2011-10-31 16:00:00,266.63
2011-10-31 17:00:00,485.89
2011-10-31 18:00:00,413.39
2011-10-31 19:00:00,283.58
2011-10-31 20:00:00,194.09
2011-10-31 21:00:00,123.63
2011-10-31 22:00:00,92.81
2011-10-31 23:00:00,53.58
2011-11-20 00:00:00,81.95
2011-11-20 01:00:00,61.94
2011-11-20 02:00:00,65.5
2011-11-20 03:00:00,26.33
2011-11-20 04:00:00,8.6
2011-11-20 05:00:00,7.5
2011-11-20 06:00:00,19.09
2011-11-20 07:00:00,58.37
2011-11-20 08:00:00,100.66
2011-11-20 09:00:00,152.17
2011-11-20 10:00:00,257.86
2011-11-20 11:00:00,317.32
2011-11-20 12:00:00,311.05
2011-11-20 13:00:00,333.05
2011-11-20 14:00:00,337.77
2011-11-20 15:00:00,337.96
2011-11-20 16:00:00,363.09
2011-11-20 17:00:00,290.48
2011-11-20 18:00:00,312.49
2011-11-20 19:00:00,215.98
2011-11-20 20:00:00,178.76
2011-11-20 21:00:00,144.58
2011-11-20 22:00:00,84.35
2011-11-20 23:00:00,71.96
2011-11-21 00:00:00,28.35
2011-11-21 01:00:00,8.25
2011-11-21 02:00:00,5.49
2011-11-21 03:00:00,4.67
2011-11-21 04:00:00,4.96
2011-11-21 05:00:00,16.91
2011-11-21 06:00:00,95.25
2011-11-21 07:00:00,262.02
2011-11-21 08:00:00,389.72
2011-11-21 09:00:00,185.42
2011-11-21 10:00:00,101.72
2011-11-21 11:00:00,109.4
2011-11-21 12:00:00,163.71
2011-11-21 13:00:00,159.73
2011-11-21 14:00:00,128.09
2011-11-21 15:00:00,48.7
2011-11-21 16:00:00,93.2
2011-11-21 17:00:00,159.65
2011-11-21 18:00:00,217.29
2011-11-21 19:00:00,149.53
2011-11-21 20:00:00,136.65
2011-11-21 21:00:00,93.62
2011-11-21 22:00:00,83.14
2011-11-21 23:00:00,58.69
2011-11-22 00:00:00,18.93
2011-11-22 01:00:00,7.58
2011-11-22 02:00:00,5.38
2011-11-22 03:00:00,4.13
2011-11-22 04:00:00,4.61
2011-11-22 05:00:00,16.98
2011-11-22 06:00:00,99.76
2011-11-22 07:00:00,134.34
2011-11-22 08:00:00,150.79
2011-11-22 09:00:00,92.93
2011-11-22 10:00:00,60.9
2011-11-22 11:00:00,53.86
2011-11-22 12:00:00,60.73
2011-11-22 13:00:00,52.56
2011-11-22 14:00:00,52.98
2011-11-22 15:00:00,54.98
2011-11-22 16:00:00,100.65
2011-11-22 17:00:00,172.16
2011-11-22 18:00:00,164.01
2011-11-22 19:00:00,162.43
2011-11-22 20:00:00,161.6
2011-11-22 21:00:00,123.81
2011-11-22 22:00:00,107.35
2011-11-22 23:00:00,65.99
2011-11-23 00:00:00,22.95
2011-11-23 01:00:00,9.57
2011-11-23 02:00:00,7.33
2011-11-23 03:00:00,3.29
2011-11-23 04:00:00,4.18
2011-11-23 05:00:00,20.2
2011-11-23 06:00:00,100.79
2011-11-23 07:00:00,282.26
2011-11-23 08:00:00,402.19
2011-11-23 09:00:00,182.19
2011-11-23 10:00:00,100.86
2011-11-23 11:00:00,120.48
2011-11-23 12:00:00,169.34
2011-11-23 13:00:00,147.75
2011-11-23 14:00:00,151.83
2011-11-23 15:00:00,157.99
2011-11-23 16:00:00,220.03
2011-11-23 17:00:00,248.91
2011-11-23 18:00:00,373.92
2011-11-23 19:00:00,259.69
2011-11-23 20:00:00,173.34
2011-11-23 21:00:00,120.76
2011-11-23 22:00:00,86.14
2011-11-23 23:00:00,59.47
2011-11-24 00:00:00,48.27
2011-11-24 01:00:00,26.44
2011-11-24 02:00:00,14.36
2011-11-24 03:00:00,6.34
2011-11-24 04:00:00,6.5
2011-11-24 05:00:00,14.77
2011-11-24 06:00:00,51.55
2011-11-24 07:00:00,129.25
2011-11-24 08:00:00,197.49
2011-11-24 09:00:00,179.41
2011-11-24 10:00:00,232.7
2011-11-24 11:00:00,265.17
2011-11-24 12:00:00,289.56
2011-11-24 13:00:00,304.66
2011-11-24 14:00:00,335.86
2011-11-24 15:00:00,331.02
2011-11-24 16:00:00,320.97
2011-11-24 17:00:00,354.38
2011-11-24 18:00:00,291.49
2011-11-24 19:00:00,229.88
2011-11-24 20:00:00,154.31
2011-11-24 21:00:00,128.11
2011-11-24 22:00:00,105.22
2011-11-24 23:00:00,71.51
2011-11-25 00:00:00,47.25
2011-11-25 01:00:00,22.24
2011-11-25 02:00:00,11.29
2011-11-25 03:00:00,3.7616666666666676
2011-11-25 04:00:00,4.491666666666667
2011-11-25 05:00:00,22.54
2011-11-25 06:00:00,83.19
2011-11-25 07:00:00,267.65
2011-11-25 08:00:00,393.47
2011-11-25 09:00:00,223.33
2011-11-25 10:00:00,146.72
2011-11-25 11:00:00,158.48
2011-11-25 12:00:00,197.51
2011-11-25 13:00:00,237.8
2011-11-25 14:00:00,239.73
2011-11-25 15:00:00,233.9
2011-11-25 16:00:00,328.78
2011-11-25 17:00:00,485.1
2011-11-25 18:00:00,449.41
2011-11-25 19:00:00,264.64
2011-11-25 20:00:00,186.64
2011-11-25 21:00:00,132.26
2011-11-25 22:00:00,110.88
2011-11-25 23:00:00,81.65
2011-11-26 00:00:00,78.69
2011-11-26 01:00:00,83.29
2011-11-26 02:00:00,47.41
2011-11-26 03:00:00,23.74
2011-11-26 04:00:00,6.7
2011-11-26 05:00:00,5.9
2011-11-26 06:00:00,16.33
2011-11-26 07:00:00,75.78
2011-11-26 08:00:00,98.4
2011-11-26 09:00:00,160.98
2011-11-26 10:00:00,242.8
2011-11-26 11:00:00,277.93
2011-11-26 12:00:00,334.12
2011-11-26 13:00:00,349.83
2011-11-26 14:00:00,338.22
2011-11-26 15:00:00,353.8
2011-11-26 16:00:00,331.6
2011-11-26 17:00:00,286.36
2011-11-26 18:00:00,230.54
2011-11-26 19:00:00,199.09
2011-11-26 20:00:00,160.2
2011-11-26 21:00:00,114.74
2011-11-26 22:00:00,104.01
2011-11-26 23:00:00,81.82
2011-11-27 00:00:00,83.83
2011-11-27 01:00:00,68.94
2011-11-27 02:00:00,54.84
2011-11-27 03:00:00,30.41
2011-11-27 04:00:00,10.37
2011-11-27 05:00:00,9.51
2011-11-27 06:00:00,17.8
2011-11-27 07:00:00,58.27
2011-11-27 08:00:00,97.1
2011-11-27 09:00:00,149.89
2011-11-27 10:00:00,276.37
2011-11-27 11:00:00,313.72
2011-11-27 12:00:00,344.27
2011-11-27 13:00:00,345.44
2011-11-27 14:00:00,450.67
2011-11-27 15:00:00,445.25
2011-11-27 16:00:00,390.56
2011-11-27 17:00:00,337.61
2011-11-27 18:00:00,271.95
2011-11-27 19:00:00,206.44
2011-11-27 20:00:00,180.64
2011-11-27 21:00:00,133.5
2011-11-27 22:00:00,117.83
2011-11-27 23:00:00,83.08
2011-11-28 00:00:00,30.66
2011-11-28 01:00:00,10.37
2011-11-28 03:00:00,5.58
2011-11-28 04:00:00,6.48
2011-11-28 05:00:00,25.36
2011-11-28 06:00:00,95.36
2011-11-28 07:00:00,285.14
2011-11-28 08:00:00,395.84
2011-11-28 09:00:00,197.62
2011-11-28 10:00:00,113.31
2011-11-28 11:00:00,126.92
2011-11-28 12:00:00,193.9
2011-11-28 13:00:00,177.76
2011-11-28 14:00:00,182.66
2011-11-28 15:00:00,182.97
2011-11-28 16:00:00,290.49
2011-11-28 17:00:00,528.69
2011-11-28 18:00:00,500.86
2011-11-28 19:00:00,320.98
2011-11-28 20:00:00,222.19
2011-11-28 21:00:00,169.48
2011-11-28 22:00:00,125.09
2011-11-28 23:00:00,65.57
2011-11-29 00:00:00,29.81
2011-11-29 01:00:00,10.42
2011-11-29 02:00:00,4.51
2011-11-29 03:00:00,4.34
2011-11-29 04:00:00,5.3
2011-11-29 05:00:00,24.59
2011-11-29 06:00:00,98.37
2011-11-29 07:00:00,300.49
2011-11-29 08:00:00,442.93
2011-11-29 09:00:00,188.13
2011-11-29 10:00:00,126.17
2011-11-29 11:00:00,99.35
2011-11-29 12:00:00,106.22
2011-11-29 13:00:00,104.77
2011-11-29 14:00:00,56.37
2011-11-29 15:00:00,76.83
2011-11-29 16:00:00,102.46
2011-11-29 17:00:00,312.98
2011-11-29 18:00:00,318.58
2011-11-29 19:00:00,253.88
2011-11-29 20:00:00,168.6
2011-11-29 21:00:00,132.61
2011-11-29 22:00:00,101.88
2011-11-29 23:00:00,43.23
2011-11-30 00:00:00,28.35
2011-11-30 01:00:00,13.32
2011-11-30 02:00:00,5.88
2011-11-30 03:00:00,3.78
2011-11-30 04:00:00,4.595
2011-11-30 05:00:00,21.11
2011-11-30 06:00:00,94.92
2011-11-30 07:00:00,284.28
2011-11-30 08:00:00,409.3
2011-11-30 09:00:00,218.96
2011-11-30 10:00:00,127.11
2011-11-30 11:00:00,129.23
2011-11-30 12:00:00,135.18
2011-11-30 13:00:00,136.65
2011-11-30 14:00:00,136.76
2011-11-30 15:00:00,143.21
2011-11-30 16:00:00,214.63
2011-11-30 17:00:00,355.14
2011-11-30 18:00:00,335.82
2011-11-30 19:00:00,250.56
2011-11-30 20:00:00,168.25
2011-11-30 21:00:00,116.26
2011-11-30 22:00:00,94.31
2011-11-30 23:00:00,58.12
2011-12-20 00:00:00,29.9
2011-12-20 01:00:00,13.84
2011-12-20 02:00:00,7.41
2011-12-20 03:00:00,4.8
2011-12-20 04:00:00,5.54
2011-12-20 05:00:00,23.38
2011-12-20 06:00:00,96.03
2011-12-20 07:00:00,252.73
2011-12-20 08:00:00,433.14
2011-12-20 09:00:00,223.66
2011-12-20 10:00:00,136.52
2011-12-20 11:00:00,137.99
2011-12-20 12:00:00,147.98
2011-12-20 13:00:00,150.72
2011-12-20 14:00:00,152.53
2011-12-20 15:00:00,164.09
2011-12-20 16:00:00,261.37
2011-12-20 17:00:00,417.88
2011-12-20 18:00:00,373.18
2011-12-20 19:00:00,281.22
2011-12-20 20:00:00,186.57
2011-12-20 21:00:00,144.72
2011-12-20 22:00:00,108.89
2011-12-20 23:00:00,62.54
2011-12-21 00:00:00,24.0
2011-12-21 01:00:00,13.28
2011-12-21 02:00:00,6.51
2011-12-21 03:00:00,4.42
2011-12-21 04:00:00,5.0
2011-12-21 05:00:00,22.84
2011-12-21 06:00:00,92.42
2011-12-21 07:00:00,248.56
2011-12-21 08:00:00,114.79
2011-12-21 09:00:00,199.85
2011-12-21 10:00:00,116.94
2011-12-21 11:00:00,119.87
2011-12-21 12:00:00,86.13
2011-12-21 13:00:00,46.41
2011-12-21 14:00:00,122.19
2011-12-21 15:00:00,133.14
2011-12-21 16:00:00,82.56
2011-12-21 17:00:00,134.95
2011-12-21 18:00:00,254.11
2011-12-21 19:00:00,235.43
2011-12-21 20:00:00,149.53
2011-12-21 21:00:00,125.81
2011-12-21 22:00:00,120.1
2011-12-21 23:00:00,72.88
2011-12-22 00:00:00,31.13
2011-12-22 01:00:00,10.14
2011-12-22 02:00:00,10.45
2011-12-22 03:00:00,4.84
2011-12-22 04:00:00,5.36
2011-12-22 05:00:00,26.28
2011-12-22 06:00:00,94.0
2011-12-22 07:00:00,247.58
2011-12-22 08:00:00,388.87
2011-12-22 09:00:00,206.87
2011-12-22 10:00:00,115.55
2011-12-22 11:00:00,120.82
2011-12-22 12:00:00,157.87
2011-12-22 13:00:00,147.31
2011-12-22 14:00:00,142.63
2011-12-22 15:00:00,144.05
2011-12-22 16:00:00,240.03
2011-12-22 17:00:00,403.3
2011-12-22 18:00:00,388.58
2011-12-22 19:00:00,261.84
2011-12-22 20:00:00,158.83
2011-12-22 21:00:00,93.99
2011-12-22 22:00:00,76.37
2011-12-22 23:00:00,71.27
2011-12-23 00:00:00,52.81
2011-12-23 01:00:00,18.68
2011-12-23 02:00:00,9.5
2011-12-23 03:00:00,4.9
2011-12-23 04:00:00,4.43
2011-12-23 05:00:00,24.53
2011-12-23 06:00:00,80.53
2011-12-23 07:00:00,233.46
2011-12-23 08:00:00,383.97
2011-12-23 09:00:00,219.08
2011-12-23 10:00:00,143.47
2011-12-23 11:00:00,157.42
2011-12-23 12:00:00,168.51
2011-12-23 13:00:00,169.75
2011-12-23 14:00:00,167.01
2011-12-23 15:00:00,171.62
2011-12-23 16:00:00,214.97
2011-12-23 17:00:00,353.02
2011-12-23 18:00:00,334.03
2011-12-23 19:00:00,249.12
2011-12-23 20:00:00,153.07
2011-12-23 21:00:00,114.65
2011-12-23 22:00:00,98.2
2011-12-23 23:00:00,76.61
2011-12-24 00:00:00,74.12
2011-12-24 01:00:00,67.86
2011-12-24 02:00:00,58.64
2011-12-24 03:00:00,28.95
2011-12-24 04:00:00,7.08
2011-12-24 05:00:00,6.15
2011-12-24 06:00:00,15.77
2011-12-24 07:00:00,76.27
2011-12-24 08:00:00,80.18
2011-12-24 09:00:00,157.82
2011-12-24 10:00:00,204.68
2011-12-24 11:00:00,230.75
2011-12-24 12:00:00,255.5
2011-12-24 13:00:00,248.38
2011-12-24 14:00:00,249.7
2011-12-24 15:00:00,231.3
2011-12-24 16:00:00,238.79
2011-12-24 17:00:00,168.22
2011-12-24 18:00:00,202.29
2011-12-24 19:00:00,171.07
2011-12-24 20:00:00,116.7
2011-12-24 21:00:00,91.61
2011-12-24 22:00:00,89.48
2011-12-24 23:00:00,65.18
2011-12-25 00:00:00,69.63
2011-12-25 01:00:00,56.17
2011-12-25 02:00:00,53.28
2011-12-25 03:00:00,22.14
2011-12-25 05:00:00,5.88
2011-12-25 06:00:00,9.45
2011-12-25 07:00:00,43.2
2011-12-25 08:00:00,66.78
2011-12-25 09:00:00,97.5
2011-12-25 10:00:00,169.91
2011-12-25 11:00:00,194.19
2011-12-25 12:00:00,204.43
2011-12-25 13:00:00,209.15
2011-12-25 14:00:00,231.22
2011-12-25 15:00:00,234.83
2011-12-25 16:00:00,269.57
2011-12-25 17:00:00,197.65
2011-12-25 18:00:00,172.5
2011-12-25 19:00:00,153.91
2011-12-25 20:00:00,113.61
2011-12-25 21:00:00,98.12
2011-12-25 22:00:00,84.81
2011-12-25 23:00:00,44.25
2011-12-26 00:00:00,38.19
2011-12-26 01:00:00,28.02
2011-12-26 02:00:00,18.49
2011-12-26 04:00:00,7.67
2011-12-26 05:00:00,12.76
2011-12-26 06:00:00,49.38
2011-12-26 07:00:00,123.07
2011-12-26 08:00:00,194.17
2011-12-26 09:00:00,162.42
2011-12-26 10:00:00,204.36
2011-12-26 11:00:00,215.67
2011-12-26 12:00:00,225.09
2011-12-26 13:00:00,229.11
2011-12-26 14:00:00,228.49
2011-12-26 15:00:00,233.96
2011-12-26 16:00:00,225.41
2011-12-26 17:00:00,247.87
2011-12-26 18:00:00,246.21
2011-12-26 19:00:00,202.87
2011-12-26 20:00:00,130.04
2011-12-26 21:00:00,114.63
2011-12-26 22:00:00,100.14
2011-12-26 23:00:00,47.84
2011-12-27 00:00:00,18.74
2011-12-27 01:00:00,8.49
2011-12-27 02:00:00,4.83
2011-12-27 03:00:00,4.28
2011-12-27 04:00:00,5.14
2011-12-27 05:00:00,22.42
2011-12-27 06:00:00,83.58
2011-12-27 07:00:00,231.7
2011-12-27 08:00:00,389.57
2011-12-27 09:00:00,126.87
2011-12-27 10:00:00,126.34
2011-12-27 11:00:00,102.29
2011-12-27 12:00:00,94.15
2011-12-27 13:00:00,65.2
2011-12-27 14:00:00,91.88
2011-12-27 15:00:00,87.63
2011-12-27 16:00:00,109.61
2011-12-27 17:00:00,211.99
2011-12-27 18:00:00,281.2
2011-12-27 19:00:00,237.89
2011-12-27 20:00:00,163.41
2011-12-27 21:00:00,128.46
2011-12-27 22:00:00,105.45
2011-12-27 23:00:00,53.53
2011-12-28 00:00:00,21.48
2011-12-28 01:00:00,12.06
2011-12-28 02:00:00,6.51
2011-12-28 03:00:00,3.96
2011-12-28 05:00:00,21.33
2011-12-28 06:00:00,82.53
2011-12-28 07:00:00,234.98
2011-12-28 08:00:00,382.89
2011-12-28 09:00:00,218.17
2011-12-28 10:00:00,121.49
2011-12-28 11:00:00,127.24
2011-12-28 12:00:00,134.81
2011-12-28 13:00:00,130.59
2011-12-28 14:00:00,127.34
2011-12-28 15:00:00,138.28
2011-12-28 16:00:00,201.52
2011-12-28 17:00:00,303.25
2011-12-28 18:00:00,283.59
2011-12-28 19:00:00,216.14
2011-12-28 20:00:00,146.59
2011-12-28 21:00:00,106.85
2011-12-28 22:00:00,84.79
2011-12-28 23:00:00,55.26
2011-12-29 00:00:00,36.15
2011-12-29 01:00:00,10.06
2011-12-29 02:00:00,8.01
2011-12-29 03:00:00,4.41
2011-12-29 04:00:00,4.296666666666667
2011-12-29 05:00:00,21.4
2011-12-29 06:00:00,74.9
2011-12-29 07:00:00,207.96
2011-12-29 08:00:00,364.33
2011-12-29 09:00:00,220.72
2011-12-29 10:00:00,128.48
2011-12-29 11:00:00,129.85
2011-12-29 12:00:00,142.74
2011-12-29 13:00:00,143.28
2011-12-29 14:00:00,139.96
2011-12-29 15:00:00,146.94
2011-12-29 16:00:00,204.58
2011-12-29 17:00:00,315.24
2011-12-29 18:00:00,308.0
2011-12-29 19:00:00,242.06
2011-12-29 20:00:00,158.67
2011-12-29 21:00:00,125.74
2011-12-29 22:00:00,96.4
2011-12-29 23:00:00,65.28
2011-12-30 00:00:00,32.84
2011-12-30 01:00:00,18.53
2011-12-30 02:00:00,11.9
2011-12-30 03:00:00,3.38
2011-12-30 04:00:00,3.561976190476191
2011-12-30 05:00:00,20.94
2011-12-30 06:00:00,77.14
2011-12-30 07:00:00,216.43
2011-12-30 08:00:00,355.78
2011-12-30 09:00:00,220.79
2011-12-30 10:00:00,122.85
2011-12-30 11:00:00,144.28
2011-12-30 12:00:00,160.79
2011-12-30 13:00:00,159.6
2011-12-30 14:00:00,158.36
2011-12-30 15:00:00,189.85
2011-12-30 16:00:00,255.59
2011-12-30 17:00:00,364.32
2011-12-30 18:00:00,346.64
2011-12-30 19:00:00,233.48
2011-12-30 20:00:00,167.01
2011-12-30 21:00:00,126.97
2011-12-30 22:00:00,100.2
2011-12-30 23:00:00,74.08
2011-12-31 00:00:00,73.24
2011-12-31 01:00:00,61.15
2011-12-31 02:00:00,59.31
2011-12-31 03:00:00,25.51
2011-12-31 04:00:00,6.0
2011-12-31 05:00:00,5.97
2011-12-31 06:00:00,17.39
2011-12-31 07:00:00,113.62
2011-12-31 08:00:00,82.55
2011-12-31 09:00:00,138.97
2011-12-31 10:00:00,223.54
2011-12-31 11:00:00,267.2
2011-12-31 12:00:00,360.8
2011-12-31 13:00:00,339.97
2011-12-31 14:00:00,302.29
2011-12-31 15:00:00,313.09
2011-12-31 16:00:00,298.17
2011-12-31 17:00:00,258.04
2011-12-31 18:00:00,231.97
2011-12-31 19:00:00,186.87
2011-12-31 20:00:00,156.31
2011-12-31 21:00:00,118.41
2011-12-31 22:00:00,102.3
2011-12-31 23:00:00,78.86
2012-01-20 00:00:00,18.85
2012-01-20 01:00:00,16.19
2012-01-20 02:00:00,8.4
2012-01-20 03:00:00,5.44
2012-01-20 04:00:00,2.99
2012-01-20 05:00:00,20.14
2012-01-20 06:00:00,83.95
2012-01-20 07:00:00,218.42
2012-01-20 08:00:00,439.21
2012-01-20 09:00:00,216.47
2012-01-20 10:00:00,123.3
2012-01-20 11:00:00,136.74
2012-01-20 12:00:00,154.93
2012-01-20 13:00:00,161.21
2012-01-20 14:00:00,155.55
2012-01-20 15:00:00,155.56
2012-01-20 16:00:00,174.68
2012-01-20 17:00:00,254.38
2012-01-20 18:00:00,250.84
2012-01-20 19:00:00,213.58
2012-01-20 20:00:00,151.61
2012-01-20 21:00:00,98.29
2012-01-20 22:00:00,78.17
2012-01-20 23:00:00,45.03
2012-01-21 00:00:00,29.38
2012-01-21 01:00:00,33.79
2012-01-21 02:00:00,35.49
2012-01-21 03:00:00,27.97
2012-01-21 04:00:00,6.44
2012-01-21 05:00:00,6.37
2012-01-21 06:00:00,5.79
2012-01-21 07:00:00,61.49
2012-01-21 08:00:00,102.8
2012-01-21 09:00:00,116.56
2012-01-21 10:00:00,134.88
2012-01-21 11:00:00,164.57
2012-01-21 12:00:00,190.91
2012-01-21 13:00:00,198.02
2012-01-21 14:00:00,153.37
2012-01-21 15:00:00,154.52
2012-01-21 16:00:00,196.66
2012-01-21 17:00:00,164.5
2012-01-21 18:00:00,162.03
2012-01-21 19:00:00,115.67
2012-01-21 20:00:00,101.21
2012-01-21 21:00:00,62.96
2012-01-21 22:00:00,67.26
2012-01-21 23:00:00,57.98
2012-01-22 00:00:00,52.9
2012-01-22 01:00:00,47.37
2012-01-22 02:00:00,44.38
2012-01-22 03:00:00,29.1
2012-01-22 04:00:00,4.66
2012-01-22 05:00:00,4.04
2012-01-22 06:00:00,3.34
2012-01-22 07:00:00,31.19
2012-01-22 08:00:00,61.09
2012-01-22 09:00:00,93.04
2012-01-22 10:00:00,121.21
2012-01-22 11:00:00,132.21
2012-01-22 12:00:00,154.45
2012-01-22 13:00:00,180.88
2012-01-22 14:00:00,174.94
2012-01-22 15:00:00,144.68
2012-01-22 16:00:00,145.73
2012-01-22 17:00:00,155.13
2012-01-22 18:00:00,149.61
2012-01-22 19:00:00,143.62
2012-01-22 20:00:00,98.75
2012-01-22 21:00:00,70.95
2012-01-22 22:00:00,74.2
2012-01-22 23:00:00,45.54
2012-01-23 00:00:00,19.84
2012-01-23 01:00:00,8.15
2012-01-23 02:00:00,3.07
2012-01-23 03:00:00,3.01
2012-01-23 04:00:00,2.6
2012-01-23 05:00:00,20.43
2012-01-23 06:00:00,73.26
2012-01-23 07:00:00,204.41
2012-01-23 08:00:00,270.47
2012-01-23 09:00:00,212.44
2012-01-23 10:00:00,95.15
2012-01-23 11:00:00,95.1
2012-01-23 12:00:00,113.41
2012-01-23 13:00:00,71.58
2012-01-23 14:00:00,74.7
2012-01-23 15:00:00,115.45
2012-01-23 16:00:00,125.02
2012-01-23 17:00:00,185.31
2012-01-23 18:00:00,213.04
2012-01-23 19:00:00,184.84
2012-01-23 20:00:00,124.28
2012-01-23 21:00:00,100.53
2012-01-23 22:00:00,79.84
2012-01-23 23:00:00,48.56
2012-01-24 00:00:00,41.56
2012-01-24 01:00:00,6.72
2012-01-24 02:00:00,3.5
2012-01-24 03:00:00,3.09
2012-01-24 04:00:00,3.08
2012-01-24 05:00:00,17.16
2012-01-24 06:00:00,80.72
2012-01-24 07:00:00,258.57
2012-01-24 08:00:00,417.73
2012-01-24 09:00:00,210.37
2012-01-24 10:00:00,117.39
2012-01-24 11:00:00,139.82
2012-01-24 12:00:00,141.11
2012-01-24 13:00:00,139.53
2012-01-24 14:00:00,147.34
2012-01-24 15:00:00,141.54
2012-01-24 16:00:00,217.88
2012-01-24 17:00:00,399.44
2012-01-24 18:00:00,376.0
2012-01-24 19:00:00,302.84
2012-01-24 20:00:00,172.22
2012-01-24 21:00:00,155.39
2012-01-24 22:00:00,102.32
2012-01-24 23:00:00,55.02
2012-01-25 00:00:00,16.88
2012-01-25 01:00:00,7.91
2012-01-25 02:00:00,2.96
2012-01-25 03:00:00,3.09
2012-01-25 04:00:00,2.95
2012-01-25 05:00:00,20.05
2012-01-25 06:00:00,73.65
2012-01-25 07:00:00,243.18
2012-01-25 08:00:00,466.39
2012-01-25 09:00:00,231.37
2012-01-25 10:00:00,127.41
2012-01-25 11:00:00,117.78
2012-01-25 12:00:00,144.71
2012-01-25 13:00:00,149.45
2012-01-25 14:00:00,140.71
2012-01-25 15:00:00,157.85
2012-01-25 16:00:00,196.79
2012-01-25 17:00:00,349.88
2012-01-25 18:00:00,263.85
2012-01-25 19:00:00,247.48
2012-01-25 20:00:00,180.51
2012-01-25 21:00:00,144.98
2012-01-25 22:00:00,107.52
2012-01-25 23:00:00,56.42
2012-01-26 00:00:00,21.19
2012-01-26 01:00:00,8.7
2012-01-26 02:00:00,3.12
2012-01-26 03:00:00,3.09
2012-01-26 04:00:00,2.68
2012-01-26 05:00:00,20.49
2012-01-26 06:00:00,79.85
2012-01-26 07:00:00,226.9
2012-01-26 08:00:00,442.11
2012-01-26 09:00:00,207.41
2012-01-26 10:00:00,107.97
2012-01-26 11:00:00,100.14
2012-01-26 12:00:00,129.84
2012-01-26 13:00:00,162.5
2012-01-26 14:00:00,153.66
2012-01-26 15:00:00,154.36
2012-01-26 16:00:00,211.13
2012-01-26 17:00:00,393.22
2012-01-26 18:00:00,387.75
2012-01-26 19:00:00,282.19
2012-01-26 20:00:00,218.21
2012-01-26 21:00:00,158.51
2012-01-26 22:00:00,110.38
2012-01-26 23:00:00,59.82
2012-01-27 00:00:00,42.92
2012-01-27 01:00:00,17.29
2012-01-27 02:00:00,7.89
2012-01-27 03:00:00,4.82
2012-01-27 04:00:00,3.98
2012-01-27 05:00:00,17.29
2012-01-27 06:00:00,95.28
2012-01-27 07:00:00,297.01
2012-01-27 08:00:00,451.74
2012-01-27 09:00:00,210.24
2012-01-27 10:00:00,180.61
2012-01-27 11:00:00,267.42
2012-01-27 12:00:00,279.54
2012-01-27 13:00:00,270.18
2012-01-27 14:00:00,279.71
2012-01-27 15:00:00,267.0
2012-01-27 16:00:00,242.97
2012-01-27 17:00:00,403.9
2012-01-27 18:00:00,364.63
2012-01-27 19:00:00,258.01
2012-01-27 20:00:00,167.58
2012-01-27 21:00:00,145.62
2012-01-27 22:00:00,110.93
2012-01-27 23:00:00,71.08
2012-01-28 00:00:00,61.33
2012-01-28 01:00:00,56.07
2012-01-28 02:00:00,42.02
2012-01-28 03:00:00,21.84
2012-01-28 04:00:00,4.98
2012-01-28 05:00:00,5.46
2012-01-28 06:00:00,6.77
2012-01-28 07:00:00,35.63
2012-01-28 08:00:00,93.27
2012-01-28 09:00:00,112.97
2012-01-28 10:00:00,176.71
2012-01-28 11:00:00,226.44
2012-01-28 12:00:00,235.42
2012-01-28 13:00:00,278.59
2012-01-28 14:00:00,281.51
2012-01-28 15:00:00,310.43
2012-01-28 16:00:00,362.21
2012-01-28 17:00:00,395.96
2012-01-28 18:00:00,380.58
2012-01-28 19:00:00,228.09
2012-01-28 20:00:00,173.38
2012-01-28 21:00:00,131.92
2012-01-28 22:00:00,112.73
2012-01-28 23:00:00,87.17
2012-01-29 00:00:00,63.61
2012-01-29 01:00:00,59.28
2012-01-29 02:00:00,47.06
2012-01-29 03:00:00,26.73
2012-01-29 04:00:00,5.14
2012-01-29 05:00:00,4.87
2012-01-29 06:00:00,6.9
2012-01-29 07:00:00,31.73
2012-01-29 08:00:00,67.41
2012-01-29 09:00:00,110.07
2012-01-29 10:00:00,174.7
2012-01-29 11:00:00,220.0
2012-01-29 12:00:00,273.18
2012-01-29 13:00:00,270.91
2012-01-29 14:00:00,264.29
2012-01-29 15:00:00,308.87
2012-01-29 16:00:00,291.2
2012-01-29 17:00:00,309.07
2012-01-29 18:00:00,265.35
2012-01-29 19:00:00,181.03
2012-01-29 20:00:00,123.78
2012-01-29 21:00:00,118.6
2012-01-29 22:00:00,98.64
2012-01-29 23:00:00,53.28
2012-01-30 00:00:00,44.37
2012-01-30 01:00:00,5.39
2012-01-30 02:00:00,3.55
2012-01-30 03:00:00,2.59
2012-01-30 04:00:00,2.21
2012-01-30 05:00:00,17.21
2012-01-30 06:00:00,84.61
2012-01-30 07:00:00,237.26
2012-01-30 08:00:00,410.67
2012-01-30 09:00:00,210.69
2012-01-30 10:00:00,121.04
2012-01-30 11:00:00,113.93
2012-01-30 12:00:00,146.21
2012-01-30 13:00:00,141.77
2012-01-30 14:00:00,134.25
2012-01-30 15:00:00,143.22
2012-01-30 16:00:00,221.84
2012-01-30 17:00:00,393.25
2012-01-30 18:00:00,334.08
2012-01-30 19:00:00,218.53
2012-01-30 20:00:00,172.23
2012-01-30 21:00:00,141.59
2012-01-30 22:00:00,82.98
2012-01-30 23:00:00,50.34
2012-01-31 00:00:00,14.75
2012-01-31 01:00:00,5.86
2012-01-31 02:00:00,3.46
2012-01-31 03:00:00,2.51
2012-01-31 04:00:00,1.98
2012-01-31 05:00:00,16.75
2012-01-31 06:00:00,87.35
2012-01-31 07:00:00,237.09
2012-01-31 08:00:00,421.85
2012-01-31 09:00:00,211.12
2012-01-31 10:00:00,123.27
2012-01-31 11:00:00,131.04
2012-01-31 12:00:00,144.06
2012-01-31 13:00:00,194.79
2012-01-31 14:00:00,207.92
2012-01-31 15:00:00,219.6
2012-01-31 16:00:00,322.19
2012-01-31 17:00:00,543.99
2012-01-31 18:00:00,527.48
2012-01-31 19:00:00,373.24
2012-01-31 20:00:00,209.12
2012-01-31 21:00:00,197.13
2012-01-31 22:00:00,106.9
2012-01-31 23:00:00,75.26
2012-02-20 00:00:00,25.31
2012-02-20 01:00:00,21.97
2012-02-20 02:00:00,16.54
2012-02-20 03:00:00,6.96
2012-02-20 05:00:00,18.82
2012-02-20 06:00:00,24.78
2012-02-20 07:00:00,50.74
2012-02-20 08:00:00,120.06
2012-02-20 09:00:00,136.98
2012-02-20 10:00:00,165.12
2012-02-20 11:00:00,166.53
2012-02-20 12:00:00,196.64
2012-02-20 13:00:00,205.35
2012-02-20 14:00:00,205.27
2012-02-20 15:00:00,239.05
2012-02-20 16:00:00,285.28
2012-02-20 17:00:00,378.25
2012-02-20 18:00:00,288.8
2012-02-20 19:00:00,212.69
2012-02-20 20:00:00,184.92
2012-02-20 21:00:00,137.95
2012-02-20 22:00:00,103.05
2012-02-20 23:00:00,62.64
2012-02-21 00:00:00,18.8
2012-02-21 01:00:00,7.52
2012-02-21 02:00:00,3.4
2012-02-21 04:00:00,2.06
2012-02-21 05:00:00,21.12
2012-02-21 06:00:00,74.86
2012-02-21 07:00:00,260.87
2012-02-21 08:00:00,431.35
2012-02-21 09:00:00,242.75
2012-02-21 10:00:00,118.58
2012-02-21 11:00:00,115.91
2012-02-21 12:00:00,155.39
2012-02-21 13:00:00,148.1
2012-02-21 14:00:00,151.64
2012-02-21 15:00:00,147.7
2012-02-21 16:00:00,227.57
2012-02-21 17:00:00,424.38
2012-02-21 18:00:00,423.38
2012-02-21 19:00:00,272.59
2012-02-21 20:00:00,188.0
2012-02-21 21:00:00,174.47
2012-02-21 22:00:00,103.47
2012-02-21 23:00:00,51.73
2012-02-22 00:00:00,23.54
2012-02-22 01:00:00,9.08
2012-02-22 02:00:00,3.52
2012-02-22 03:00:00,2.67
2012-02-22 04:00:00,2.27
2012-02-22 05:00:00,20.03
2012-02-22 06:00:00,81.69
2012-02-22 07:00:00,291.16
2012-02-22 08:00:00,467.25
2012-02-22 09:00:00,258.58
2012-02-22 10:00:00,146.43
2012-02-22 11:00:00,150.75
2012-02-22 12:00:00,153.85
2012-02-22 13:00:00,156.99
2012-02-22 14:00:00,160.25
2012-02-22 15:00:00,215.41
2012-02-22 16:00:00,312.19
2012-02-22 17:00:00,521.16
2012-02-22 18:00:00,473.19
2012-02-22 19:00:00,290.95
2012-02-22 20:00:00,227.87
2012-02-22 21:00:00,197.53
2012-02-22 22:00:00,111.95
2012-02-22 23:00:00,83.34
2012-02-23 00:00:00,37.2
2012-02-23 01:00:00,9.45
2012-02-23 02:00:00,5.09
2012-02-23 03:00:00,2.46
2012-02-23 04:00:00,2.5
2012-02-23 05:00:00,21.03
2012-02-23 06:00:00,90.65
2012-02-23 07:00:00,306.81
2012-02-23 08:00:00,486.13
2012-02-23 09:00:00,256.97
2012-02-23 10:00:00,168.22
2012-02-23 11:00:00,195.4
2012-02-23 12:00:00,220.5
2012-02-23 13:00:00,219.43
2012-02-23 14:00:00,222.92
2012-02-23 15:00:00,231.24
2012-02-23 16:00:00,321.52
2012-02-23 17:00:00,542.72
2012-02-23 18:00:00,522.49
2012-02-23 19:00:00,371.1
2012-02-23 20:00:00,248.81
2012-02-23 21:00:00,176.28
2012-02-23 22:00:00,120.08
2012-02-23 23:00:00,82.5
2012-02-24 00:00:00,42.46
2012-02-24 01:00:00,25.85
2012-02-24 02:00:00,5.99
2012-02-24 03:00:00,4.54
2012-02-24 04:00:00,3.91
2012-02-24 05:00:00,17.95
2012-02-24 06:00:00,90.71
2012-02-24 07:00:00,301.31
2012-02-24 08:00:00,442.89
2012-02-24 09:00:00,178.93
2012-02-24 10:00:00,125.88
2012-02-24 11:00:00,189.75
2012-02-24 12:00:00,192.25
2012-02-24 13:00:00,201.09
2012-02-24 14:00:00,235.34
2012-02-24 15:00:00,152.36
2012-02-24 16:00:00,177.55
2012-02-24 17:00:00,287.14
2012-02-24 18:00:00,350.25
2012-02-24 19:00:00,280.84
2012-02-24 20:00:00,173.78
2012-02-24 21:00:00,149.36
2012-02-24 22:00:00,115.39
2012-02-24 23:00:00,86.01
2012-02-25 00:00:00,70.76
2012-02-25 01:00:00,61.83
2012-02-25 02:00:00,46.24
2012-02-25 03:00:00,18.63
2012-02-25 04:00:00,5.27
2012-02-25 05:00:00,4.62
2012-02-25 06:00:00,9.93
2012-02-25 07:00:00,46.01
2012-02-25 08:00:00,98.12
2012-02-25 09:00:00,123.51
2012-02-25 10:00:00,179.62
2012-02-25 11:00:00,205.91
2012-02-25 12:00:00,257.03
2012-02-25 13:00:00,267.12
2012-02-25 14:00:00,245.85
2012-02-25 15:00:00,266.54
2012-02-25 16:00:00,238.53
2012-02-25 17:00:00,195.49
2012-02-25 18:00:00,181.49
2012-02-25 19:00:00,137.65
2012-02-25 20:00:00,102.81
2012-02-25 21:00:00,74.2
2012-02-25 22:00:00,80.09
2012-02-25 23:00:00,56.52
2012-02-26 00:00:00,61.58
2012-02-26 01:00:00,52.72
2012-02-26 02:00:00,45.15
2012-02-26 03:00:00,30.41
2012-02-26 04:00:00,4.69
2012-02-26 05:00:00,5.22
2012-02-26 06:00:00,6.95
2012-02-26 07:00:00,28.19
2012-02-26 08:00:00,72.14
2012-02-26 09:00:00,113.5
2012-02-26 10:00:00,180.69
2012-02-26 11:00:00,209.46
2012-02-26 12:00:00,266.78
2012-02-26 13:00:00,269.36
2012-02-26 14:00:00,293.35
2012-02-26 15:00:00,328.61
2012-02-26 16:00:00,300.27
2012-02-26 17:00:00,330.62
2012-02-26 18:00:00,264.62
2012-02-26 19:00:00,192.44
2012-02-26 20:00:00,139.25
2012-02-26 21:00:00,127.86
2012-02-26 22:00:00,103.63
2012-02-26 23:00:00,39.21
2012-02-27 00:00:00,14.84
2012-02-27 01:00:00,5.94
2012-02-27 02:00:00,3.18
2012-02-27 03:00:00,2.68
2012-02-27 04:00:00,2.08
2012-02-27 05:00:00,19.99
2012-02-27 06:00:00,83.65
2012-02-27 07:00:00,253.01
2012-02-27 08:00:00,453.21
2012-02-27 09:00:00,223.05
2012-02-27 10:00:00,124.54
2012-02-27 11:00:00,148.38
2012-02-27 12:00:00,155.33
2012-02-27 13:00:00,161.33
2012-02-27 14:00:00,187.46
2012-02-27 15:00:00,221.7
2012-02-27 16:00:00,319.78
2012-02-27 17:00:00,551.98
2012-02-27 18:00:00,517.79
2012-02-27 19:00:00,370.89
2012-02-27 20:00:00,234.87
2012-02-27 21:00:00,199.09
2012-02-27 22:00:00,106.19
2012-02-27 23:00:00,68.37
2012-02-28 00:00:00,29.57
2012-02-28 01:00:00,8.92
2012-02-28 02:00:00,7.74
2012-02-28 03:00:00,3.85
2012-02-28 04:00:00,2.08
2012-02-28 05:00:00,19.93
2012-02-28 06:00:00,89.64
2012-02-28 07:00:00,268.15
2012-02-28 08:00:00,422.78
2012-02-28 09:00:00,211.85
2012-02-28 10:00:00,117.61
2012-02-28 11:00:00,134.84
2012-02-28 12:00:00,159.92
2012-02-28 13:00:00,173.26
2012-02-28 14:00:00,153.61
2012-02-28 15:00:00,169.8
2012-02-28 16:00:00,279.66
2012-02-28 17:00:00,454.53
2012-02-28 18:00:00,445.04
2012-02-28 19:00:00,293.7
2012-02-28 20:00:00,214.35
2012-02-28 21:00:00,164.98
2012-02-28 22:00:00,109.63
2012-02-28 23:00:00,53.36
2012-02-29 00:00:00,25.91
2012-02-29 01:00:00,8.25
2012-02-29 02:00:00,3.65
2012-02-29 03:00:00,2.59
2012-02-29 05:00:00,20.88
2012-02-29 06:00:00,81.72
2012-02-29 07:00:00,251.14
2012-02-29 08:00:00,461.49
2012-02-29 09:00:00,131.8
2012-02-29 10:00:00,61.24
2012-02-29 11:00:00,70.3
2012-02-29 12:00:00,75.47
2012-02-29 13:00:00,152.1
2012-02-29 14:00:00,149.83
2012-02-29 15:00:00,150.21
2012-02-29 16:00:00,146.95
2012-02-29 17:00:00,344.77
2012-02-29 18:00:00,269.15
2012-02-29 19:00:00,273.96
2012-02-29 20:00:00,185.71
2012-02-29 21:00:00,129.92
2012-02-29 22:00:00,73.22
2012-02-29 23:00:00,42.88
2012-03-20 00:00:00,30.0
2012-03-20 01:00:00,18.7
2012-03-20 02:00:00,5.25
2012-03-20 03:00:00,3.84
2012-03-20 04:00:00,3.67
2012-03-20 05:00:00,18.65
2012-03-20 06:00:00,112.47
2012-03-20 07:00:00,170.22
2012-03-20 08:00:00,526.0
2012-03-20 09:00:00,320.5
2012-03-20 10:00:00,149.03
2012-03-20 11:00:00,155.74
2012-03-20 12:00:00,224.17
2012-03-20 13:00:00,232.59
2012-03-20 14:00:00,229.86
2012-03-20 15:00:00,264.51
2012-03-20 16:00:00,339.82
2012-03-20 17:00:00,596.7
2012-03-20 18:00:00,659.98
2012-03-20 19:00:00,463.43
2012-03-20 20:00:00,368.46
2012-03-20 21:00:00,251.6
2012-03-20 22:00:00,160.26
2012-03-20 23:00:00,90.02
2012-03-21 00:00:00,37.88
2012-03-21 01:00:00,17.87
2012-03-21 02:00:00,5.64
2012-03-21 03:00:00,3.92
2012-03-21 04:00:00,4.08
2012-03-21 05:00:00,23.65
2012-03-21 06:00:00,121.96
2012-03-21 07:00:00,234.86
2012-03-21 08:00:00,439.38
2012-03-21 09:00:00,328.34
2012-03-21 10:00:00,144.7
2012-03-21 11:00:00,137.38
2012-03-21 12:00:00,244.86
2012-03-21 13:00:00,229.65
2012-03-21 14:00:00,235.91
2012-03-21 15:00:00,228.37
2012-03-21 16:00:00,343.2
2012-03-21 17:00:00,676.8
2012-03-21 18:00:00,685.23
2012-03-21 19:00:00,507.16
2012-03-21 20:00:00,342.96
2012-03-21 21:00:00,243.47
2012-03-21 22:00:00,184.11
2012-03-21 23:00:00,113.5
2012-03-22 00:00:00,52.37
2012-03-22 01:00:00,21.02
2012-03-22 02:00:00,7.34
2012-03-22 03:00:00,5.23
2012-03-22 04:00:00,4.2
2012-03-22 05:00:00,19.79
2012-03-22 06:00:00,123.47
2012-03-22 07:00:00,310.51
2012-03-22 08:00:00,516.14
2012-03-22 09:00:00,314.51
2012-03-22 10:00:00,162.68
2012-03-22 11:00:00,146.14
2012-03-22 12:00:00,217.05
2012-03-22 13:00:00,260.7
2012-03-22 14:00:00,251.09
2012-03-22 15:00:00,256.2
2012-03-22 16:00:00,371.81
2012-03-22 17:00:00,690.12
2012-03-22 18:00:00,700.94
2012-03-22 19:00:00,506.33
2012-03-22 20:00:00,369.53
2012-03-22 21:00:00,255.74
2012-03-22 22:00:00,203.05
2012-03-22 23:00:00,142.0
2012-03-23 00:00:00,57.85
2012-03-23 01:00:00,35.17
2012-03-23 02:00:00,8.74
2012-03-23 03:00:00,6.1
2012-03-23 04:00:00,4.89
2012-03-23 05:00:00,20.11
2012-03-23 06:00:00,115.81
2012-03-23 07:00:00,326.56
2012-03-23 08:00:00,556.11
2012-03-23 09:00:00,330.27
2012-03-23 10:00:00,218.73
2012-03-23 11:00:00,263.15
2012-03-23 12:00:00,324.76
2012-03-23 13:00:00,369.48
2012-03-23 14:00:00,369.43
2012-03-23 15:00:00,386.46
2012-03-23 16:00:00,507.36
2012-03-23 17:00:00,751.17
2012-03-23 18:00:00,701.63
2012-03-23 19:00:00,475.24
2012-03-23 20:00:00,349.76
2012-03-23 21:00:00,273.76
2012-03-23 22:00:00,251.86
2012-03-23 23:00:00,186.22
2012-03-24 00:00:00,106.01
2012-03-24 01:00:00,102.69666666666666
2012-03-24 02:00:00,67.38
2012-03-24 03:00:00,29.45
2012-03-24 04:00:00,15.34
2012-03-24 05:00:00,13.36
2012-03-24 06:00:00,36.61
2012-03-24 07:00:00,123.36
2012-03-24 08:00:00,207.93
2012-03-24 09:00:00,280.51
2012-03-24 10:00:00,357.47
2012-03-24 11:00:00,415.15
2012-03-24 12:00:00,371.27
2012-03-24 13:00:00,377.64
2012-03-24 14:00:00,377.51
2012-03-24 15:00:00,398.64
2012-03-24 16:00:00,306.61
2012-03-24 17:00:00,221.03
2012-03-24 18:00:00,225.61
2012-03-24 19:00:00,215.72
2012-03-24 20:00:00,155.03
2012-03-24 21:00:00,138.12
2012-03-24 22:00:00,92.59
2012-03-24 23:00:00,104.5
2012-03-25 00:00:00,86.23
2012-03-25 01:00:00,71.54
2012-03-25 02:00:00,52.71
2012-03-25 03:00:00,23.25
2012-03-25 04:00:00,9.21
2012-03-25 05:00:00,9.52
2012-03-25 06:00:00,20.32
2012-03-25 07:00:00,72.54
2012-03-25 08:00:00,157.71
2012-03-25 09:00:00,206.37
2012-03-25 10:00:00,270.93
2012-03-25 11:00:00,307.99
2012-03-25 12:00:00,341.81
2012-03-25 13:00:00,351.77
2012-03-25 14:00:00,363.08
2012-03-25 15:00:00,357.25
2012-03-25 16:00:00,450.32
2012-03-25 17:00:00,404.34
2012-03-25 18:00:00,389.86
2012-03-25 19:00:00,302.03
2012-03-25 20:00:00,216.78
2012-03-25 21:00:00,177.2
2012-03-25 22:00:00,115.84
2012-03-25 23:00:00,76.88
2012-03-26 00:00:00,27.85
2012-03-26 01:00:00,11.95
2012-03-26 02:00:00,6.83
2012-03-26 03:00:00,3.82
2012-03-26 04:00:00,3.72
2012-03-26 05:00:00,24.79
2012-03-26 06:00:00,118.17
2012-03-26 07:00:00,376.91
2012-03-26 08:00:00,614.34
2012-03-26 09:00:00,301.09
2012-03-26 10:00:00,174.61
2012-03-26 11:00:00,237.57
2012-03-26 12:00:00,263.05
2012-03-26 13:00:00,261.36
2012-03-26 14:00:00,263.17
2012-03-26 15:00:00,258.85
2012-03-26 16:00:00,374.52
2012-03-26 17:00:00,600.51
2012-03-26 18:00:00,532.53
2012-03-26 19:00:00,378.86
2012-03-26 20:00:00,239.87
2012-03-26 21:00:00,184.76
2012-03-26 22:00:00,118.18
2012-03-26 23:00:00,69.63
2012-03-27 00:00:00,43.29
2012-03-27 01:00:00,7.3
2012-03-27 02:00:00,6.88
2012-03-27 03:00:00,3.2
2012-03-27 04:00:00,2.68
2012-03-27 05:00:00,25.84
2012-03-27 06:00:00,96.17
2012-03-27 07:00:00,300.0
2012-03-27 08:00:00,525.84
2012-03-27 09:00:00,285.71
2012-03-27 10:00:00,174.63
2012-03-27 11:00:00,178.65
2012-03-27 12:00:00,186.38
2012-03-27 13:00:00,198.78
2012-03-27 14:00:00,194.98
2012-03-27 15:00:00,210.52
2012-03-27 16:00:00,310.62
2012-03-27 17:00:00,537.51
2012-03-27 18:00:00,516.35
2012-03-27 19:00:00,380.45
2012-03-27 20:00:00,265.26
2012-03-27 21:00:00,177.86
2012-03-27 22:00:00,132.39
2012-03-27 23:00:00,81.47
2012-03-28 00:00:00,26.53
2012-03-28 01:00:00,9.23
2012-03-28 02:00:00,6.31
2012-03-28 03:00:00,3.44
2012-03-28 04:00:00,2.46
2012-03-28 05:00:00,27.04
2012-03-28 06:00:00,112.14
2012-03-28 07:00:00,332.27
2012-03-28 08:00:00,602.12
2012-03-28 09:00:00,293.66
2012-03-28 10:00:00,191.49
2012-03-28 11:00:00,217.19
2012-03-28 12:00:00,250.06
2012-03-28 13:00:00,251.63
2012-03-28 14:00:00,245.26
2012-03-28 15:00:00,257.56
2012-03-28 16:00:00,347.44
2012-03-28 17:00:00,717.84
2012-03-28 18:00:00,719.53
2012-03-28 19:00:00,499.21
2012-03-28 20:00:00,381.31
2012-03-28 21:00:00,271.09
2012-03-28 22:00:00,195.86
2012-03-28 23:00:00,115.09
2012-03-29 00:00:00,51.33
2012-03-29 01:00:00,21.01
2012-03-29 02:00:00,11.76
2012-03-29 03:00:00,6.71
2012-03-29 04:00:00,6.82
2012-03-29 05:00:00,28.31
2012-03-29 06:00:00,122.69
2012-03-29 07:00:00,366.94
2012-03-29 08:00:00,611.92
2012-03-29 09:00:00,314.63
2012-03-29 10:00:00,186.7
2012-03-29 11:00:00,212.86
2012-03-29 12:00:00,248.82
2012-03-29 13:00:00,244.56
2012-03-29 14:00:00,236.88
2012-03-29 15:00:00,237.47
2012-03-29 16:00:00,384.72
2012-03-29 17:00:00,605.91
2012-03-29 18:00:00,592.54
2012-03-29 19:00:00,416.31
2012-03-29 20:00:00,282.9
2012-03-29 21:00:00,195.61
2012-03-29 22:00:00,137.74
2012-03-29 23:00:00,94.58
2012-03-30 00:00:00,47.72
2012-03-30 01:00:00,25.03
2012-03-30 02:00:00,8.46
2012-03-30 03:00:00,4.34
2012-03-30 04:00:00,5.62
2012-03-30 05:00:00,25.36
2012-03-30 06:00:00,92.92
2012-03-30 07:00:00,309.08
2012-03-30 08:00:00,582.7
2012-03-30 09:00:00,303.82
2012-03-30 10:00:00,189.68
2012-03-30 11:00:00,191.14
2012-03-30 12:00:00,219.24
2012-03-30 13:00:00,170.75
2012-03-30 14:00:00,155.34
2012-03-30 15:00:00,159.91
2012-03-30 16:00:00,207.2
2012-03-30 17:00:00,466.18
2012-03-30 18:00:00,497.6
2012-03-30 19:00:00,328.23
2012-03-30 20:00:00,212.17
2012-03-30 21:00:00,169.29
2012-03-30 22:00:00,144.15
2012-03-30 23:00:00,92.42
2012-03-31 00:00:00,77.48
2012-03-31 01:00:00,68.97
2012-03-31 02:00:00,57.05
2012-03-31 03:00:00,25.58
2012-03-31 04:00:00,8.88
2012-03-31 05:00:00,8.46
2012-03-31 06:00:00,36.42
2012-03-31 07:00:00,56.16
2012-03-31 08:00:00,152.68
2012-03-31 09:00:00,238.93
2012-03-31 10:00:00,296.66
2012-03-31 11:00:00,405.67
2012-03-31 12:00:00,535.3
2012-03-31 13:00:00,598.31
2012-03-31 14:00:00,524.46
2012-03-31 15:00:00,517.61
2012-03-31 16:00:00,529.75
2012-03-31 17:00:00,436.74
2012-03-31 18:00:00,358.41
2012-03-31 19:00:00,257.3
2012-03-31 20:00:00,171.74
2012-03-31 21:00:00,159.54
2012-03-31 22:00:00,137.74
2012-03-31 23:00:00,86.02
2012-04-20 00:00:00,51.8
2012-04-20 01:00:00,35.93
2012-04-20 02:00:00,7.56
2012-04-20 03:00:00,5.7
2012-04-20 04:00:00,4.83
2012-04-20 05:00:00,20.56
2012-04-20 06:00:00,115.53
2012-04-20 07:00:00,348.41
2012-04-20 08:00:00,619.83
2012-04-20 09:00:00,316.41
2012-04-20 10:00:00,226.98
2012-04-20 11:00:00,275.41
2012-04-20 12:00:00,359.78
2012-04-20 13:00:00,374.24
2012-04-20 14:00:00,371.64
2012-04-20 15:00:00,394.73
2012-04-20 16:00:00,524.26
2012-04-20 17:00:00,712.22
2012-04-20 18:00:00,668.86
2012-04-20 19:00:00,477.25
2012-04-20 20:00:00,337.68
2012-04-20 21:00:00,249.59
2012-04-20 22:00:00,182.44
2012-04-20 23:00:00,179.02
2012-04-21 00:00:00,103.56
2012-04-21 01:00:00,100.7275
2012-04-21 02:00:00,68.93
2012-04-21 03:00:00,32.0
2012-04-21 04:00:00,16.26
2012-04-21 05:00:00,17.34
2012-04-21 06:00:00,45.21
2012-04-21 07:00:00,99.85
2012-04-21 08:00:00,187.16
2012-04-21 09:00:00,291.39
2012-04-21 10:00:00,454.65
2012-04-21 11:00:00,519.41
2012-04-21 12:00:00,609.95
2012-04-21 13:00:00,636.29
2012-04-21 14:00:00,604.31
2012-04-21 15:00:00,600.85
2012-04-21 16:00:00,593.23
2012-04-21 17:00:00,529.17
2012-04-21 18:00:00,489.4
2012-04-21 19:00:00,323.3
2012-04-21 20:00:00,139.17
2012-04-21 21:00:00,99.24
2012-04-21 22:00:00,158.53
2012-04-21 23:00:00,127.96
2012-04-22 00:00:00,99.5
2012-04-22 01:00:00,96.99
2012-04-22 02:00:00,66.78
2012-04-22 03:00:00,25.55
2012-04-22 04:00:00,11.6
2012-04-22 05:00:00,10.5
2012-04-22 06:00:00,41.22
2012-04-22 07:00:00,48.35
2012-04-22 08:00:00,118.97
2012-04-22 09:00:00,198.87
2012-04-22 10:00:00,259.8
2012-04-22 11:00:00,248.28
2012-04-22 12:00:00,260.46
2012-04-22 13:00:00,316.32
2012-04-22 14:00:00,245.51
2012-04-22 15:00:00,256.1
2012-04-22 16:00:00,252.54
2012-04-22 17:00:00,193.61
2012-04-22 18:00:00,169.24
2012-04-22 19:00:00,149.28
2012-04-22 20:00:00,121.65
2012-04-22 21:00:00,109.6
2012-04-22 22:00:00,76.15
2012-04-22 23:00:00,61.8
2012-04-23 00:00:00,23.14
2012-04-23 01:00:00,9.43
2012-04-23 02:00:00,4.9
2012-04-23 03:00:00,2.98
2012-04-23 04:00:00,2.36
2012-04-23 05:00:00,22.98
2012-04-23 06:00:00,91.57
2012-04-23 07:00:00,282.11
2012-04-23 08:00:00,569.48
2012-04-23 09:00:00,284.2
2012-04-23 10:00:00,156.03
2012-04-23 11:00:00,158.68
2012-04-23 12:00:00,164.69
2012-04-23 13:00:00,170.32
2012-04-23 14:00:00,170.79
2012-04-23 15:00:00,184.68
2012-04-23 16:00:00,247.22
2012-04-23 17:00:00,389.49
2012-04-23 18:00:00,390.08
2012-04-23 19:00:00,357.73
2012-04-23 20:00:00,249.81
2012-04-23 21:00:00,156.54
2012-04-23 22:00:00,117.05
2012-04-23 23:00:00,74.02
2012-04-24 00:00:00,24.92
2012-04-24 01:00:00,10.12
2012-04-24 02:00:00,3.97
2012-04-24 03:00:00,2.96
2012-04-24 04:00:00,1.84
2012-04-24 05:00:00,24.29
2012-04-24 06:00:00,101.06
2012-04-24 07:00:00,331.19
2012-04-24 08:00:00,626.25
2012-04-24 09:00:00,313.1
2012-04-24 10:00:00,188.99
2012-04-24 11:00:00,237.62
2012-04-24 12:00:00,264.16
2012-04-24 13:00:00,258.58
2012-04-24 14:00:00,248.22
2012-04-24 15:00:00,238.64
2012-04-24 16:00:00,401.78
2012-04-24 17:00:00,681.51
2012-04-24 18:00:00,657.7
2012-04-24 19:00:00,484.08
2012-04-24 20:00:00,300.95
2012-04-24 21:00:00,250.01
2012-04-24 22:00:00,158.72
2012-04-24 23:00:00,120.29
2012-04-25 00:00:00,32.5
2012-04-25 01:00:00,9.62
2012-04-25 02:00:00,4.59
2012-04-25 03:00:00,2.78
2012-04-25 04:00:00,2.91
2012-04-25 05:00:00,26.79
2012-04-25 06:00:00,104.75
2012-04-25 07:00:00,379.0
2012-04-25 08:00:00,603.61
2012-04-25 09:00:00,319.03
2012-04-25 10:00:00,184.81
2012-04-25 11:00:00,238.14
2012-04-25 12:00:00,257.05
2012-04-25 13:00:00,266.2
2012-04-25 14:00:00,248.29
2012-04-25 15:00:00,294.36
2012-04-25 16:00:00,407.74
2012-04-25 17:00:00,736.71
2012-04-25 18:00:00,736.05
2012-04-25 19:00:00,513.96
2012-04-25 20:00:00,370.54
2012-04-25 21:00:00,271.49
2012-04-25 22:00:00,184.29
2012-04-25 23:00:00,117.81
2012-04-26 00:00:00,44.48
2012-04-26 01:00:00,18.37
2012-04-26 02:00:00,9.26
2012-04-26 03:00:00,4.9
2012-04-26 04:00:00,4.76
2012-04-26 05:00:00,26.98
2012-04-26 06:00:00,130.23
2012-04-26 07:00:00,351.22
2012-04-26 08:00:00,557.29
2012-04-26 09:00:00,239.1
2012-04-26 10:00:00,173.51
2012-04-26 11:00:00,165.28
2012-04-26 12:00:00,248.64
2012-04-26 13:00:00,235.37
2012-04-26 14:00:00,227.19
2012-04-26 15:00:00,216.19
2012-04-26 16:00:00,276.44
2012-04-26 17:00:00,513.95
2012-04-26 18:00:00,515.51
2012-04-26 19:00:00,367.69
2012-04-26 20:00:00,335.14
2012-04-26 21:00:00,238.7
2012-04-26 22:00:00,205.5
2012-04-26 23:00:00,139.98
2012-04-27 00:00:00,54.26
2012-04-27 01:00:00,31.53
2012-04-27 02:00:00,11.76
2012-04-27 03:00:00,7.12
2012-04-27 04:00:00,4.82
2012-04-27 05:00:00,27.15
2012-04-27 06:00:00,107.02
2012-04-27 07:00:00,354.4
2012-04-27 08:00:00,614.68
2012-04-27 09:00:00,323.51
2012-04-27 10:00:00,242.72
2012-04-27 11:00:00,258.17
2012-04-27 12:00:00,351.29
2012-04-27 13:00:00,353.31
2012-04-27 14:00:00,349.07
2012-04-27 15:00:00,407.92
2012-04-27 16:00:00,488.14
2012-04-27 17:00:00,654.96
2012-04-27 18:00:00,608.71
2012-04-27 19:00:00,442.67
2012-04-27 20:00:00,277.97
2012-04-27 21:00:00,189.85
2012-04-27 22:00:00,152.13
2012-04-27 23:00:00,121.34
2012-04-28 00:00:00,78.94
2012-04-28 01:00:00,66.39
2012-04-28 02:00:00,57.59
2012-04-28 03:00:00,26.49
2012-04-28 04:00:00,10.13
2012-04-28 05:00:00,9.12
2012-04-28 06:00:00,47.69
2012-04-28 07:00:00,68.74
2012-04-28 08:00:00,175.98
2012-04-28 09:00:00,268.34
2012-04-28 10:00:00,323.7
2012-04-28 11:00:00,412.56
2012-04-28 12:00:00,438.12
2012-04-28 13:00:00,497.36
2012-04-28 14:00:00,509.1
2012-04-28 15:00:00,491.25
2012-04-28 16:00:00,492.81
2012-04-28 17:00:00,441.77
2012-04-28 18:00:00,338.52
2012-04-28 19:00:00,259.5
2012-04-28 20:00:00,197.58
2012-04-28 21:00:00,155.31
2012-04-28 22:00:00,154.4
2012-04-28 23:00:00,145.6
2012-04-29 00:00:00,42.17
2012-04-29 01:00:00,72.66
2012-04-29 02:00:00,62.14
2012-04-29 03:00:00,26.18
2012-04-29 04:00:00,10.61
2012-04-29 05:00:00,10.22
2012-04-29 06:00:00,49.82
2012-04-29 07:00:00,45.43
2012-04-29 08:00:00,133.23
2012-04-29 09:00:00,257.08
2012-04-29 10:00:00,334.3
2012-04-29 11:00:00,469.91
2012-04-29 12:00:00,576.93
2012-04-29 13:00:00,592.18
2012-04-29 14:00:00,619.98
2012-04-29 15:00:00,593.87
2012-04-29 16:00:00,548.98
2012-04-29 17:00:00,419.84
2012-04-29 18:00:00,427.25
2012-04-29 19:00:00,377.14
2012-04-29 20:00:00,309.59
2012-04-29 21:00:00,176.42
2012-04-29 22:00:00,141.77
2012-04-29 23:00:00,90.84
2012-04-30 00:00:00,30.87
2012-04-30 01:00:00,10.3
2012-04-30 02:00:00,6.41
2012-04-30 03:00:00,3.47
2012-04-30 04:00:00,2.54
2012-04-30 05:00:00,25.9
2012-04-30 06:00:00,120.19
2012-04-30 07:00:00,381.42
2012-04-30 08:00:00,633.4
2012-04-30 09:00:00,309.28
2012-04-30 10:00:00,195.0
2012-04-30 11:00:00,192.69
2012-04-30 12:00:00,209.98
2012-04-30 13:00:00,249.85
2012-04-30 14:00:00,255.38
2012-04-30 15:00:00,255.21
2012-04-30 16:00:00,372.85
2012-04-30 17:00:00,726.97
2012-04-30 18:00:00,710.44
2012-04-30 19:00:00,492.44
2012-04-30 20:00:00,310.13
2012-04-30 21:00:00,223.88
2012-04-30 22:00:00,166.83
2012-04-30 23:00:00,93.06
2012-05-20 00:00:00,160.77
2012-05-20 01:00:00,98.045
2012-05-20 02:00:00,81.95
2012-05-20 03:00:00,30.61
2012-05-20 04:00:00,13.95
2012-05-20 05:00:00,12.75
2012-05-20 06:00:00,25.41
2012-05-20 07:00:00,61.5
2012-05-20 08:00:00,150.54
2012-05-20 09:00:00,270.08
2012-05-20 10:00:00,433.52
2012-05-20 11:00:00,562.85
2012-05-20 12:00:00,647.61
2012-05-20 13:00:00,657.09
2012-05-20 14:00:00,605.33
2012-05-20 15:00:00,582.67
2012-05-20 16:00:00,571.82
2012-05-20 17:00:00,493.9
2012-05-20 18:00:00,457.42
2012-05-20 19:00:00,365.2
2012-05-20 20:00:00,305.04
2012-05-20 21:00:00,244.01
2012-05-20 22:00:00,156.12
2012-05-20 23:00:00,74.42
2012-05-21 00:00:00,35.24
2012-05-21 01:00:00,15.74
2012-05-21 02:00:00,8.59
2012-05-21 03:00:00,4.14
2012-05-21 04:00:00,4.9
2012-05-21 05:00:00,23.52
2012-05-21 06:00:00,90.5
2012-05-21 07:00:00,203.91
2012-05-21 08:00:00,264.11
2012-05-21 09:00:00,136.51
2012-05-21 10:00:00,77.72
2012-05-21 11:00:00,138.26
2012-05-21 12:00:00,197.72
2012-05-21 13:00:00,111.48
2012-05-21 14:00:00,111.23
2012-05-21 15:00:00,221.47
2012-05-21 16:00:00,341.93
2012-05-21 17:00:00,665.16
2012-05-21 18:00:00,616.1
2012-05-21 19:00:00,513.65
2012-05-21 20:00:00,379.16
2012-05-21 21:00:00,276.7
2012-05-21 22:00:00,160.22
2012-05-21 23:00:00,101.44
2012-05-22 00:00:00,40.65
2012-05-22 01:00:00,17.91
2012-05-22 02:00:00,7.54
2012-05-22 03:00:00,6.25
2012-05-22 04:00:00,4.51
2012-05-22 05:00:00,22.77
2012-05-22 06:00:00,96.56
2012-05-22 07:00:00,201.59
2012-05-22 08:00:00,565.82
2012-05-22 09:00:00,320.94
2012-05-22 10:00:00,173.47
2012-05-22 11:00:00,206.18
2012-05-22 12:00:00,210.12
2012-05-22 13:00:00,225.97
2012-05-22 14:00:00,225.36
2012-05-22 15:00:00,266.78
2012-05-22 16:00:00,403.46
2012-05-22 17:00:00,757.67
2012-05-22 18:00:00,725.24
2012-05-22 19:00:00,505.13
2012-05-22 20:00:00,388.66
2012-05-22 21:00:00,279.32
2012-05-22 22:00:00,196.97
2012-05-22 23:00:00,110.87
2012-05-23 00:00:00,45.69
2012-05-23 01:00:00,16.21
2012-05-23 02:00:00,8.86
2012-05-23 03:00:00,6.36
2012-05-23 04:00:00,4.96
2012-05-23 05:00:00,23.26
2012-05-23 06:00:00,143.13
2012-05-23 07:00:00,419.68
2012-05-23 08:00:00,636.24
2012-05-23 09:00:00,320.91
2012-05-23 10:00:00,182.15
2012-05-23 11:00:00,220.3
2012-05-23 12:00:00,275.59
2012-05-23 13:00:00,242.59
2012-05-23 14:00:00,271.38
2012-05-23 15:00:00,269.27
2012-05-23 16:00:00,373.9
2012-05-23 17:00:00,608.02
2012-05-23 18:00:00,626.67
2012-05-23 19:00:00,371.66
2012-05-23 20:00:00,292.55
2012-05-23 21:00:00,236.5
2012-05-23 22:00:00,183.39
2012-05-23 23:00:00,123.52
2012-05-24 00:00:00,72.98
2012-05-24 01:00:00,21.61
2012-05-24 02:00:00,10.27
2012-05-24 03:00:00,6.37
2012-05-24 04:00:00,4.83
2012-05-24 05:00:00,24.74
2012-05-24 06:00:00,137.18
2012-05-24 07:00:00,419.77
2012-05-24 08:00:00,671.24
2012-05-24 09:00:00,334.78
2012-05-24 10:00:00,188.58
2012-05-24 11:00:00,234.89
2012-05-24 12:00:00,306.46
2012-05-24 13:00:00,300.38
2012-05-24 14:00:00,267.6
2012-05-24 15:00:00,276.33
2012-05-24 16:00:00,384.49
2012-05-24 17:00:00,753.52
2012-05-24 18:00:00,749.25
2012-05-24 19:00:00,553.49
2012-05-24 20:00:00,383.56
2012-05-24 21:00:00,115.81
2012-05-24 22:00:00,193.85
2012-05-24 23:00:00,123.63
2012-05-25 00:00:00,79.37
2012-05-25 01:00:00,43.18
2012-05-25 02:00:00,11.62
2012-05-25 03:00:00,7.76
2012-05-25 04:00:00,7.52
2012-05-25 05:00:00,26.98
2012-05-25 06:00:00,136.98
2012-05-25 07:00:00,385.56
2012-05-25 08:00:00,623.03
2012-05-25 09:00:00,318.05
2012-05-25 10:00:00,231.01
2012-05-25 11:00:00,251.79
2012-05-25 12:00:00,338.48
2012-05-25 13:00:00,338.35
2012-05-25 14:00:00,330.58
2012-05-25 15:00:00,312.66
2012-05-25 16:00:00,494.9
2012-05-25 17:00:00,670.08
2012-05-25 18:00:00,657.37
2012-05-25 19:00:00,502.26
2012-05-25 20:00:00,358.51
2012-05-25 21:00:00,271.1
2012-05-25 22:00:00,284.1
2012-05-25 23:00:00,199.86
2012-05-26 00:00:00,151.76
2012-05-26 01:00:00,111.565
2012-05-26 02:00:00,74.09
2012-05-26 03:00:00,29.01
2012-05-26 04:00:00,11.01
2012-05-26 05:00:00,14.6
2012-05-26 06:00:00,41.73
2012-05-26 07:00:00,76.37
2012-05-26 08:00:00,170.48
2012-05-26 09:00:00,275.7
2012-05-26 10:00:00,413.48
2012-05-26 11:00:00,455.83
2012-05-26 12:00:00,503.28
2012-05-26 13:00:00,525.57
2012-05-26 14:00:00,519.36
2012-05-26 15:00:00,509.48
2012-05-26 16:00:00,529.9
2012-05-26 17:00:00,503.39
2012-05-26 18:00:00,492.29
2012-05-26 19:00:00,373.62
2012-05-26 20:00:00,318.44
2012-05-26 21:00:00,257.75
2012-05-26 22:00:00,264.99
2012-05-26 23:00:00,200.88
2012-05-27 00:00:00,138.8
2012-05-27 01:00:00,113.225
2012-05-27 02:00:00,80.54
2012-05-27 03:00:00,37.37
2012-05-27 04:00:00,11.96
2012-05-27 05:00:00,13.35
2012-05-27 06:00:00,25.38
2012-05-27 07:00:00,54.99
2012-05-27 08:00:00,140.49
2012-05-27 09:00:00,259.97
2012-05-27 10:00:00,370.03
2012-05-27 11:00:00,471.34
2012-05-27 12:00:00,484.72
2012-05-27 13:00:00,525.63
2012-05-27 14:00:00,525.06
2012-05-27 15:00:00,512.78
2012-05-27 16:00:00,510.9
2012-05-27 17:00:00,481.48
2012-05-27 18:00:00,464.95
2012-05-27 19:00:00,343.74
2012-05-27 20:00:00,317.46
2012-05-27 21:00:00,199.96
2012-05-27 22:00:00,125.48
2012-05-27 23:00:00,84.84
2012-05-28 00:00:00,88.28
2012-05-28 01:00:00,50.18
2012-05-28 02:00:00,37.0
2012-05-28 03:00:00,24.05
2012-05-28 04:00:00,19.24
2012-05-28 05:00:00,30.16
2012-05-28 06:00:00,92.27
2012-05-28 07:00:00,253.73
2012-05-28 08:00:00,261.53
2012-05-28 09:00:00,282.93
2012-05-28 10:00:00,276.58
2012-05-28 11:00:00,306.35
2012-05-28 12:00:00,353.22
2012-05-28 13:00:00,384.45
2012-05-28 14:00:00,381.22
2012-05-28 15:00:00,373.45
2012-05-28 16:00:00,379.34
2012-05-28 17:00:00,489.96
2012-05-28 18:00:00,469.65
2012-05-28 19:00:00,428.75
2012-05-28 20:00:00,376.57
2012-05-28 21:00:00,328.89
2012-05-28 22:00:00,232.73
2012-05-28 23:00:00,135.98
2012-05-29 00:00:00,46.95
2012-05-29 01:00:00,19.16
2012-05-29 02:00:00,10.21
2012-05-29 03:00:00,4.99
2012-05-29 04:00:00,5.41
2012-05-29 05:00:00,27.51
2012-05-29 06:00:00,160.04
2012-05-29 07:00:00,443.04
2012-05-29 08:00:00,643.74
2012-05-29 09:00:00,330.49
2012-05-29 10:00:00,173.77
2012-05-29 11:00:00,214.0
2012-05-29 12:00:00,275.83
2012-05-29 13:00:00,271.87
2012-05-29 14:00:00,274.84
2012-05-29 15:00:00,283.59
2012-05-29 16:00:00,360.44
2012-05-29 17:00:00,755.62
2012-05-29 18:00:00,757.5
2012-05-29 19:00:00,564.25
2012-05-29 20:00:00,355.23
2012-05-29 21:00:00,118.62
2012-05-29 22:00:00,173.72
2012-05-29 23:00:00,83.9
2012-05-30 00:00:00,44.12
2012-05-30 01:00:00,15.7
2012-05-30 02:00:00,7.08
2012-05-30 03:00:00,5.23
2012-05-30 04:00:00,5.63
2012-05-30 05:00:00,28.34
2012-05-30 06:00:00,149.29
2012-05-30 07:00:00,295.57
2012-05-30 08:00:00,657.21
2012-05-30 09:00:00,340.58
2012-05-30 10:00:00,167.25
2012-05-30 11:00:00,223.99
2012-05-30 12:00:00,314.5
2012-05-30 13:00:00,305.75
2012-05-30 14:00:00,284.38
2012-05-30 15:00:00,273.08
2012-05-30 16:00:00,368.41
2012-05-30 17:00:00,803.46
2012-05-30 18:00:00,815.22
2012-05-30 19:00:00,522.94
2012-05-30 20:00:00,338.5
2012-05-30 21:00:00,317.69
2012-05-30 22:00:00,276.09
2012-05-30 23:00:00,135.9
2012-05-31 00:00:00,72.37
2012-05-31 01:00:00,23.91
2012-05-31 02:00:00,11.12
2012-05-31 03:00:00,7.36
2012-05-31 04:00:00,6.4
2012-05-31 05:00:00,29.49
2012-05-31 06:00:00,157.57
2012-05-31 07:00:00,454.74
2012-05-31 08:00:00,667.93
2012-05-31 09:00:00,316.84
2012-05-31 10:00:00,189.13
2012-05-31 11:00:00,248.08
2012-05-31 12:00:00,318.4
2012-05-31 13:00:00,314.69
2012-05-31 14:00:00,282.59
2012-05-31 15:00:00,292.28
2012-05-31 16:00:00,400.88
2012-05-31 17:00:00,819.69
2012-05-31 18:00:00,798.64
2012-05-31 19:00:00,531.24
2012-05-31 20:00:00,396.0
2012-05-31 21:00:00,309.15
2012-05-31 22:00:00,292.72
2012-05-31 23:00:00,174.5
2012-06-20 00:00:00,47.71
2012-06-20 01:00:00,18.79
2012-06-20 02:00:00,6.82
2012-06-20 03:00:00,7.34
2012-06-20 04:00:00,7.99
2012-06-20 05:00:00,39.61
2012-06-20 06:00:00,157.04
2012-06-20 07:00:00,436.86
2012-06-20 08:00:00,674.27
2012-06-20 09:00:00,327.76
2012-06-20 10:00:00,186.68
2012-06-20 11:00:00,216.4
2012-06-20 12:00:00,252.6
2012-06-20 13:00:00,252.64
2012-06-20 14:00:00,243.66
2012-06-20 15:00:00,255.71
2012-06-20 16:00:00,418.24
2012-06-20 17:00:00,738.78
2012-06-20 18:00:00,726.09
2012-06-20 19:00:00,563.09
2012-06-20 20:00:00,457.34
2012-06-20 21:00:00,384.79
2012-06-20 22:00:00,275.71
2012-06-20 23:00:00,141.74
2012-06-21 00:00:00,70.08
2012-06-21 01:00:00,25.49
2012-06-21 02:00:00,10.41
2012-06-21 03:00:00,7.22
2012-06-21 04:00:00,7.46
2012-06-21 05:00:00,37.83
2012-06-21 06:00:00,166.8
2012-06-21 07:00:00,342.84
2012-06-21 08:00:00,672.26
2012-06-21 09:00:00,301.32
2012-06-21 10:00:00,190.28
2012-06-21 11:00:00,221.7
2012-06-21 12:00:00,278.25
2012-06-21 13:00:00,282.86
2012-06-21 14:00:00,243.02
2012-06-21 15:00:00,258.17
2012-06-21 16:00:00,427.07
2012-06-21 17:00:00,726.51
2012-06-21 18:00:00,721.35
2012-06-21 19:00:00,548.74
2012-06-21 20:00:00,478.37
2012-06-21 21:00:00,346.96
2012-06-21 22:00:00,271.6
2012-06-21 23:00:00,152.91
2012-06-22 00:00:00,76.24
2012-06-22 01:00:00,39.15
2012-06-22 02:00:00,18.07
2012-06-22 03:00:00,8.45
2012-06-22 04:00:00,7.18
2012-06-22 05:00:00,37.04
2012-06-22 06:00:00,145.8
2012-06-22 07:00:00,409.46
2012-06-22 08:00:00,672.29
2012-06-22 09:00:00,355.67
2012-06-22 10:00:00,236.79
2012-06-22 11:00:00,262.09
2012-06-22 12:00:00,326.02
2012-06-22 13:00:00,309.5
2012-06-22 14:00:00,300.47
2012-06-22 15:00:00,288.53
2012-06-22 16:00:00,455.95
2012-06-22 17:00:00,780.81
2012-06-22 18:00:00,695.55
2012-06-22 19:00:00,502.71
2012-06-22 20:00:00,371.65
2012-06-22 21:00:00,199.91
2012-06-22 22:00:00,258.51
2012-06-22 23:00:00,171.07
2012-06-23 00:00:00,162.2
2012-06-23 01:00:00,111.17
2012-06-23 02:00:00,80.78
2012-06-23 03:00:00,27.64
2012-06-23 04:00:00,11.38
2012-06-23 05:00:00,12.08
2012-06-23 06:00:00,38.02
2012-06-23 07:00:00,68.72
2012-06-23 08:00:00,178.88
2012-06-23 09:00:00,283.75
2012-06-23 10:00:00,427.73
2012-06-23 11:00:00,515.07
2012-06-23 12:00:00,555.22
2012-06-23 13:00:00,577.38
2012-06-23 14:00:00,593.53
2012-06-23 15:00:00,534.66
2012-06-23 16:00:00,533.97
2012-06-23 17:00:00,469.02
2012-06-23 18:00:00,439.85
2012-06-23 19:00:00,361.85
2012-06-23 20:00:00,364.35
2012-06-23 21:00:00,250.42
2012-06-23 22:00:00,271.37
2012-06-23 23:00:00,211.47
2012-06-24 00:00:00,174.67
2012-06-24 01:00:00,129.36
2012-06-24 02:00:00,97.98
2012-06-24 03:00:00,32.39
2012-06-24 04:00:00,15.68
2012-06-24 05:00:00,13.65
2012-06-24 06:00:00,25.49
2012-06-24 07:00:00,54.74
2012-06-24 08:00:00,147.22
2012-06-24 09:00:00,250.59
2012-06-24 10:00:00,397.45
2012-06-24 11:00:00,502.39
2012-06-24 12:00:00,544.69
2012-06-24 13:00:00,562.13
2012-06-24 14:00:00,498.26
2012-06-24 15:00:00,486.85
2012-06-24 16:00:00,498.99
2012-06-24 17:00:00,486.95
2012-06-24 18:00:00,478.47
2012-06-24 19:00:00,390.13
2012-06-24 20:00:00,355.52
2012-06-24 21:00:00,247.3
2012-06-24 22:00:00,177.79
2012-06-24 23:00:00,106.85
2012-06-25 00:00:00,47.57
2012-06-25 01:00:00,16.79
2012-06-25 02:00:00,10.63
2012-06-25 03:00:00,8.81
2012-06-25 04:00:00,7.78
2012-06-25 05:00:00,38.85
2012-06-25 06:00:00,154.73
2012-06-25 07:00:00,473.24
2012-06-25 08:00:00,626.39
2012-06-25 09:00:00,336.45
2012-06-25 10:00:00,168.26
2012-06-25 11:00:00,216.88
2012-06-25 12:00:00,278.18
2012-06-25 13:00:00,277.8
2012-06-25 14:00:00,256.99
2012-06-25 15:00:00,282.39
2012-06-25 16:00:00,413.21
2012-06-25 17:00:00,793.51
2012-06-25 18:00:00,779.24
2012-06-25 19:00:00,616.9
2012-06-25 20:00:00,426.95
2012-06-25 21:00:00,299.77
2012-06-25 22:00:00,203.81
2012-06-25 23:00:00,126.75
2012-06-26 00:00:00,47.1
2012-06-26 01:00:00,20.22
2012-06-26 02:00:00,12.8
2012-06-26 03:00:00,8.31
2012-06-26 04:00:00,8.74
2012-06-26 05:00:00,41.73
2012-06-26 06:00:00,151.43
2012-06-26 07:00:00,467.24
2012-06-26 08:00:00,659.64
2012-06-26 09:00:00,306.37
2012-06-26 10:00:00,180.36
2012-06-26 11:00:00,240.03
2012-06-26 12:00:00,290.29
2012-06-26 13:00:00,291.84
2012-06-26 14:00:00,290.81
2012-06-26 15:00:00,294.1
2012-06-26 16:00:00,440.97
2012-06-26 17:00:00,812.32
2012-06-26 18:00:00,783.13
2012-06-26 19:00:00,592.87
2012-06-26 20:00:00,428.41
2012-06-26 21:00:00,305.03
2012-06-26 22:00:00,225.03
2012-06-26 23:00:00,142.55
2012-06-27 00:00:00,48.53
2012-06-27 01:00:00,16.04
2012-06-27 02:00:00,11.28
2012-06-27 03:00:00,8.19
2012-06-27 04:00:00,8.39
2012-06-27 05:00:00,41.51
2012-06-27 06:00:00,152.0
2012-06-27 07:00:00,421.63
2012-06-27 08:00:00,661.68
2012-06-27 09:00:00,312.38
2012-06-27 10:00:00,186.08
2012-06-27 11:00:00,239.52
2012-06-27 12:00:00,303.19
2012-06-27 13:00:00,296.06
2012-06-27 14:00:00,311.98
2012-06-27 15:00:00,293.62
2012-06-27 16:00:00,445.08
2012-06-27 17:00:00,792.06
2012-06-27 18:00:00,779.53
2012-06-27 19:00:00,604.7
2012-06-27 20:00:00,468.81
2012-06-27 21:00:00,335.08
2012-06-27 22:00:00,273.42
2012-06-27 23:00:00,153.55
2012-06-28 00:00:00,73.3
2012-06-28 01:00:00,22.4
2012-06-28 02:00:00,11.43
2012-06-28 03:00:00,8.68
2012-06-28 04:00:00,8.99
2012-06-28 05:00:00,38.06
2012-06-28 06:00:00,153.22
2012-06-28 07:00:00,493.87
2012-06-28 08:00:00,656.9
2012-06-28 09:00:00,326.17
2012-06-28 10:00:00,185.42
2012-06-28 11:00:00,235.73
2012-06-28 12:00:00,291.38
2012-06-28 13:00:00,293.48
2012-06-28 14:00:00,281.48
2012-06-28 15:00:00,288.02
2012-06-28 16:00:00,462.59
2012-06-28 17:00:00,742.11
2012-06-28 18:00:00,739.07
2012-06-28 19:00:00,578.55
2012-06-28 20:00:00,456.41
2012-06-28 21:00:00,330.61
2012-06-28 22:00:00,283.37
2012-06-28 23:00:00,190.44
2012-06-29 00:00:00,80.35
2012-06-29 01:00:00,34.54
2012-06-29 02:00:00,16.04
2012-06-29 03:00:00,8.01
2012-06-29 04:00:00,7.9
2012-06-29 05:00:00,35.52
2012-06-29 06:00:00,142.95
2012-06-29 07:00:00,410.38
2012-06-29 08:00:00,687.45
2012-06-29 09:00:00,363.2
2012-06-29 10:00:00,239.32
2012-06-29 11:00:00,260.88
2012-06-29 12:00:00,297.23
2012-06-29 13:00:00,298.39
2012-06-29 14:00:00,288.13
2012-06-29 15:00:00,289.79
2012-06-29 16:00:00,441.71
2012-06-29 17:00:00,668.73
2012-06-29 18:00:00,620.56
2012-06-29 19:00:00,456.91
2012-06-29 20:00:00,386.03
2012-06-29 21:00:00,404.53
2012-06-29 22:00:00,235.55
2012-06-29 23:00:00,127.46
2012-06-30 00:00:00,141.57
2012-06-30 01:00:00,112.36
2012-06-30 02:00:00,78.27
2012-06-30 03:00:00,30.31
2012-06-30 04:00:00,10.57
2012-06-30 05:00:00,12.67
2012-06-30 06:00:00,36.56
2012-06-30 07:00:00,71.28
2012-06-30 08:00:00,175.83
2012-06-30 09:00:00,281.56
2012-06-30 10:00:00,392.32
2012-06-30 11:00:00,478.39
2012-06-30 12:00:00,500.23
2012-06-30 13:00:00,517.0
2012-06-30 14:00:00,517.06
2012-06-30 15:00:00,506.42
2012-06-30 16:00:00,451.09
2012-06-30 17:00:00,413.69
2012-06-30 18:00:00,454.3
2012-06-30 19:00:00,376.92
2012-06-30 20:00:00,324.07
2012-06-30 21:00:00,271.76
2012-06-30 22:00:00,246.09
2012-06-30 23:00:00,201.13
2012-07-20 00:00:00,80.93
2012-07-20 01:00:00,34.26
2012-07-20 02:00:00,11.94
2012-07-20 03:00:00,7.58
2012-07-20 04:00:00,7.66
2012-07-20 05:00:00,40.7
2012-07-20 06:00:00,156.66
2012-07-20 07:00:00,399.85
2012-07-20 08:00:00,640.17
2012-07-20 09:00:00,338.97
2012-07-20 10:00:00,227.9
2012-07-20 11:00:00,246.33
2012-07-20 12:00:00,156.31
2012-07-20 13:00:00,149.08
2012-07-20 14:00:00,153.07
2012-07-20 15:00:00,274.1
2012-07-20 16:00:00,413.9
2012-07-20 17:00:00,450.61
2012-07-20 18:00:00,479.09
2012-07-20 19:00:00,349.65
2012-07-20 20:00:00,178.34
2012-07-20 21:00:00,126.99
2012-07-20 22:00:00,212.27
2012-07-20 23:00:00,171.45
2012-07-21 00:00:00,127.72
2012-07-21 01:00:00,109.34
2012-07-21 02:00:00,66.03
2012-07-21 03:00:00,28.41
2012-07-21 04:00:00,12.98
2012-07-21 05:00:00,14.05
2012-07-21 06:00:00,32.06
2012-07-21 07:00:00,69.54
2012-07-21 08:00:00,161.33
2012-07-21 09:00:00,273.85
2012-07-21 10:00:00,356.44
2012-07-21 11:00:00,419.15
2012-07-21 12:00:00,356.98
2012-07-21 13:00:00,316.82
2012-07-21 14:00:00,456.54
2012-07-21 15:00:00,382.02
2012-07-21 16:00:00,229.1
2012-07-21 17:00:00,213.33
2012-07-21 18:00:00,298.22
2012-07-21 19:00:00,268.22
2012-07-21 20:00:00,197.41
2012-07-21 21:00:00,184.45
2012-07-21 22:00:00,172.96
2012-07-21 23:00:00,148.77
2012-07-22 00:00:00,162.86
2012-07-22 01:00:00,104.12
2012-07-22 02:00:00,86.64
2012-07-22 03:00:00,29.67
2012-07-22 04:00:00,11.64
2012-07-22 05:00:00,12.46
2012-07-22 06:00:00,23.68
2012-07-22 07:00:00,52.9
2012-07-22 08:00:00,130.31
2012-07-22 09:00:00,271.52
2012-07-22 10:00:00,362.72
2012-07-22 11:00:00,389.41
2012-07-22 12:00:00,463.55
2012-07-22 13:00:00,486.86
2012-07-22 14:00:00,499.66
2012-07-22 15:00:00,487.75
2012-07-22 16:00:00,490.16
2012-07-22 17:00:00,483.55
2012-07-22 18:00:00,447.5
2012-07-22 19:00:00,343.42
2012-07-22 20:00:00,297.57
2012-07-22 21:00:00,209.52
2012-07-22 22:00:00,160.2
2012-07-22 23:00:00,100.84
2012-07-23 00:00:00,49.14
2012-07-23 01:00:00,16.51
2012-07-23 02:00:00,8.2
2012-07-23 03:00:00,7.13
2012-07-23 04:00:00,8.72
2012-07-23 05:00:00,35.52
2012-07-23 06:00:00,157.78
2012-07-23 07:00:00,428.52
2012-07-23 08:00:00,616.38
2012-07-23 09:00:00,328.54
2012-07-23 10:00:00,167.62
2012-07-23 11:00:00,224.08
2012-07-23 12:00:00,265.54
2012-07-23 13:00:00,265.08
2012-07-23 14:00:00,257.34
2012-07-23 15:00:00,268.59
2012-07-23 16:00:00,379.99
2012-07-23 17:00:00,785.07
2012-07-23 18:00:00,785.93
2012-07-23 19:00:00,588.27
2012-07-23 20:00:00,441.24
2012-07-23 21:00:00,300.82
2012-07-23 22:00:00,202.8
2012-07-23 23:00:00,150.33
2012-07-24 00:00:00,49.93
2012-07-24 01:00:00,19.92
2012-07-24 02:00:00,7.4
2012-07-24 03:00:00,6.65
2012-07-24 04:00:00,7.55
2012-07-24 05:00:00,39.91
2012-07-24 06:00:00,168.78
2012-07-24 07:00:00,497.02
2012-07-24 08:00:00,638.93
2012-07-24 09:00:00,304.08
2012-07-24 10:00:00,178.52
2012-07-24 11:00:00,202.15
2012-07-24 12:00:00,255.08
2012-07-24 13:00:00,253.49
2012-07-24 14:00:00,243.8
2012-07-24 15:00:00,284.88
2012-07-24 16:00:00,380.46
2012-07-24 17:00:00,774.82
2012-07-24 18:00:00,693.61
2012-07-24 19:00:00,576.91
2012-07-24 20:00:00,452.89
2012-07-24 21:00:00,312.05
2012-07-24 22:00:00,220.37
2012-07-24 23:00:00,127.61
2012-07-25 00:00:00,53.53
2012-07-25 01:00:00,15.55
2012-07-25 02:00:00,9.84
2012-07-25 03:00:00,7.23
2012-07-25 04:00:00,6.41
2012-07-25 05:00:00,39.12
2012-07-25 06:00:00,164.88
2012-07-25 07:00:00,416.17
2012-07-25 08:00:00,653.25
2012-07-25 09:00:00,309.04
2012-07-25 10:00:00,185.25
2012-07-25 11:00:00,244.52
2012-07-25 12:00:00,300.03
2012-07-25 13:00:00,295.49
2012-07-25 14:00:00,272.29
2012-07-25 15:00:00,280.99
2012-07-25 16:00:00,434.98
2012-07-25 17:00:00,821.63
2012-07-25 18:00:00,778.49
2012-07-25 19:00:00,601.78
2012-07-25 20:00:00,466.85
2012-07-25 21:00:00,335.37
2012-07-25 22:00:00,243.04
2012-07-25 23:00:00,137.37
2012-07-26 00:00:00,67.67
2012-07-26 01:00:00,23.41
2012-07-26 02:00:00,11.04
2012-07-26 03:00:00,7.85
2012-07-26 04:00:00,7.01
2012-07-26 05:00:00,38.65
2012-07-26 06:00:00,170.24
2012-07-26 07:00:00,489.98
2012-07-26 08:00:00,673.45
2012-07-26 09:00:00,329.39
2012-07-26 10:00:00,186.31
2012-07-26 11:00:00,215.94
2012-07-26 12:00:00,267.32
2012-07-26 13:00:00,265.2
2012-07-26 14:00:00,211.17
2012-07-26 15:00:00,211.64
2012-07-26 16:00:00,414.01
2012-07-26 17:00:00,667.35
2012-07-26 18:00:00,658.23
2012-07-26 19:00:00,559.79
2012-07-26 20:00:00,480.15
2012-07-26 21:00:00,348.28
2012-07-26 22:00:00,264.39
2012-07-26 23:00:00,164.79
2012-07-27 00:00:00,81.76
2012-07-27 01:00:00,40.9
2012-07-27 02:00:00,18.33
2012-07-27 03:00:00,9.28
2012-07-27 04:00:00,9.04
2012-07-27 05:00:00,37.47
2012-07-27 06:00:00,155.67
2012-07-27 07:00:00,411.93
2012-07-27 08:00:00,665.92
2012-07-27 09:00:00,345.06
2012-07-27 10:00:00,238.06
2012-07-27 11:00:00,253.33
2012-07-27 12:00:00,313.8
2012-07-27 13:00:00,327.09
2012-07-27 14:00:00,299.18
2012-07-27 15:00:00,301.89
2012-07-27 16:00:00,458.42
2012-07-27 17:00:00,698.99
2012-07-27 18:00:00,695.05
2012-07-27 19:00:00,474.79
2012-07-27 20:00:00,362.31
2012-07-27 21:00:00,304.91
2012-07-27 22:00:00,250.38
2012-07-27 23:00:00,204.17
2012-07-28 00:00:00,158.61
2012-07-28 01:00:00,96.33
2012-07-28 02:00:00,76.74
2012-07-28 03:00:00,34.89
2012-07-28 04:00:00,14.83
2012-07-28 05:00:00,16.47
2012-07-28 06:00:00,36.35
2012-07-28 07:00:00,68.22
2012-07-28 08:00:00,173.83
2012-07-28 09:00:00,265.48
2012-07-28 10:00:00,394.58
2012-07-28 11:00:00,505.48
2012-07-28 12:00:00,538.77
2012-07-28 13:00:00,490.31
2012-07-28 14:00:00,522.74
2012-07-28 15:00:00,498.09
2012-07-28 16:00:00,489.72
2012-07-28 17:00:00,444.95
2012-07-28 18:00:00,447.29
2012-07-28 19:00:00,321.05
2012-07-28 20:00:00,231.48
2012-07-28 21:00:00,237.77
2012-07-28 22:00:00,245.21
2012-07-28 23:00:00,204.53
2012-07-29 00:00:00,170.8
2012-07-29 01:00:00,126.11
2012-07-29 02:00:00,82.33
2012-07-29 03:00:00,39.21
2012-07-29 04:00:00,12.39
2012-07-29 05:00:00,18.75
2012-07-29 06:00:00,24.23
2012-07-29 07:00:00,56.54
2012-07-29 08:00:00,142.14
2012-07-29 09:00:00,263.79
2012-07-29 10:00:00,401.91
2012-07-29 11:00:00,489.21
2012-07-29 12:00:00,534.69
2012-07-29 13:00:00,516.18
2012-07-29 14:00:00,526.7
2012-07-29 15:00:00,512.97
2012-07-29 16:00:00,501.56
2012-07-29 17:00:00,457.61
2012-07-29 18:00:00,470.26
2012-07-29 19:00:00,342.9
2012-07-29 20:00:00,310.38
2012-07-29 21:00:00,213.36
2012-07-29 22:00:00,158.19
2012-07-29 23:00:00,101.99
2012-07-30 00:00:00,52.7
2012-07-30 01:00:00,19.79
2012-07-30 02:00:00,11.85
2012-07-30 03:00:00,6.98
2012-07-30 04:00:00,9.33
2012-07-30 05:00:00,37.74
2012-07-30 06:00:00,153.06
2012-07-30 07:00:00,366.71
2012-07-30 08:00:00,619.3
2012-07-30 09:00:00,346.06
2012-07-30 10:00:00,171.79
2012-07-30 11:00:00,226.54
2012-07-30 12:00:00,277.78
2012-07-30 13:00:00,261.28
2012-07-30 14:00:00,252.85
2012-07-30 15:00:00,268.04
2012-07-30 16:00:00,386.36
2012-07-30 17:00:00,741.95
2012-07-30 18:00:00,736.29
2012-07-30 19:00:00,587.67
2012-07-30 20:00:00,423.61
2012-07-30 21:00:00,299.53
2012-07-30 22:00:00,187.23
2012-07-30 23:00:00,147.39
2012-07-31 00:00:00,44.95
2012-07-31 01:00:00,17.44
2012-07-31 02:00:00,7.07
2012-07-31 03:00:00,6.94
2012-07-31 04:00:00,7.55
2012-07-31 05:00:00,38.88
2012-07-31 06:00:00,170.82
2012-07-31 07:00:00,437.47
2012-07-31 08:00:00,636.35
2012-07-31 09:00:00,329.06
2012-07-31 10:00:00,178.22
2012-07-31 11:00:00,230.78
2012-07-31 12:00:00,273.55
2012-07-31 13:00:00,268.1
2012-07-31 14:00:00,269.61
2012-07-31 15:00:00,269.52
2012-07-31 16:00:00,407.42
2012-07-31 17:00:00,791.89
2012-07-31 18:00:00,745.19
2012-07-31 19:00:00,510.28
2012-07-31 20:00:00,393.93
2012-07-31 21:00:00,280.45
2012-07-31 22:00:00,217.44
2012-07-31 23:00:00,133.72
2012-08-20 00:00:00,36.99
2012-08-20 01:00:00,14.3
2012-08-20 02:00:00,6.95
2012-08-20 03:00:00,7.02
2012-08-20 04:00:00,8.83
2012-08-20 05:00:00,35.93
2012-08-20 06:00:00,160.25
2012-08-20 07:00:00,485.91
2012-08-20 08:00:00,665.33
2012-08-20 09:00:00,358.78
2012-08-20 10:00:00,210.54
2012-08-20 11:00:00,239.26
2012-08-20 12:00:00,283.9
2012-08-20 13:00:00,288.15
2012-08-20 14:00:00,267.7
2012-08-20 15:00:00,278.29
2012-08-20 16:00:00,461.54
2012-08-20 17:00:00,850.83
2012-08-20 18:00:00,596.88
2012-08-20 19:00:00,416.8
2012-08-20 20:00:00,285.88
2012-08-20 21:00:00,247.3
2012-08-20 22:00:00,154.83
2012-08-20 23:00:00,82.77
2012-08-21 00:00:00,38.03
2012-08-21 01:00:00,16.25
2012-08-21 02:00:00,4.79
2012-08-21 03:00:00,5.94
2012-08-21 04:00:00,6.92
2012-08-21 05:00:00,37.9
2012-08-21 06:00:00,178.84
2012-08-21 07:00:00,511.43
2012-08-21 08:00:00,681.31
2012-08-21 09:00:00,365.66
2012-08-21 10:00:00,211.0
2012-08-21 11:00:00,239.51
2012-08-21 12:00:00,292.37
2012-08-21 13:00:00,287.91
2012-08-21 14:00:00,258.75
2012-08-21 15:00:00,274.99
2012-08-21 16:00:00,465.95
2012-08-21 17:00:00,844.94
2012-08-21 18:00:00,848.24
2012-08-21 19:00:00,449.8
2012-08-21 20:00:00,420.06
2012-08-21 21:00:00,298.89
2012-08-21 22:00:00,169.34
2012-08-21 23:00:00,112.06
2012-08-22 00:00:00,47.47
2012-08-22 01:00:00,17.34
2012-08-22 02:00:00,10.18
2012-08-22 03:00:00,6.54
2012-08-22 04:00:00,5.99
2012-08-22 05:00:00,41.12
2012-08-22 06:00:00,172.02
2012-08-22 07:00:00,509.32
2012-08-22 08:00:00,716.82
2012-08-22 09:00:00,361.52
2012-08-22 10:00:00,218.53
2012-08-22 11:00:00,245.39
2012-08-22 12:00:00,305.47
2012-08-22 13:00:00,298.06
2012-08-22 14:00:00,270.12
2012-08-22 15:00:00,280.1
2012-08-22 16:00:00,441.3
2012-08-22 17:00:00,792.65
2012-08-22 18:00:00,805.04
2012-08-22 19:00:00,519.82
2012-08-22 20:00:00,430.89
2012-08-22 21:00:00,327.01
2012-08-22 22:00:00,246.13
2012-08-22 23:00:00,132.23
2012-08-23 00:00:00,72.3
2012-08-23 01:00:00,26.96
2012-08-23 02:00:00,10.35
2012-08-23 03:00:00,7.02
2012-08-23 04:00:00,6.76
2012-08-23 05:00:00,40.65
2012-08-23 06:00:00,158.99
2012-08-23 07:00:00,372.09
2012-08-23 08:00:00,708.35
2012-08-23 09:00:00,359.74
2012-08-23 10:00:00,215.78
2012-08-23 11:00:00,232.03
2012-08-23 12:00:00,299.43
2012-08-23 13:00:00,287.94
2012-08-23 14:00:00,262.32
2012-08-23 15:00:00,279.83
2012-08-23 16:00:00,451.67
2012-08-23 17:00:00,847.2
2012-08-23 18:00:00,837.97
2012-08-23 19:00:00,613.16
2012-08-23 20:00:00,440.9
2012-08-23 21:00:00,323.38
2012-08-23 22:00:00,237.38
2012-08-23 23:00:00,149.01
2012-08-24 00:00:00,83.83
2012-08-24 01:00:00,36.81
2012-08-24 02:00:00,18.17
2012-08-24 03:00:00,9.07
2012-08-24 04:00:00,7.05
2012-08-24 05:00:00,40.31
2012-08-24 06:00:00,156.02
2012-08-24 07:00:00,428.37
2012-08-24 08:00:00,676.51
2012-08-24 09:00:00,372.96
2012-08-24 10:00:00,253.12
2012-08-24 11:00:00,283.16
2012-08-24 12:00:00,378.49
2012-08-24 13:00:00,363.11
2012-08-24 14:00:00,359.45
2012-08-24 15:00:00,365.03
2012-08-24 16:00:00,513.2
2012-08-24 17:00:00,818.77
2012-08-24 18:00:00,753.55
2012-08-24 19:00:00,498.94
2012-08-24 20:00:00,385.03
2012-08-24 21:00:00,296.5
2012-08-24 22:00:00,226.66
2012-08-24 23:00:00,185.68
2012-08-25 00:00:00,149.38
2012-08-25 01:00:00,109.48
2012-08-25 02:00:00,94.52
2012-08-25 03:00:00,34.04
2012-08-25 04:00:00,10.66
2012-08-25 05:00:00,11.87
2012-08-25 06:00:00,29.59
2012-08-25 07:00:00,64.19
2012-08-25 08:00:00,168.27
2012-08-25 09:00:00,271.44
2012-08-25 10:00:00,449.93
2012-08-25 11:00:00,502.89
2012-08-25 12:00:00,489.44
2012-08-25 13:00:00,537.35
2012-08-25 14:00:00,402.05
2012-08-25 15:00:00,386.59
2012-08-25 16:00:00,520.05
2012-08-25 17:00:00,406.89
2012-08-25 18:00:00,436.79
2012-08-25 19:00:00,345.64
2012-08-25 20:00:00,175.48
2012-08-25 21:00:00,217.37
2012-08-25 22:00:00,194.63
2012-08-25 23:00:00,169.71
2012-08-26 00:00:00,154.6
2012-08-26 01:00:00,105.23
2012-08-26 02:00:00,91.61
2012-08-26 03:00:00,32.03
2012-08-26 04:00:00,11.97
2012-08-26 05:00:00,12.93
2012-08-26 06:00:00,22.96
2012-08-26 07:00:00,54.76
2012-08-26 08:00:00,148.26
2012-08-26 09:00:00,264.07
2012-08-26 10:00:00,407.7
2012-08-26 11:00:00,481.78
2012-08-26 12:00:00,377.33
2012-08-26 13:00:00,280.82
2012-08-26 14:00:00,372.59
2012-08-26 15:00:00,296.72
2012-08-26 16:00:00,255.18
2012-08-26 17:00:00,324.38
2012-08-26 18:00:00,324.01
2012-08-26 19:00:00,259.08
2012-08-26 20:00:00,210.03
2012-08-26 21:00:00,185.05
2012-08-26 22:00:00,169.87
2012-08-26 23:00:00,104.52
2012-08-27 00:00:00,45.01
2012-08-27 01:00:00,14.55
2012-08-27 02:00:00,5.88
2012-08-27 03:00:00,7.02
2012-08-27 04:00:00,8.34
2012-08-27 05:00:00,35.44
2012-08-27 06:00:00,156.11
2012-08-27 07:00:00,424.57
2012-08-27 08:00:00,563.86
2012-08-27 09:00:00,315.64
2012-08-27 10:00:00,216.68
2012-08-27 11:00:00,231.46
2012-08-27 12:00:00,282.22
2012-08-27 13:00:00,276.27
2012-08-27 14:00:00,259.67
2012-08-27 15:00:00,287.88
2012-08-27 16:00:00,432.18
2012-08-27 17:00:00,829.48
2012-08-27 18:00:00,827.4
2012-08-27 19:00:00,601.87
2012-08-27 20:00:00,432.76
2012-08-27 21:00:00,292.33
2012-08-27 22:00:00,191.17
2012-08-27 23:00:00,148.2
2012-08-28 00:00:00,47.45
2012-08-28 01:00:00,15.98
2012-08-28 02:00:00,7.8
2012-08-28 03:00:00,6.2
2012-08-28 04:00:00,7.04
2012-08-28 05:00:00,40.19
2012-08-28 06:00:00,170.32
2012-08-28 07:00:00,423.19
2012-08-28 08:00:00,581.93
2012-08-28 09:00:00,354.99
2012-08-28 10:00:00,214.76
2012-08-28 11:00:00,216.85
2012-08-28 12:00:00,280.55
2012-08-28 13:00:00,274.66
2012-08-28 14:00:00,266.45
2012-08-28 15:00:00,280.57
2012-08-28 16:00:00,453.83
2012-08-28 17:00:00,846.98
2012-08-28 18:00:00,841.91
2012-08-28 19:00:00,603.73
2012-08-28 20:00:00,425.43
2012-08-28 21:00:00,311.42
2012-08-28 22:00:00,215.49
2012-08-28 23:00:00,138.44
2012-08-29 00:00:00,47.11
2012-08-29 01:00:00,17.49
2012-08-29 02:00:00,8.34
2012-08-29 03:00:00,6.63
2012-08-29 04:00:00,5.33
2012-08-29 05:00:00,40.22
2012-08-29 06:00:00,171.13
2012-08-29 07:00:00,377.86
2012-08-29 08:00:00,684.13
2012-08-29 09:00:00,335.71
2012-08-29 10:00:00,210.25
2012-08-29 11:00:00,244.78
2012-08-29 12:00:00,297.2
2012-08-29 13:00:00,303.07
2012-08-29 14:00:00,265.74
2012-08-29 15:00:00,278.59
2012-08-29 16:00:00,465.54
2012-08-29 17:00:00,881.37
2012-08-29 18:00:00,863.18
2012-08-29 19:00:00,620.29
2012-08-29 20:00:00,464.17
2012-08-29 21:00:00,330.88
2012-08-29 22:00:00,249.37
2012-08-29 23:00:00,153.18
2012-08-30 00:00:00,71.13
2012-08-30 01:00:00,22.95
2012-08-30 02:00:00,10.53
2012-08-30 03:00:00,5.11
2012-08-30 04:00:00,5.39
2012-08-30 05:00:00,39.63
2012-08-30 06:00:00,167.32
2012-08-30 07:00:00,494.99
2012-08-30 08:00:00,686.49
2012-08-30 09:00:00,352.52
2012-08-30 10:00:00,212.29
2012-08-30 11:00:00,233.06
2012-08-30 12:00:00,299.44
2012-08-30 13:00:00,294.75
2012-08-30 14:00:00,269.06
2012-08-30 15:00:00,281.71
2012-08-30 16:00:00,445.48
2012-08-30 17:00:00,872.78
2012-08-30 18:00:00,836.17
2012-08-30 19:00:00,635.09
2012-08-30 20:00:00,488.24
2012-08-30 21:00:00,334.98
2012-08-30 22:00:00,251.25
2012-08-30 23:00:00,165.87
2012-08-31 00:00:00,84.98
2012-08-31 01:00:00,39.68
2012-08-31 02:00:00,11.69
2012-08-31 03:00:00,8.69
2012-08-31 04:00:00,8.75
2012-08-31 05:00:00,38.34
2012-08-31 06:00:00,157.81
2012-08-31 07:00:00,339.11
2012-08-31 08:00:00,677.52
2012-08-31 09:00:00,366.1
2012-08-31 10:00:00,249.2
2012-08-31 11:00:00,251.14
2012-08-31 12:00:00,319.68
2012-08-31 13:00:00,321.62
2012-08-31 14:00:00,298.36
2012-08-31 15:00:00,295.23
2012-08-31 16:00:00,459.24
2012-08-31 17:00:00,803.62
2012-08-31 18:00:00,773.04
2012-08-31 19:00:00,499.05
2012-08-31 20:00:00,371.74
2012-08-31 21:00:00,295.43
2012-08-31 22:00:00,242.24
2012-08-31 23:00:00,206.77
2012-09-20 00:00:00,63.96
2012-09-20 01:00:00,20.5
2012-09-20 02:00:00,12.22
2012-09-20 03:00:00,7.67
2012-09-20 04:00:00,7.1
2012-09-20 05:00:00,44.42
2012-09-20 06:00:00,176.77
2012-09-20 07:00:00,500.67
2012-09-20 08:00:00,782.08
2012-09-20 09:00:00,331.29
2012-09-20 10:00:00,203.08
2012-09-20 11:00:00,245.14
2012-09-20 12:00:00,319.69
2012-09-20 13:00:00,304.95
2012-09-20 14:00:00,298.96
2012-09-20 15:00:00,336.01
2012-09-20 16:00:00,459.36
2012-09-20 17:00:00,884.39
2012-09-20 18:00:00,852.3
2012-09-20 19:00:00,567.39
2012-09-20 20:00:00,417.19
2012-09-20 21:00:00,281.09
2012-09-20 22:00:00,227.94
2012-09-20 23:00:00,164.18
2012-09-21 00:00:00,78.34
2012-09-21 01:00:00,41.98
2012-09-21 02:00:00,17.85
2012-09-21 03:00:00,11.3
2012-09-21 04:00:00,10.58
2012-09-21 05:00:00,42.97
2012-09-21 06:00:00,172.75
2012-09-21 07:00:00,446.26
2012-09-21 08:00:00,758.38
2012-09-21 09:00:00,365.05
2012-09-21 10:00:00,248.31
2012-09-21 11:00:00,279.95
2012-09-21 12:00:00,384.77
2012-09-21 13:00:00,402.43
2012-09-21 14:00:00,388.54
2012-09-21 15:00:00,386.79
2012-09-21 16:00:00,543.73
2012-09-21 17:00:00,828.07
2012-09-21 18:00:00,787.7
2012-09-21 19:00:00,526.33
2012-09-21 20:00:00,370.77
2012-09-21 21:00:00,265.52
2012-09-21 22:00:00,219.94
2012-09-21 23:00:00,198.31
2012-09-22 00:00:00,151.49
2012-09-22 01:00:00,105.5
2012-09-22 02:00:00,74.32
2012-09-22 03:00:00,37.39
2012-09-22 04:00:00,14.42
2012-09-22 05:00:00,15.37
2012-09-22 06:00:00,31.34
2012-09-22 07:00:00,67.28
2012-09-22 08:00:00,198.19
2012-09-22 09:00:00,302.64
2012-09-22 10:00:00,492.53
2012-09-22 11:00:00,563.81
2012-09-22 12:00:00,622.35
2012-09-22 13:00:00,614.61
2012-09-22 14:00:00,602.16
2012-09-22 15:00:00,583.99
2012-09-22 16:00:00,583.19
2012-09-22 17:00:00,536.31
2012-09-22 18:00:00,544.38
2012-09-22 19:00:00,378.09
2012-09-22 20:00:00,336.52
2012-09-22 21:00:00,258.57
2012-09-22 22:00:00,255.83
2012-09-22 23:00:00,206.02
2012-09-23 00:00:00,166.74
2012-09-23 01:00:00,110.82
2012-09-23 02:00:00,83.68
2012-09-23 03:00:00,34.91
2012-09-23 04:00:00,10.92
2012-09-23 05:00:00,11.51
2012-09-23 06:00:00,23.65
2012-09-23 07:00:00,57.86
2012-09-23 08:00:00,141.66
2012-09-23 09:00:00,257.48
2012-09-23 10:00:00,422.87
2012-09-23 11:00:00,539.47
2012-09-23 12:00:00,629.23
2012-09-23 13:00:00,663.39
2012-09-23 14:00:00,653.16
2012-09-23 15:00:00,637.72
2012-09-23 16:00:00,613.48
2012-09-23 17:00:00,512.0
2012-09-23 18:00:00,508.0
2012-09-23 19:00:00,342.85
2012-09-23 20:00:00,269.54
2012-09-23 21:00:00,185.31
2012-09-23 22:00:00,181.81
2012-09-23 23:00:00,93.96
2012-09-24 00:00:00,44.33
2012-09-24 01:00:00,14.99
2012-09-24 02:00:00,11.13
2012-09-24 03:00:00,6.91
2012-09-24 04:00:00,8.61
2012-09-24 05:00:00,42.7
2012-09-24 06:00:00,155.72
2012-09-24 07:00:00,481.76
2012-09-24 08:00:00,757.87
2012-09-24 09:00:00,337.98
2012-09-24 10:00:00,197.17
2012-09-24 11:00:00,249.28
2012-09-24 12:00:00,323.21
2012-09-24 13:00:00,318.42
2012-09-24 14:00:00,308.0
2012-09-24 15:00:00,321.11
2012-09-24 16:00:00,454.86
2012-09-24 17:00:00,866.75
2012-09-24 18:00:00,859.0
2012-09-24 19:00:00,546.69
2012-09-24 20:00:00,373.67
2012-09-24 21:00:00,277.49
2012-09-24 22:00:00,150.45
2012-09-24 23:00:00,95.92
2012-09-25 00:00:00,44.03
2012-09-25 01:00:00,13.91
2012-09-25 02:00:00,10.83
2012-09-25 03:00:00,5.4
2012-09-25 04:00:00,6.9
2012-09-25 05:00:00,40.97
2012-09-25 06:00:00,175.78
2012-09-25 07:00:00,497.41
2012-09-25 08:00:00,757.51
2012-09-25 09:00:00,341.47
2012-09-25 10:00:00,206.33
2012-09-25 11:00:00,245.54
2012-09-25 12:00:00,322.12
2012-09-25 13:00:00,318.34
2012-09-25 14:00:00,315.72
2012-09-25 15:00:00,330.11
2012-09-25 16:00:00,470.01
2012-09-25 17:00:00,923.05
2012-09-25 18:00:00,920.49
2012-09-25 19:00:00,586.89
2012-09-25 20:00:00,419.55
2012-09-25 21:00:00,286.7
2012-09-25 22:00:00,206.26
2012-09-25 23:00:00,115.19
2012-09-26 00:00:00,46.18
2012-09-26 01:00:00,15.33
2012-09-26 02:00:00,7.23
2012-09-26 03:00:00,6.39
2012-09-26 04:00:00,6.48
2012-09-26 05:00:00,42.56
2012-09-26 06:00:00,170.75
2012-09-26 07:00:00,548.7
2012-09-26 08:00:00,772.73
2012-09-26 09:00:00,346.89
2012-09-26 10:00:00,198.53
2012-09-26 11:00:00,241.53
2012-09-26 12:00:00,342.65
2012-09-26 13:00:00,309.89
2012-09-26 14:00:00,293.23
2012-09-26 15:00:00,310.39
2012-09-26 16:00:00,467.66
2012-09-26 17:00:00,875.48
2012-09-26 18:00:00,861.28
2012-09-26 19:00:00,600.07
2012-09-26 20:00:00,451.37
2012-09-26 21:00:00,311.91
2012-09-26 22:00:00,218.32
2012-09-26 23:00:00,109.92
2012-09-27 00:00:00,69.72
2012-09-27 01:00:00,25.59
2012-09-27 02:00:00,16.88
2012-09-27 03:00:00,8.69
2012-09-27 04:00:00,8.32
2012-09-27 05:00:00,42.26
2012-09-27 06:00:00,165.9
2012-09-27 07:00:00,524.81
2012-09-27 08:00:00,743.63
2012-09-27 09:00:00,346.8
2012-09-27 10:00:00,208.1
2012-09-27 11:00:00,247.53
2012-09-27 12:00:00,308.59
2012-09-27 13:00:00,296.66
2012-09-27 14:00:00,283.33
2012-09-27 15:00:00,312.89
2012-09-27 16:00:00,468.14
2012-09-27 17:00:00,812.09
2012-09-27 18:00:00,815.15
2012-09-27 19:00:00,577.42
2012-09-27 20:00:00,402.13
2012-09-27 21:00:00,143.45
2012-09-27 22:00:00,157.02
2012-09-27 23:00:00,92.28
2012-09-28 00:00:00,87.14
2012-09-28 01:00:00,28.9
2012-09-28 02:00:00,10.26
2012-09-28 03:00:00,7.28
2012-09-28 04:00:00,7.1
2012-09-28 05:00:00,39.99
2012-09-28 06:00:00,148.98
2012-09-28 07:00:00,418.42
2012-09-28 08:00:00,747.54
2012-09-28 09:00:00,355.14
2012-09-28 10:00:00,230.04
2012-09-28 11:00:00,267.87
2012-09-28 12:00:00,411.13
2012-09-28 13:00:00,406.05
2012-09-28 14:00:00,395.88
2012-09-28 15:00:00,392.57
2012-09-28 16:00:00,556.14
2012-09-28 17:00:00,831.28
2012-09-28 18:00:00,811.71
2012-09-28 19:00:00,476.97
2012-09-28 20:00:00,342.04
2012-09-28 21:00:00,193.94
2012-09-28 22:00:00,198.52
2012-09-28 23:00:00,172.43
2012-09-29 00:00:00,157.36
2012-09-29 01:00:00,105.80166666666668
2012-09-29 02:00:00,78.95
2012-09-29 03:00:00,38.51
2012-09-29 04:00:00,21.54
2012-09-29 05:00:00,21.14
2012-09-29 06:00:00,33.45
2012-09-29 07:00:00,75.41
2012-09-29 08:00:00,190.78
2012-09-29 09:00:00,294.65
2012-09-29 10:00:00,435.41
2012-09-29 11:00:00,549.61
2012-09-29 12:00:00,645.88
2012-09-29 13:00:00,655.54
2012-09-29 14:00:00,650.34
2012-09-29 15:00:00,618.29
2012-09-29 16:00:00,629.87
2012-09-29 17:00:00,529.28
2012-09-29 18:00:00,484.65
2012-09-29 19:00:00,334.18
2012-09-29 20:00:00,268.39
2012-09-29 21:00:00,212.82
2012-09-29 22:00:00,216.33
2012-09-29 23:00:00,198.23
2012-09-30 00:00:00,153.14
2012-09-30 01:00:00,110.17333333333335
2012-09-30 02:00:00,78.5
2012-09-30 03:00:00,31.9
2012-09-30 04:00:00,11.77
2012-09-30 05:00:00,11.2
2012-09-30 06:00:00,26.8
2012-09-30 07:00:00,54.61
2012-09-30 08:00:00,152.49
2012-09-30 09:00:00,283.57
2012-09-30 10:00:00,425.31
2012-09-30 11:00:00,559.65
2012-09-30 12:00:00,626.74
2012-09-30 13:00:00,652.24
2012-09-30 14:00:00,631.19
2012-09-30 15:00:00,630.52
2012-09-30 16:00:00,633.4
2012-09-30 17:00:00,573.31
2012-09-30 18:00:00,462.04
2012-09-30 19:00:00,282.45
2012-09-30 20:00:00,245.5
2012-09-30 21:00:00,184.12
2012-09-30 22:00:00,143.33
2012-09-30 23:00:00,107.43
2012-10-20 00:00:00,141.51
2012-10-20 01:00:00,101.93416666666666
2012-10-20 02:00:00,70.63
2012-10-20 03:00:00,28.57
2012-10-20 04:00:00,10.57
2012-10-20 05:00:00,10.7
2012-10-20 06:00:00,27.05
2012-10-20 07:00:00,61.09
2012-10-20 08:00:00,173.27
2012-10-20 09:00:00,292.07
2012-10-20 10:00:00,440.21
2012-10-20 11:00:00,553.94
2012-10-20 12:00:00,631.55
2012-10-20 13:00:00,647.59
2012-10-20 14:00:00,641.3
2012-10-20 15:00:00,599.64
2012-10-20 16:00:00,591.3
2012-10-20 17:00:00,553.56
2012-10-20 18:00:00,508.3
2012-10-20 19:00:00,333.02
2012-10-20 20:00:00,268.44
2012-10-20 21:00:00,238.77
2012-10-20 22:00:00,177.88
2012-10-20 23:00:00,141.56
2012-10-21 00:00:00,145.48
2012-10-21 01:00:00,113.57
2012-10-21 02:00:00,69.52
2012-10-21 03:00:00,29.92
2012-10-21 04:00:00,12.03
2012-10-21 05:00:00,11.03
2012-10-21 06:00:00,21.82
2012-10-21 07:00:00,52.77
2012-10-21 08:00:00,141.01
2012-10-21 09:00:00,251.3
2012-10-21 10:00:00,421.93
2012-10-21 11:00:00,546.86
2012-10-21 12:00:00,629.43
2012-10-21 13:00:00,665.4
2012-10-21 14:00:00,656.92
2012-10-21 15:00:00,630.25
2012-10-21 16:00:00,609.17
2012-10-21 17:00:00,528.43
2012-10-21 18:00:00,489.77
2012-10-21 19:00:00,339.22
2012-10-21 20:00:00,258.22
2012-10-21 21:00:00,155.55
2012-10-21 22:00:00,126.93
2012-10-21 23:00:00,98.31
2012-10-22 00:00:00,41.54
2012-10-22 01:00:00,13.85
2012-10-22 02:00:00,6.31
2012-10-22 03:00:00,6.49
2012-10-22 04:00:00,8.85
2012-10-22 05:00:00,37.26
2012-10-22 06:00:00,138.45
2012-10-22 07:00:00,403.88
2012-10-22 08:00:00,720.66
2012-10-22 09:00:00,318.97
2012-10-22 10:00:00,196.73
2012-10-22 11:00:00,254.76
2012-10-22 12:00:00,320.76
2012-10-22 13:00:00,312.94
2012-10-22 14:00:00,297.8
2012-10-22 15:00:00,326.78
2012-10-22 16:00:00,468.43
2012-10-22 17:00:00,902.91
2012-10-22 18:00:00,744.69
2012-10-22 19:00:00,535.5
2012-10-22 20:00:00,372.38
2012-10-22 21:00:00,256.76
2012-10-22 22:00:00,135.29
2012-10-22 23:00:00,105.78
2012-10-23 00:00:00,42.43
2012-10-23 01:00:00,12.6
2012-10-23 02:00:00,6.16
2012-10-23 03:00:00,6.58
2012-10-23 04:00:00,6.89
2012-10-23 05:00:00,40.08
2012-10-23 06:00:00,151.99
2012-10-23 07:00:00,487.52
2012-10-23 08:00:00,756.22
2012-10-23 09:00:00,346.72
2012-10-23 10:00:00,199.84
2012-10-23 11:00:00,255.71
2012-10-23 12:00:00,317.04
2012-10-23 13:00:00,311.18
2012-10-23 14:00:00,283.26
2012-10-23 15:00:00,314.64
2012-10-23 16:00:00,463.82
2012-10-23 17:00:00,919.56
2012-10-23 18:00:00,859.17
2012-10-23 19:00:00,558.77
2012-10-23 20:00:00,431.84
2012-10-23 21:00:00,279.11
2012-10-23 22:00:00,208.36
2012-10-23 23:00:00,109.49
2012-10-24 00:00:00,47.88
2012-10-24 01:00:00,14.19
2012-10-24 02:00:00,8.59
2012-10-24 03:00:00,7.04
2012-10-24 04:00:00,6.32
2012-10-24 05:00:00,42.5
2012-10-24 06:00:00,187.17
2012-10-24 07:00:00,396.39
2012-10-24 08:00:00,781.63
2012-10-24 09:00:00,350.77
2012-10-24 10:00:00,198.19
2012-10-24 11:00:00,247.02
2012-10-24 12:00:00,332.67
2012-10-24 13:00:00,313.35
2012-10-24 14:00:00,302.45
2012-10-24 15:00:00,316.79
2012-10-24 16:00:00,474.7
2012-10-24 17:00:00,906.56
2012-10-24 18:00:00,926.66
2012-10-24 19:00:00,551.21
2012-10-24 20:00:00,387.15
2012-10-24 21:00:00,302.44
2012-10-24 22:00:00,227.24
2012-10-24 23:00:00,115.66
2012-10-25 00:00:00,67.14
2012-10-25 01:00:00,20.26
2012-10-25 02:00:00,16.68
2012-10-25 03:00:00,8.44
2012-10-25 04:00:00,7.82
2012-10-25 05:00:00,43.66
2012-10-25 06:00:00,156.2
2012-10-25 07:00:00,475.88
2012-10-25 08:00:00,779.64
2012-10-25 09:00:00,358.9
2012-10-25 10:00:00,176.58
2012-10-25 11:00:00,154.42
2012-10-25 12:00:00,286.64
2012-10-25 13:00:00,275.03
2012-10-25 14:00:00,278.01
2012-10-25 15:00:00,334.0
2012-10-25 16:00:00,441.48
2012-10-25 17:00:00,786.83
2012-10-25 18:00:00,430.47
2012-10-25 19:00:00,364.5
2012-10-25 20:00:00,296.54
2012-10-25 21:00:00,216.29
2012-10-25 22:00:00,217.3
2012-10-25 23:00:00,135.15
2012-10-26 00:00:00,87.32
2012-10-26 01:00:00,31.67
2012-10-26 02:00:00,10.43
2012-10-26 03:00:00,6.8
2012-10-26 04:00:00,6.47
2012-10-26 05:00:00,39.61
2012-10-26 06:00:00,151.74
2012-10-26 07:00:00,428.88
2012-10-26 08:00:00,762.89
2012-10-26 09:00:00,362.75
2012-10-26 10:00:00,229.63
2012-10-26 11:00:00,259.16
2012-10-26 12:00:00,332.36
2012-10-26 13:00:00,333.66
2012-10-26 14:00:00,357.43
2012-10-26 15:00:00,376.26
2012-10-26 16:00:00,500.61
2012-10-26 17:00:00,578.58
2012-10-26 18:00:00,464.33
2012-10-26 19:00:00,309.26
2012-10-26 20:00:00,214.27
2012-10-26 21:00:00,220.04
2012-10-26 22:00:00,208.02
2012-10-26 23:00:00,188.99
2012-10-27 00:00:00,156.02
2012-10-27 01:00:00,102.8075
2012-10-27 02:00:00,67.44
2012-10-27 03:00:00,41.3
2012-10-27 04:00:00,14.66
2012-10-27 05:00:00,21.25
2012-10-27 06:00:00,27.95
2012-10-27 07:00:00,70.73
2012-10-27 08:00:00,196.62
2012-10-27 09:00:00,286.36
2012-10-27 10:00:00,418.52
2012-10-27 11:00:00,553.34
2012-10-27 12:00:00,637.5
2012-10-27 13:00:00,647.66
2012-10-27 14:00:00,620.27
2012-10-27 15:00:00,526.99
2012-10-27 16:00:00,544.0
2012-10-27 17:00:00,514.29
2012-10-27 18:00:00,480.11
2012-10-27 19:00:00,334.88
2012-10-27 20:00:00,267.45
2012-10-27 21:00:00,207.08
2012-10-27 22:00:00,180.72
2012-10-27 23:00:00,158.49
2012-10-28 00:00:00,131.72
2012-10-28 01:00:00,113.11333333333334
2012-10-28 02:00:00,83.28
2012-10-28 03:00:00,38.7
2012-10-28 04:00:00,16.4
2012-10-28 05:00:00,21.27
2012-10-28 06:00:00,27.44
2012-10-28 07:00:00,54.99
2012-10-28 08:00:00,146.01
2012-10-28 09:00:00,265.19
2012-10-28 10:00:00,374.05
2012-10-28 11:00:00,527.03
2012-10-28 12:00:00,554.45
2012-10-28 13:00:00,553.72
2012-10-28 14:00:00,553.66
2012-10-28 15:00:00,515.92
2012-10-28 16:00:00,380.56
2012-10-28 17:00:00,283.13
2012-10-28 18:00:00,193.87
2012-10-28 19:00:00,178.52
2012-10-28 20:00:00,141.73
2012-10-28 21:00:00,117.74
2012-10-28 22:00:00,86.87
2012-10-28 23:00:00,75.35
2012-10-29 00:00:00,30.97
2012-10-30 13:00:00,171.55
2012-10-30 14:00:00,169.43
2012-10-30 15:00:00,171.13
2012-10-30 16:00:00,268.56
2012-10-30 17:00:00,425.76
2012-10-30 18:00:00,421.18
2012-10-30 19:00:00,503.53
2012-10-30 20:00:00,265.32
2012-10-30 21:00:00,174.1
2012-10-30 22:00:00,129.99
2012-10-30 23:00:00,121.62
2012-10-31 00:00:00,40.22
2012-10-31 01:00:00,12.41
2012-10-31 02:00:00,5.41
2012-10-31 03:00:00,5.69
2012-10-31 04:00:00,6.41
2012-10-31 05:00:00,30.33
2012-10-31 06:00:00,128.97
2012-10-31 07:00:00,374.18
2012-10-31 08:00:00,625.27
2012-10-31 09:00:00,336.2
2012-10-31 10:00:00,165.58
2012-10-31 11:00:00,179.3
2012-10-31 12:00:00,236.13
2012-10-31 13:00:00,234.48
2012-10-31 14:00:00,203.0
2012-10-31 15:00:00,237.23
2012-10-31 16:00:00,363.4
2012-10-31 17:00:00,583.77
2012-10-31 18:00:00,585.36
2012-10-31 19:00:00,411.64
2012-10-31 20:00:00,301.67
2012-10-31 21:00:00,200.75
2012-10-31 22:00:00,163.78
2012-10-31 23:00:00,135.9
2012-11-20 00:00:00,30.99
2012-11-20 01:00:00,14.7
2012-11-20 02:00:00,8.22
2012-11-20 03:00:00,6.05
2012-11-20 04:00:00,8.5
2012-11-20 05:00:00,36.26
2012-11-20 06:00:00,131.57
2012-11-20 07:00:00,383.12
2012-11-20 08:00:00,628.5
2012-11-20 09:00:00,324.93
2012-11-20 10:00:00,169.16
2012-11-20 11:00:00,188.05
2012-11-20 12:00:00,232.16
2012-11-20 13:00:00,236.04
2012-11-20 14:00:00,222.12
2012-11-20 15:00:00,253.95
2012-11-20 16:00:00,365.85
2012-11-20 17:00:00,551.18
2012-11-20 18:00:00,524.08
2012-11-20 19:00:00,385.14
2012-11-20 20:00:00,272.43
2012-11-20 21:00:00,188.68
2012-11-20 22:00:00,161.47
2012-11-20 23:00:00,124.23
2012-11-21 00:00:00,36.54
2012-11-21 01:00:00,13.33
2012-11-21 02:00:00,5.73
2012-11-21 03:00:00,6.28
2012-11-21 04:00:00,6.46
2012-11-21 05:00:00,29.52
2012-11-21 06:00:00,126.59
2012-11-21 07:00:00,377.93
2012-11-21 08:00:00,580.36
2012-11-21 09:00:00,326.05
2012-11-21 10:00:00,168.31
2012-11-21 11:00:00,189.85
2012-11-21 12:00:00,232.37
2012-11-21 13:00:00,236.65
2012-11-21 14:00:00,253.29
2012-11-21 15:00:00,267.82
2012-11-21 16:00:00,378.7
2012-11-21 17:00:00,610.91
2012-11-21 18:00:00,565.6
2012-11-21 19:00:00,384.45
2012-11-21 20:00:00,266.41
2012-11-21 21:00:00,193.89
2012-11-21 22:00:00,140.36
2012-11-21 23:00:00,122.48
2012-11-22 00:00:00,76.99
2012-11-22 01:00:00,32.57
2012-11-22 02:00:00,19.42
2012-11-22 03:00:00,7.18
2012-11-22 04:00:00,6.54
2012-11-22 05:00:00,24.87
2012-11-22 06:00:00,54.91
2012-11-22 07:00:00,304.52
2012-11-22 08:00:00,417.77
2012-11-22 09:00:00,296.28
2012-11-22 10:00:00,317.95
2012-11-22 11:00:00,426.49
2012-11-22 12:00:00,510.09
2012-11-22 13:00:00,540.05
2012-11-22 14:00:00,508.45
2012-11-22 15:00:00,504.77
2012-11-22 16:00:00,457.84
2012-11-22 17:00:00,557.82
2012-11-22 18:00:00,492.47
2012-11-22 19:00:00,331.51
2012-11-22 20:00:00,230.6
2012-11-22 21:00:00,191.47
2012-11-22 22:00:00,154.52
2012-11-22 23:00:00,136.5
2012-11-23 00:00:00,49.57
2012-11-23 01:00:00,24.45
2012-11-23 02:00:00,12.89
2012-11-23 03:00:00,9.7
2012-11-23 04:00:00,9.48
2012-11-23 05:00:00,31.08
2012-11-23 06:00:00,124.29
2012-11-23 07:00:00,374.96
2012-11-23 08:00:00,536.29
2012-11-23 09:00:00,331.4
2012-11-23 10:00:00,190.02
2012-11-23 11:00:00,229.45
2012-11-23 12:00:00,293.71
2012-11-23 13:00:00,308.59
2012-11-23 14:00:00,376.67
2012-11-23 15:00:00,368.99
2012-11-23 16:00:00,473.05
2012-11-23 17:00:00,761.24
2012-11-23 18:00:00,738.11
2012-11-23 19:00:00,450.33
2012-11-23 20:00:00,309.46
2012-11-23 21:00:00,257.16
2012-11-23 22:00:00,161.48
2012-11-23 23:00:00,123.85
2012-11-24 00:00:00,117.14
2012-11-24 01:00:00,101.85583333333332
2012-11-24 02:00:00,48.52
2012-11-24 03:00:00,24.07
2012-11-24 04:00:00,7.08
2012-11-24 05:00:00,7.11
2012-11-24 06:00:00,23.41
2012-11-24 07:00:00,70.26
2012-11-24 08:00:00,175.07
2012-11-24 09:00:00,232.73
2012-11-24 10:00:00,296.11
2012-11-24 11:00:00,393.25
2012-11-24 12:00:00,460.66
2012-11-24 13:00:00,465.65
2012-11-24 14:00:00,471.23
2012-11-24 15:00:00,466.22
2012-11-24 16:00:00,407.23
2012-11-24 17:00:00,376.53
2012-11-24 18:00:00,333.54
2012-11-24 19:00:00,271.16
2012-11-24 20:00:00,164.28
2012-11-24 21:00:00,135.42
2012-11-24 22:00:00,115.41
2012-11-24 23:00:00,100.86
2012-11-25 00:00:00,111.89
2012-11-25 01:00:00,112.6
2012-11-25 02:00:00,49.04
2012-11-25 03:00:00,25.75
2012-11-25 04:00:00,8.28
2012-11-25 05:00:00,7.5
2012-11-25 06:00:00,17.66
2012-11-25 07:00:00,67.11
2012-11-25 08:00:00,154.0
2012-11-25 09:00:00,199.73
2012-11-25 10:00:00,295.3
2012-11-25 11:00:00,394.04
2012-11-25 12:00:00,413.83
2012-11-25 13:00:00,416.06
2012-11-25 14:00:00,418.33
2012-11-25 15:00:00,410.99
2012-11-25 16:00:00,392.01
2012-11-25 17:00:00,330.01
2012-11-25 18:00:00,283.37
2012-11-25 19:00:00,235.99
2012-11-25 20:00:00,134.32
2012-11-25 21:00:00,126.19
2012-11-25 22:00:00,101.27
2012-11-25 23:00:00,80.05
2012-11-26 00:00:00,22.63
2012-11-26 01:00:00,11.96
2012-11-26 02:00:00,7.44
2012-11-26 03:00:00,5.95
2012-11-26 04:00:00,7.8
2012-11-26 05:00:00,36.93
2012-11-26 06:00:00,135.36
2012-11-26 07:00:00,382.9
2012-11-26 08:00:00,636.5
2012-11-26 09:00:00,293.64
2012-11-26 10:00:00,190.46
2012-11-26 11:00:00,213.21
2012-11-26 12:00:00,245.8
2012-11-26 13:00:00,243.74
2012-11-26 14:00:00,236.99
2012-11-26 15:00:00,246.79
2012-11-26 16:00:00,383.01
2012-11-26 17:00:00,614.77
2012-11-26 18:00:00,552.95
2012-11-26 19:00:00,348.97
2012-11-26 20:00:00,256.14
2012-11-26 21:00:00,179.86
2012-11-26 22:00:00,122.43
2012-11-26 23:00:00,92.37
2012-11-27 00:00:00,29.24
2012-11-27 01:00:00,15.13
2012-11-27 02:00:00,6.66
2012-11-27 03:00:00,5.45
2012-11-27 04:00:00,6.52
2012-11-27 05:00:00,28.31
2012-11-27 06:00:00,125.7
2012-11-27 07:00:00,275.37
2012-11-27 08:00:00,345.53
2012-11-27 09:00:00,326.57
2012-11-27 10:00:00,156.01
2012-11-27 11:00:00,125.68
2012-11-27 12:00:00,162.11
2012-11-27 13:00:00,169.41
2012-11-27 14:00:00,162.62
2012-11-27 15:00:00,208.97
2012-11-27 16:00:00,322.31
2012-11-27 17:00:00,507.92
2012-11-27 18:00:00,459.39
2012-11-27 19:00:00,338.32
2012-11-27 20:00:00,231.69
2012-11-27 21:00:00,161.26
2012-11-27 22:00:00,124.53
2012-11-27 23:00:00,83.22
2012-11-28 00:00:00,43.45
2012-11-28 01:00:00,14.16
2012-11-28 02:00:00,9.4
2012-11-28 03:00:00,5.3
2012-11-28 04:00:00,6.85
2012-11-28 05:00:00,34.8
2012-11-28 06:00:00,131.37
2012-11-28 07:00:00,365.35
2012-11-28 08:00:00,675.89
2012-11-28 09:00:00,335.78
2012-11-28 10:00:00,193.17
2012-11-28 11:00:00,198.17
2012-11-28 12:00:00,209.54
2012-11-28 13:00:00,231.71
2012-11-28 14:00:00,225.79
2012-11-28 15:00:00,241.15
2012-11-28 16:00:00,367.27
2012-11-28 17:00:00,584.08
2012-11-28 18:00:00,555.46
2012-11-28 19:00:00,386.5
2012-11-28 20:00:00,250.01
2012-11-28 21:00:00,199.1
2012-11-28 22:00:00,116.74
2012-11-28 23:00:00,89.29
2012-11-29 00:00:00,34.35
2012-11-29 01:00:00,13.17
2012-11-29 02:00:00,7.84
2012-11-29 04:00:00,6.78
2012-11-29 05:00:00,35.17
2012-11-29 06:00:00,134.07
2012-11-29 07:00:00,375.84
2012-11-29 08:00:00,620.33
2012-11-29 09:00:00,323.62
2012-11-29 10:00:00,169.91
2012-11-29 11:00:00,207.7
2012-11-29 12:00:00,238.5
2012-11-29 13:00:00,239.78
2012-11-29 14:00:00,212.58
2012-11-29 15:00:00,241.7
2012-11-29 16:00:00,368.12
2012-11-29 17:00:00,586.53
2012-11-29 18:00:00,559.7
2012-11-29 19:00:00,369.21
2012-11-29 20:00:00,257.76
2012-11-29 21:00:00,171.29
2012-11-29 22:00:00,146.34
2012-11-29 23:00:00,133.88
2012-11-30 00:00:00,40.72
2012-11-30 01:00:00,24.91
2012-11-30 02:00:00,12.81
2012-11-30 03:00:00,9.85
2012-11-30 04:00:00,9.51
2012-11-30 05:00:00,31.96
2012-11-30 06:00:00,121.25
2012-11-30 07:00:00,375.07
2012-11-30 08:00:00,554.43
2012-11-30 09:00:00,332.66
2012-11-30 10:00:00,181.78
2012-11-30 11:00:00,196.7
2012-11-30 12:00:00,277.65
2012-11-30 13:00:00,287.08
2012-11-30 14:00:00,267.92
2012-11-30 15:00:00,268.95
2012-11-30 16:00:00,407.07
2012-11-30 17:00:00,590.39
2012-11-30 18:00:00,503.66
2012-11-30 19:00:00,355.79
2012-11-30 20:00:00,241.55
2012-11-30 21:00:00,181.01
2012-11-30 22:00:00,148.6
2012-11-30 23:00:00,144.36
2012-12-20 00:00:00,44.13
2012-12-20 01:00:00,16.22
2012-12-20 02:00:00,14.45
2012-12-20 03:00:00,6.31
2012-12-20 04:00:00,6.77
2012-12-20 05:00:00,34.02
2012-12-20 06:00:00,135.71
2012-12-20 07:00:00,385.97
2012-12-20 08:00:00,642.74
2012-12-20 09:00:00,320.53
2012-12-20 10:00:00,154.15
2012-12-20 11:00:00,167.37
2012-12-20 12:00:00,226.24
2012-12-20 13:00:00,228.83
2012-12-20 14:00:00,216.41
2012-12-20 15:00:00,231.99
2012-12-20 16:00:00,346.96
2012-12-20 17:00:00,543.46
2012-12-20 18:00:00,521.05
2012-12-20 19:00:00,347.57
2012-12-20 20:00:00,241.36
2012-12-20 21:00:00,174.84
2012-12-20 22:00:00,101.22
2012-12-20 23:00:00,87.49
2012-12-21 00:00:00,61.22
2012-12-21 01:00:00,22.28
2012-12-21 02:00:00,9.56
2012-12-21 03:00:00,7.41
2012-12-21 04:00:00,7.3
2012-12-21 05:00:00,31.74
2012-12-21 06:00:00,108.81
2012-12-21 07:00:00,327.35
2012-12-21 08:00:00,582.74
2012-12-21 09:00:00,296.01
2012-12-21 10:00:00,183.39
2012-12-21 11:00:00,182.54
2012-12-21 12:00:00,229.59
2012-12-21 13:00:00,231.81
2012-12-21 14:00:00,231.38
2012-12-21 15:00:00,237.86
2012-12-21 16:00:00,322.02
2012-12-21 17:00:00,477.56
2012-12-21 18:00:00,431.13
2012-12-21 19:00:00,308.13
2012-12-21 20:00:00,192.94
2012-12-21 21:00:00,152.49
2012-12-21 22:00:00,107.83
2012-12-21 23:00:00,81.54
2012-12-22 00:00:00,107.13
2012-12-22 01:00:00,96.08333333333331
2012-12-22 02:00:00,50.39
2012-12-22 03:00:00,27.41
2012-12-22 04:00:00,7.46
2012-12-22 05:00:00,6.26
2012-12-22 06:00:00,22.44
2012-12-22 07:00:00,58.53
2012-12-22 08:00:00,151.62
2012-12-22 09:00:00,184.0
2012-12-22 10:00:00,243.8
2012-12-22 11:00:00,329.75
2012-12-22 12:00:00,382.63
2012-12-22 13:00:00,405.34
2012-12-22 14:00:00,405.24
2012-12-22 15:00:00,387.05
2012-12-22 16:00:00,348.0
2012-12-22 17:00:00,316.62
2012-12-22 18:00:00,273.3
2012-12-22 19:00:00,222.16
2012-12-22 20:00:00,142.45
2012-12-22 21:00:00,106.26
2012-12-22 22:00:00,100.33
2012-12-22 23:00:00,80.05
2012-12-23 00:00:00,110.33
2012-12-23 01:00:00,109.23
2012-12-23 02:00:00,52.65
2012-12-23 03:00:00,38.35
2012-12-23 04:00:00,6.86
2012-12-23 05:00:00,6.88
2012-12-23 06:00:00,16.78
2012-12-23 07:00:00,49.14
2012-12-23 08:00:00,116.13
2012-12-23 09:00:00,182.98
2012-12-23 10:00:00,258.91
2012-12-23 11:00:00,314.8
2012-12-23 12:00:00,365.67
2012-12-23 13:00:00,381.94
2012-12-23 14:00:00,383.38
2012-12-23 15:00:00,382.13
2012-12-23 16:00:00,358.61
2012-12-23 17:00:00,301.71
2012-12-23 18:00:00,252.41
2012-12-23 19:00:00,204.72
2012-12-23 20:00:00,117.28
2012-12-23 21:00:00,112.65
2012-12-23 22:00:00,98.61
2012-12-23 23:00:00,70.04
2012-12-24 00:00:00,23.26
2012-12-24 01:00:00,10.49
2012-12-24 02:00:00,6.36
2012-12-24 03:00:00,6.24
2012-12-24 05:00:00,31.94
2012-12-24 06:00:00,116.49
2012-12-24 07:00:00,337.07
2012-12-24 08:00:00,566.52
2012-12-24 09:00:00,265.02
2012-12-24 10:00:00,142.65
2012-12-24 11:00:00,148.68
2012-12-24 12:00:00,175.06
2012-12-24 13:00:00,153.41
2012-12-24 14:00:00,151.28
2012-12-24 15:00:00,135.44
2012-12-24 16:00:00,204.76
2012-12-24 17:00:00,350.54
2012-12-24 18:00:00,347.57
2012-12-24 19:00:00,295.8
2012-12-24 20:00:00,196.35
2012-12-24 21:00:00,125.53
2012-12-24 22:00:00,91.56
2012-12-24 23:00:00,56.21
2012-12-25 00:00:00,49.11
2012-12-25 01:00:00,30.8
2012-12-25 02:00:00,23.74
2012-12-25 04:00:00,7.9
2012-12-25 05:00:00,21.58
2012-12-25 06:00:00,45.97
2012-12-25 07:00:00,222.79
2012-12-25 08:00:00,336.97
2012-12-25 09:00:00,207.09
2012-12-25 10:00:00,248.92
2012-12-25 11:00:00,302.17
2012-12-25 12:00:00,332.32
2012-12-25 13:00:00,337.49
2012-12-25 14:00:00,344.62
2012-12-25 15:00:00,334.63
2012-12-25 16:00:00,327.96
2012-12-25 17:00:00,392.97
2012-12-25 18:00:00,349.71
2012-12-25 19:00:00,266.24
2012-12-25 20:00:00,209.16
2012-12-25 21:00:00,163.69
2012-12-25 22:00:00,108.44
2012-12-25 23:00:00,66.73
2012-12-26 00:00:00,46.92
2012-12-26 01:00:00,12.28
2012-12-26 02:00:00,9.67
2012-12-26 03:00:00,6.25
2012-12-26 04:00:00,7.84
2012-12-26 05:00:00,34.39
2012-12-26 06:00:00,117.8
2012-12-26 07:00:00,282.03
2012-12-26 08:00:00,331.19
2012-12-26 09:00:00,257.12
2012-12-26 10:00:00,135.56
2012-12-26 11:00:00,137.8
2012-12-26 12:00:00,149.69
2012-12-26 13:00:00,148.89
2012-12-26 14:00:00,159.38
2012-12-26 15:00:00,140.05
2012-12-26 16:00:00,210.99
2012-12-26 17:00:00,352.17
2012-12-26 18:00:00,341.41
2012-12-26 19:00:00,256.77
2012-12-26 20:00:00,183.38
2012-12-26 21:00:00,151.37
2012-12-26 22:00:00,97.42
2012-12-26 23:00:00,51.23
2012-12-27 00:00:00,32.54
2012-12-27 01:00:00,11.94
2012-12-27 02:00:00,8.7
2012-12-27 03:00:00,4.64
2012-12-27 04:00:00,6.75
2012-12-27 05:00:00,34.09
2012-12-27 06:00:00,111.88
2012-12-27 07:00:00,350.62
2012-12-27 08:00:00,595.89
2012-12-27 09:00:00,306.08
2012-12-27 10:00:00,154.49
2012-12-27 11:00:00,151.78
2012-12-27 12:00:00,184.94
2012-12-27 13:00:00,186.77
2012-12-27 14:00:00,172.3
2012-12-27 15:00:00,182.88
2012-12-27 16:00:00,274.54
2012-12-27 17:00:00,470.36
2012-12-27 18:00:00,441.52
2012-12-27 19:00:00,306.21
2012-12-27 20:00:00,208.57
2012-12-27 21:00:00,145.53
2012-12-27 22:00:00,109.64
2012-12-27 23:00:00,77.85
2012-12-28 00:00:00,42.2
2012-12-28 01:00:00,19.75
2012-12-28 02:00:00,10.48
2012-12-28 03:00:00,7.27
2012-12-28 04:00:00,7.52
2012-12-28 05:00:00,32.32
2012-12-28 06:00:00,111.65
2012-12-28 07:00:00,338.21
2012-12-28 08:00:00,559.29
2012-12-28 09:00:00,289.14
2012-12-28 10:00:00,159.92
2012-12-28 11:00:00,174.77
2012-12-28 12:00:00,213.63
2012-12-28 13:00:00,213.56
2012-12-28 14:00:00,211.07
2012-12-28 15:00:00,220.15
2012-12-28 16:00:00,315.57
2012-12-28 17:00:00,462.66
2012-12-28 18:00:00,412.01
2012-12-28 19:00:00,301.01
2012-12-28 20:00:00,198.2
2012-12-28 21:00:00,148.61
2012-12-28 22:00:00,117.25
2012-12-28 23:00:00,92.05
2012-12-29 00:00:00,101.14
2012-12-29 01:00:00,106.44
2012-12-29 02:00:00,52.45
2012-12-29 03:00:00,35.06
2012-12-29 04:00:00,7.61
2012-12-29 05:00:00,7.67
2012-12-29 06:00:00,20.53
2012-12-29 07:00:00,54.57
2012-12-29 08:00:00,129.67
2012-12-29 09:00:00,187.25
2012-12-29 10:00:00,232.95
2012-12-29 11:00:00,295.46
2012-12-29 12:00:00,313.54
2012-12-29 13:00:00,322.77
2012-12-29 14:00:00,340.02
2012-12-29 15:00:00,333.63
2012-12-29 16:00:00,341.93
2012-12-29 17:00:00,276.81
2012-12-29 18:00:00,254.68
2012-12-29 19:00:00,213.8
2012-12-29 20:00:00,151.6
2012-12-29 21:00:00,116.35
2012-12-29 22:00:00,104.71
2012-12-29 23:00:00,82.13
2012-12-30 00:00:00,113.29
2012-12-30 01:00:00,110.0
2012-12-30 02:00:00,54.39
2012-12-30 03:00:00,28.79
2012-12-30 04:00:00,6.41
2012-12-30 05:00:00,5.93
2012-12-30 06:00:00,16.59
2012-12-30 07:00:00,48.56
2012-12-30 08:00:00,127.46
2012-12-30 09:00:00,164.81
2012-12-30 10:00:00,256.82
2012-12-30 11:00:00,323.53
2012-12-30 12:00:00,356.07
2012-12-30 13:00:00,362.8
2012-12-30 14:00:00,363.83
2012-12-30 15:00:00,356.86
2012-12-30 16:00:00,331.55
2012-12-30 17:00:00,286.51
2012-12-30 18:00:00,254.65
2012-12-30 19:00:00,213.4
2012-12-30 20:00:00,121.93
2012-12-30 21:00:00,82.39
2012-12-30 22:00:00,79.84
2012-12-30 23:00:00,56.15
2012-12-31 00:00:00,24.86
2012-12-31 01:00:00,10.4
2012-12-31 02:00:00,7.84
2012-12-31 03:00:00,7.11
2012-12-31 04:00:00,7.66
2012-12-31 05:00:00,35.55
2012-12-31 06:00:00,124.66
2012-12-31 07:00:00,335.45
2012-12-31 08:00:00,536.74
2012-12-31 09:00:00,267.95
2012-12-31 10:00:00,146.07
2012-12-31 11:00:00,158.62
2012-12-31 12:00:00,168.83
2012-12-31 13:00:00,177.67
2012-12-31 14:00:00,179.69
2012-12-31 15:00:00,188.75
2012-12-31 16:00:00,284.29
2012-12-31 17:00:00,460.57
2012-12-31 18:00:00,429.56
2012-12-31 19:00:00,311.97
2012-12-31 20:00:00,201.17
2012-12-31 21:00:00,138.77
2012-12-31 22:00:00,113.97
2012-12-31 23:00:00,62.34
