datetime,count
2011-01-20 00:00:00,10.83
2011-01-20 01:00:00,5.04
2011-01-20 02:00:00,3.67
2011-01-20 03:00:00,3.5
2011-01-20 04:00:00,2.6
2011-01-20 05:00:00,6.35
2011-01-20 06:00:00,35.02
2011-01-20 07:00:00,97.13
2011-01-20 08:00:00,207.58
2011-01-20 09:00:00,121.96
2011-01-20 10:00:00,62.49
2011-01-20 11:00:00,63.56
2011-01-20 12:00:00,77.88
2011-01-20 13:00:00,74.91
2011-01-20 14:00:00,76.99
2011-01-20 15:00:00,81.04
2011-01-20 16:00:00,87.78
2011-01-20 17:00:00,190.62
2011-01-20 18:00:00,176.01
2011-01-20 19:00:00,102.85
2011-01-20 20:00:00,73.91
2011-01-20 21:00:00,49.32
2011-01-20 22:00:00,45.25
2011-01-20 23:00:00,26.05
2011-01-21 00:00:00,12.59
2011-01-21 01:00:00,7.11
2011-01-21 02:00:00,4.46
2011-01-21 03:00:00,2.41
2011-01-21 04:00:00,2.44
2011-01-21 05:00:00,3.58
2011-01-21 06:00:00,32.07
2011-01-21 07:00:00,98.65
2011-01-21 08:00:00,194.56
2011-01-21 09:00:00,120.67
2011-01-21 10:00:00,47.84
2011-01-21 11:00:00,57.16
2011-01-21 12:00:00,71.03
2011-01-21 13:00:00,71.14
2011-01-21 14:00:00,66.33
2011-01-21 15:00:00,65.0
2011-01-21 16:00:00,76.12
2011-01-21 17:00:00,136.71
2011-01-21 18:00:00,137.97
2011-01-21 19:00:00,112.69
2011-01-21 20:00:00,62.16
2011-01-21 21:00:00,45.06
2011-01-21 22:00:00,32.33
2011-01-21 23:00:00,20.71
2011-01-22 00:00:00,26.52
2011-01-22 01:00:00,20.12
2011-01-22 02:00:00,17.32
2011-01-22 03:00:00,6.48
2011-01-22 04:00:00,2.34
2011-01-22 06:00:00,5.51
2011-01-22 07:00:00,21.02
2011-01-22 08:00:00,37.18
2011-01-22 09:00:00,36.61
2011-01-22 10:00:00,56.81
2011-01-22 11:00:00,63.08
2011-01-22 12:00:00,73.15
2011-01-22 13:00:00,85.19
2011-01-22 14:00:00,75.38
2011-01-22 15:00:00,82.25
2011-01-22 16:00:00,74.33
2011-01-22 17:00:00,98.04
2011-01-22 18:00:00,64.98
2011-01-22 19:00:00,41.81
2011-01-22 20:00:00,37.53
2011-01-22 21:00:00,37.22
2011-01-22 22:00:00,32.53
2011-01-22 23:00:00,18.31
2011-01-23 00:00:00,29.26
2011-01-23 01:00:00,20.51
2011-01-23 02:00:00,17.06
2011-01-23 03:00:00,12.02
2011-01-23 05:00:00,2.72
2011-01-23 06:00:00,3.09
2011-01-23 07:00:00,11.3
2011-01-23 08:00:00,20.85
2011-01-23 09:00:00,28.76
2011-01-23 10:00:00,54.39
2011-01-23 11:00:00,64.91
2011-01-23 12:00:00,71.18
2011-01-23 13:00:00,67.86
2011-01-23 14:00:00,73.99
2011-01-23 15:00:00,74.2
2011-01-23 16:00:00,79.03
2011-01-23 17:00:00,86.88
2011-01-23 18:00:00,79.57
2011-01-23 19:00:00,56.91
2011-01-23 20:00:00,31.78
2011-01-23 21:00:00,28.59
2011-01-23 22:00:00,24.84
2011-01-23 23:00:00,15.61
2011-01-24 00:00:00,11.6
2011-01-24 01:00:00,4.48
2011-01-24 03:00:00,2.59
2011-01-24 04:00:00,2.69
2011-01-24 05:00:00,6.57
2011-01-24 06:00:00,33.08
2011-01-24 07:00:00,83.06
2011-01-24 08:00:00,165.14
2011-01-24 09:00:00,104.73
2011-01-24 10:00:00,48.53
2011-01-24 11:00:00,38.02
2011-01-24 12:00:00,52.18
2011-01-24 13:00:00,49.05
2011-01-24 14:00:00,44.83
2011-01-24 15:00:00,56.64
2011-01-24 16:00:00,63.54
2011-01-24 17:00:00,139.03
2011-01-24 18:00:00,138.89
2011-01-24 19:00:00,96.14
2011-01-24 20:00:00,62.95
2011-01-24 21:00:00,42.26
2011-01-24 22:00:00,27.53
2011-01-24 23:00:00,18.9
2011-01-25 00:00:00,8.79
2011-01-25 01:00:00,3.42
2011-01-25 02:00:00,2.47
2011-01-25 04:00:00,1.77
2011-01-25 05:00:00,5.79
2011-01-25 06:00:00,32.57
2011-01-25 07:00:00,79.18
2011-01-25 08:00:00,159.12
2011-01-25 09:00:00,112.05
2011-01-25 10:00:00,56.99
2011-01-25 11:00:00,59.86
2011-01-25 12:00:00,73.13
2011-01-25 13:00:00,75.26
2011-01-25 14:00:00,70.62
2011-01-25 15:00:00,69.61
2011-01-25 16:00:00,86.78
2011-01-25 17:00:00,202.23
2011-01-25 18:00:00,187.56
2011-01-25 19:00:00,110.0
2011-01-25 20:00:00,72.27
2011-01-25 21:00:00,49.73
2011-01-25 22:00:00,40.15
2011-01-25 23:00:00,19.79
2011-01-26 00:00:00,7.9
2011-01-26 01:00:00,5.51
2011-01-26 02:00:00,2.96
2011-01-26 05:00:00,3.04
2011-01-26 06:00:00,30.26
2011-01-26 07:00:00,68.23
2011-01-26 08:00:00,133.9
2011-01-26 09:00:00,98.12
2011-01-26 10:00:00,70.04
2011-01-26 11:00:00,68.94
2011-01-26 12:00:00,67.18
2011-01-26 13:00:00,66.03
2011-01-26 14:00:00,64.29
2011-01-26 15:00:00,66.19
2011-01-26 16:00:00,75.29
2011-01-26 17:00:00,118.1
2011-01-27 16:00:00,74.55
2011-01-27 17:00:00,161.5
2011-01-27 18:00:00,136.67
2011-01-27 19:00:00,101.31
2011-01-27 20:00:00,72.35
2011-01-27 21:00:00,50.44
2011-01-27 22:00:00,40.28
2011-01-27 23:00:00,22.68
2011-01-28 00:00:00,13.06
2011-01-28 01:00:00,7.28
2011-01-28 02:00:00,2.83
2011-01-28 03:00:00,1.94
2011-01-28 05:00:00,5.46
2011-01-28 06:00:00,30.47
2011-01-28 07:00:00,79.49
2011-01-28 08:00:00,163.64
2011-01-28 09:00:00,90.21
2011-01-28 10:00:00,48.14
2011-01-28 11:00:00,57.76
2011-01-28 12:00:00,60.15
2011-01-28 13:00:00,59.7
2011-01-28 14:00:00,53.57
2011-01-28 15:00:00,53.98
2011-01-28 16:00:00,63.47
2011-01-28 17:00:00,151.7
2011-01-28 18:00:00,149.01
2011-01-28 19:00:00,102.75
2011-01-28 20:00:00,73.69
2011-01-28 21:00:00,47.73
2011-01-28 22:00:00,43.15
2011-01-28 23:00:00,26.49
2011-01-29 00:00:00,29.49
2011-01-29 01:00:00,19.59
2011-01-29 02:00:00,15.95
2011-01-29 03:00:00,12.24
2011-01-29 04:00:00,3.16
2011-01-29 06:00:00,3.79
2011-01-29 07:00:00,14.77
2011-01-29 08:00:00,31.55
2011-01-29 09:00:00,46.93
2011-01-29 10:00:00,62.66
2011-01-29 11:00:00,67.93
2011-01-29 12:00:00,71.06
2011-01-29 13:00:00,80.62
2011-01-29 14:00:00,76.36
2011-01-29 15:00:00,74.09
2011-01-29 16:00:00,81.18
2011-01-29 17:00:00,83.03
2011-01-29 18:00:00,72.59
2011-01-29 19:00:00,59.04
2011-01-29 20:00:00,39.67
2011-01-29 21:00:00,36.48
2011-01-29 22:00:00,36.08
2011-01-29 23:00:00,24.92
2011-01-30 00:00:00,31.22
2011-01-30 01:00:00,24.89
2011-01-30 02:00:00,20.8
2011-01-30 03:00:00,12.03
2011-01-30 04:00:00,4.61
2011-01-30 05:00:00,4.73
2011-01-30 07:00:00,8.44
2011-01-30 08:00:00,15.0
2011-01-30 09:00:00,23.32
2011-01-30 10:00:00,59.54
2011-01-30 11:00:00,70.03
2011-01-30 12:00:00,115.99
2011-01-30 13:00:00,93.8
2011-01-30 14:00:00,96.65
2011-01-30 15:00:00,118.6
2011-01-30 16:00:00,114.13
2011-01-30 17:00:00,76.22
2011-01-30 18:00:00,65.74
2011-01-30 19:00:00,45.04
2011-01-30 20:00:00,34.66
2011-01-30 21:00:00,30.3
2011-01-30 22:00:00,28.4
2011-01-30 23:00:00,23.7
2011-01-31 00:00:00,10.76
2011-01-31 01:00:00,4.18
2011-01-31 02:00:00,2.69
2011-01-31 03:00:00,2.31
2011-01-31 04:00:00,1.95
2011-01-31 05:00:00,2.43
2011-01-31 06:00:00,33.22
2011-01-31 07:00:00,80.43
2011-01-31 08:00:00,160.55
2011-01-31 09:00:00,95.07
2011-01-31 10:00:00,41.36
2011-01-31 11:00:00,40.53
2011-01-31 12:00:00,62.2
2011-01-31 13:00:00,60.59
2011-01-31 14:00:00,53.48
2011-01-31 15:00:00,49.76
2011-01-31 16:00:00,62.21
2011-01-31 17:00:00,140.61
2011-01-31 18:00:00,139.48
2011-01-31 19:00:00,123.39
2011-01-31 20:00:00,61.91
2011-01-31 21:00:00,36.56
2011-01-31 22:00:00,32.53
2011-01-31 23:00:00,17.69
2011-02-20 00:00:00,38.15
2011-02-20 01:00:00,27.18
2011-02-20 02:00:00,22.22
2011-02-20 03:00:00,8.2
2011-02-20 04:00:00,2.94
2011-02-20 06:00:00,5.4
2011-02-20 07:00:00,14.43
2011-02-20 08:00:00,32.14
2011-02-20 09:00:00,49.73
2011-02-20 10:00:00,94.24
2011-02-20 11:00:00,116.48
2011-02-20 12:00:00,142.19
2011-02-20 13:00:00,166.61
2011-02-20 14:00:00,152.92
2011-02-20 15:00:00,164.43
2011-02-20 16:00:00,156.76
2011-02-20 17:00:00,128.01
2011-02-20 18:00:00,96.48
2011-02-20 19:00:00,69.31
2011-02-20 20:00:00,58.82
2011-02-20 21:00:00,45.32
2011-02-20 22:00:00,37.84
2011-02-20 23:00:00,32.71
2011-02-21 00:00:00,19.99
2011-02-21 01:00:00,19.11
2011-02-21 02:00:00,8.88
2011-02-21 03:00:00,4.14
2011-02-21 04:00:00,3.7
2011-02-21 05:00:00,9.18
2011-02-21 06:00:00,37.53
2011-02-21 07:00:00,61.49
2011-02-21 08:00:00,83.78
2011-02-21 09:00:00,82.1
2011-02-21 10:00:00,89.6
2011-02-21 11:00:00,94.5
2011-02-21 12:00:00,98.3
2011-02-21 13:00:00,88.38
2011-02-21 14:00:00,97.79
2011-02-21 15:00:00,94.42
2011-02-21 16:00:00,89.59
2011-02-21 17:00:00,114.94
2011-02-21 18:00:00,98.75
2011-02-21 19:00:00,81.1
2011-02-21 20:00:00,52.25
2011-02-21 21:00:00,38.97
2011-02-21 22:00:00,30.99
2011-02-21 23:00:00,19.86
2011-02-22 06:00:00,33.57
2011-02-22 07:00:00,86.14
2011-02-22 08:00:00,185.4
2011-02-22 09:00:00,126.16
2011-02-22 10:00:00,47.86
2011-02-22 11:00:00,49.78
2011-02-22 12:00:00,62.56
2011-02-22 13:00:00,66.25
2011-02-22 14:00:00,65.0
2011-02-22 15:00:00,70.7
2011-02-22 16:00:00,72.94
2011-02-22 17:00:00,166.83
2011-02-22 18:00:00,162.71
2011-02-22 19:00:00,100.98
2011-02-22 20:00:00,75.85
2011-02-22 21:00:00,56.5
2011-02-22 22:00:00,32.07
2011-02-22 23:00:00,20.16
2011-02-23 00:00:00,11.75
2011-02-23 01:00:00,4.76
2011-02-23 02:00:00,2.08
2011-02-23 03:00:00,1.69
2011-02-23 05:00:00,6.56
2011-02-23 06:00:00,32.03
2011-02-23 07:00:00,88.17
2011-02-23 08:00:00,205.06
2011-02-23 09:00:00,127.77
2011-02-23 10:00:00,58.98
2011-02-23 11:00:00,66.35
2011-02-23 12:00:00,73.32
2011-02-23 13:00:00,78.22
2011-02-23 14:00:00,78.98
2011-02-23 15:00:00,74.51
2011-02-23 16:00:00,101.96
2011-02-23 17:00:00,209.89
2011-02-23 18:00:00,191.48
2011-02-23 19:00:00,137.71
2011-02-23 20:00:00,77.56
2011-02-23 21:00:00,67.09
2011-02-23 22:00:00,46.13
2011-02-23 23:00:00,27.26
2011-02-24 00:00:00,10.93
2011-02-24 01:00:00,5.27
2011-02-24 02:00:00,2.29
2011-02-24 03:00:00,1.71
2011-02-24 05:00:00,5.8
2011-02-24 06:00:00,33.95
2011-02-24 07:00:00,98.48
2011-02-24 08:00:00,231.72
2011-02-24 09:00:00,125.9
2011-02-24 10:00:00,65.39
2011-02-24 11:00:00,78.23
2011-02-24 12:00:00,90.08
2011-02-24 13:00:00,86.77
2011-02-24 14:00:00,86.45
2011-02-24 15:00:00,49.89
2011-02-24 16:00:00,69.93
2011-02-24 17:00:00,177.08
2011-02-24 18:00:00,165.65
2011-02-24 19:00:00,106.21
2011-02-24 20:00:00,93.98
2011-02-24 21:00:00,67.17
2011-02-24 22:00:00,33.6
2011-02-24 23:00:00,31.53
2011-02-25 00:00:00,11.97
2011-02-25 01:00:00,11.19
2011-02-25 02:00:00,8.16
2011-02-25 03:00:00,3.72
2011-02-25 05:00:00,8.92
2011-02-25 06:00:00,43.6
2011-02-25 07:00:00,63.98
2011-02-25 08:00:00,127.68
2011-02-25 09:00:00,91.36
2011-02-25 10:00:00,44.4
2011-02-25 11:00:00,135.29
2011-02-25 12:00:00,167.5
2011-02-25 13:00:00,167.0
2011-02-25 14:00:00,171.63
2011-02-25 15:00:00,176.09
2011-02-25 16:00:00,103.53
2011-02-25 17:00:00,186.56
2011-02-25 18:00:00,168.93
2011-02-25 19:00:00,104.67
2011-02-25 20:00:00,72.96
2011-02-25 21:00:00,54.74
2011-02-25 22:00:00,42.28
2011-02-25 23:00:00,30.17
2011-02-26 00:00:00,32.69
2011-02-26 01:00:00,21.26
2011-02-26 02:00:00,18.9
2011-02-26 03:00:00,12.43
2011-02-26 04:00:00,3.54
2011-02-26 05:00:00,3.95
2011-02-26 06:00:00,6.04
2011-02-26 07:00:00,18.44
2011-02-26 08:00:00,39.6
2011-02-26 09:00:00,55.18
2011-02-26 10:00:00,111.44
2011-02-26 11:00:00,130.35
2011-02-26 12:00:00,132.71
2011-02-26 13:00:00,149.63
2011-02-26 14:00:00,149.93
2011-02-26 15:00:00,150.27
2011-02-26 16:00:00,139.59
2011-02-26 17:00:00,125.62
2011-02-26 18:00:00,102.57
2011-02-26 19:00:00,72.0
2011-02-26 20:00:00,52.06
2011-02-26 21:00:00,42.7
2011-02-26 22:00:00,42.55
2011-02-26 23:00:00,37.38
2011-02-27 00:00:00,38.24
2011-02-27 01:00:00,31.45
2011-02-27 02:00:00,25.3
2011-02-27 03:00:00,13.29
2011-02-27 04:00:00,5.43
2011-02-27 06:00:00,5.17
2011-02-27 07:00:00,13.35
2011-02-27 08:00:00,33.19
2011-02-27 09:00:00,52.37
2011-02-27 10:00:00,88.25
2011-02-27 11:00:00,120.09
2011-02-27 12:00:00,156.51
2011-02-27 13:00:00,173.51
2011-02-27 14:00:00,178.18
2011-02-27 15:00:00,239.57
2011-02-27 16:00:00,252.66
2011-02-27 17:00:00,127.1
2011-02-27 18:00:00,105.81
2011-02-27 19:00:00,79.05
2011-02-27 20:00:00,62.11
2011-02-27 21:00:00,63.15
2011-02-27 22:00:00,46.11
2011-02-27 23:00:00,37.38
2011-02-28 00:00:00,15.64
2011-02-28 01:00:00,5.67
2011-02-28 03:00:00,2.14
2011-02-28 05:00:00,9.56
2011-02-28 06:00:00,48.41
2011-02-28 07:00:00,105.27
2011-02-28 08:00:00,196.3
2011-02-28 09:00:00,133.29
2011-02-28 10:00:00,95.17
2011-02-28 11:00:00,110.78
2011-02-28 12:00:00,122.29
2011-02-28 13:00:00,109.36
2011-02-28 14:00:00,58.94
2011-02-28 15:00:00,58.31
2011-02-28 16:00:00,74.23
2011-02-28 17:00:00,166.85
2011-02-28 18:00:00,194.33
2011-02-28 19:00:00,116.67
2011-02-28 20:00:00,97.62
2011-02-28 21:00:00,79.15
2011-02-28 22:00:00,35.46
2011-02-28 23:00:00,23.22
2011-03-20 00:00:00,41.35
2011-03-20 01:00:00,34.75
2011-03-20 02:00:00,25.01
2011-03-20 03:00:00,14.57
2011-03-20 04:00:00,2.7
2011-03-20 05:00:00,2.76
2011-03-20 06:00:00,4.76
2011-03-20 07:00:00,18.39
2011-03-20 08:00:00,43.92
2011-03-20 09:00:00,71.75
2011-03-20 10:00:00,122.62
2011-03-20 11:00:00,144.51
2011-03-20 12:00:00,163.07
2011-03-20 13:00:00,174.89
2011-03-20 14:00:00,172.46
2011-03-20 15:00:00,174.45
2011-03-20 16:00:00,174.91
2011-03-20 17:00:00,181.26
2011-03-20 18:00:00,155.95
2011-03-20 19:00:00,95.14
2011-03-20 20:00:00,82.46
2011-03-20 21:00:00,57.32
2011-03-20 22:00:00,46.5
2011-03-20 23:00:00,32.65
2011-03-21 00:00:00,15.08
2011-03-21 01:00:00,7.75
2011-03-21 02:00:00,3.63
2011-03-21 03:00:00,2.33
2011-03-21 05:00:00,5.25
2011-03-21 06:00:00,49.32
2011-03-21 07:00:00,97.85
2011-03-21 08:00:00,199.43
2011-03-21 09:00:00,137.1
2011-03-21 10:00:00,86.08
2011-03-21 11:00:00,88.97
2011-03-21 12:00:00,109.32
2011-03-21 13:00:00,123.81
2011-03-21 14:00:00,127.06
2011-03-21 15:00:00,141.65
2011-03-21 16:00:00,204.54
2011-03-21 17:00:00,327.85
2011-03-21 18:00:00,332.19
2011-03-21 19:00:00,266.05
2011-03-21 20:00:00,176.06
2011-03-21 21:00:00,113.51
2011-03-21 22:00:00,90.84
2011-03-21 23:00:00,59.89
2011-03-22 00:00:00,24.55
2011-03-22 01:00:00,7.11
2011-03-22 02:00:00,7.14
2011-03-22 03:00:00,3.62
2011-03-22 04:00:00,2.7
2011-03-22 05:00:00,11.27
2011-03-22 06:00:00,51.09
2011-03-22 07:00:00,131.26
2011-03-22 08:00:00,218.35
2011-03-22 09:00:00,130.22
2011-03-22 10:00:00,105.34
2011-03-22 11:00:00,104.61
2011-03-22 12:00:00,150.06
2011-03-22 13:00:00,121.08
2011-03-22 14:00:00,123.02
2011-03-22 15:00:00,125.77
2011-03-22 16:00:00,200.36
2011-03-22 17:00:00,334.03
2011-03-22 18:00:00,306.77
2011-03-22 19:00:00,169.19
2011-03-22 20:00:00,120.38
2011-03-22 21:00:00,85.36
2011-03-22 22:00:00,60.39
2011-03-22 23:00:00,42.3
2011-03-23 00:00:00,16.93
2011-03-23 01:00:00,7.43
2011-03-23 02:00:00,3.34
2011-03-23 03:00:00,2.47
2011-03-23 05:00:00,6.83
2011-03-23 06:00:00,49.34
2011-03-23 07:00:00,107.0
2011-03-23 08:00:00,207.83
2011-03-23 09:00:00,141.99
2011-03-23 10:00:00,73.97
2011-03-23 11:00:00,73.41
2011-03-23 12:00:00,78.6
2011-03-23 13:00:00,63.44
2011-03-23 14:00:00,84.61
2011-03-23 15:00:00,94.12
2011-03-23 16:00:00,137.41
2011-03-23 17:00:00,237.53
2011-03-23 18:00:00,188.9
2011-03-23 19:00:00,128.32
2011-03-23 20:00:00,92.0
2011-03-23 21:00:00,50.54
2011-03-23 22:00:00,41.06
2011-03-23 23:00:00,28.42
2011-03-24 00:00:00,11.4
2011-03-24 01:00:00,5.8
2011-03-24 02:00:00,3.43
2011-03-24 03:00:00,2.71
2011-03-24 04:00:00,2.41
2011-03-24 05:00:00,5.79
2011-03-24 06:00:00,36.33
2011-03-24 07:00:00,72.54
2011-03-24 08:00:00,95.8
2011-03-24 09:00:00,119.0
2011-03-24 10:00:00,67.48
2011-03-24 11:00:00,87.28
2011-03-24 12:00:00,100.92
2011-03-24 13:00:00,98.43
2011-03-24 14:00:00,89.83
2011-03-24 15:00:00,96.99
2011-03-24 16:00:00,119.38
2011-03-24 17:00:00,198.89
2011-03-24 18:00:00,187.26
2011-03-24 19:00:00,123.73
2011-03-24 20:00:00,88.57
2011-03-24 21:00:00,65.87
2011-03-24 22:00:00,48.53
2011-03-24 23:00:00,32.92
2011-03-25 00:00:00,16.34
2011-03-25 01:00:00,13.13
2011-03-25 02:00:00,3.58
2011-03-25 03:00:00,1.92
2011-03-25 04:00:00,1.65
2011-03-25 05:00:00,6.58
2011-03-25 06:00:00,36.49
2011-03-25 07:00:00,111.38
2011-03-25 08:00:00,213.35
2011-03-25 09:00:00,146.18
2011-03-25 10:00:00,87.86
2011-03-25 11:00:00,97.15
2011-03-25 12:00:00,110.56
2011-03-25 13:00:00,112.76
2011-03-25 14:00:00,127.44
2011-03-25 15:00:00,118.96
2011-03-25 16:00:00,156.74
2011-03-25 17:00:00,215.22
2011-03-25 18:00:00,205.73
2011-03-25 19:00:00,143.22
2011-03-25 20:00:00,89.87
2011-03-25 21:00:00,66.17
2011-03-25 22:00:00,46.24
2011-03-25 23:00:00,33.13
2011-03-26 00:00:00,34.58
2011-03-26 01:00:00,27.66
2011-03-26 02:00:00,18.41
2011-03-26 03:00:00,12.19
2011-03-26 04:00:00,4.17
2011-03-26 05:00:00,3.47
2011-03-26 06:00:00,9.22
2011-03-26 07:00:00,35.48
2011-03-26 08:00:00,60.45
2011-03-26 09:00:00,89.61
2011-03-26 10:00:00,119.88
2011-03-26 11:00:00,129.89
2011-03-26 12:00:00,151.93
2011-03-26 13:00:00,167.44
2011-03-26 14:00:00,176.58
2011-03-26 15:00:00,177.17
2011-03-26 16:00:00,170.86
2011-03-26 17:00:00,186.37
2011-03-26 18:00:00,170.46
2011-03-26 19:00:00,95.66
2011-03-26 20:00:00,74.6
2011-03-26 21:00:00,49.9
2011-03-26 22:00:00,46.25
2011-03-26 23:00:00,33.73
2011-03-27 00:00:00,37.11
2011-03-27 01:00:00,26.66
2011-03-27 02:00:00,19.83
2011-03-27 03:00:00,13.22
2011-03-27 04:00:00,4.83
2011-03-27 06:00:00,8.68
2011-03-27 07:00:00,48.39
2011-03-27 08:00:00,62.34
2011-03-27 09:00:00,84.58
2011-03-27 10:00:00,100.61
2011-03-27 11:00:00,116.09
2011-03-27 12:00:00,128.78
2011-03-27 13:00:00,151.99
2011-03-27 14:00:00,164.66
2011-03-27 15:00:00,170.97
2011-03-27 16:00:00,182.75
2011-03-27 17:00:00,177.03
2011-03-27 18:00:00,153.96
2011-03-27 19:00:00,109.21
2011-03-27 20:00:00,75.91
2011-03-27 21:00:00,44.58
2011-03-27 22:00:00,36.77
2011-03-27 23:00:00,33.53
2011-03-28 00:00:00,13.04
2011-03-28 01:00:00,5.36
2011-03-28 02:00:00,3.06
2011-03-28 03:00:00,2.12
2011-03-28 05:00:00,5.72
2011-03-28 06:00:00,39.03
2011-03-28 07:00:00,127.45
2011-03-28 08:00:00,218.78
2011-03-28 09:00:00,150.77
2011-03-28 10:00:00,100.45
2011-03-28 11:00:00,101.18
2011-03-28 12:00:00,109.85
2011-03-28 13:00:00,115.08
2011-03-28 14:00:00,117.48
2011-03-28 15:00:00,115.81
2011-03-28 16:00:00,149.76
2011-03-28 17:00:00,243.27
2011-03-28 18:00:00,236.09
2011-03-28 19:00:00,159.16
2011-03-28 20:00:00,108.29
2011-03-28 21:00:00,72.75
2011-03-28 22:00:00,45.3
2011-03-28 23:00:00,29.36
2011-03-29 00:00:00,15.49
2011-03-29 01:00:00,3.99
2011-03-29 02:00:00,5.18
2011-03-29 03:00:00,3.13
2011-03-29 04:00:00,1.69
2011-03-29 05:00:00,5.35
2011-03-29 06:00:00,40.49
2011-03-29 07:00:00,118.66
2011-03-29 08:00:00,226.8
2011-03-29 09:00:00,153.86
2011-03-29 10:00:00,105.5
2011-03-29 11:00:00,105.86
2011-03-29 12:00:00,115.49
2011-03-29 13:00:00,115.15
2011-03-29 14:00:00,115.81
2011-03-29 15:00:00,119.54
2011-03-29 16:00:00,151.81
2011-03-29 17:00:00,270.44
2011-03-29 18:00:00,250.18
2011-03-29 19:00:00,163.92
2011-03-29 20:00:00,120.04
2011-03-29 21:00:00,72.14
2011-03-29 22:00:00,49.08
2011-03-29 23:00:00,30.09
2011-03-30 00:00:00,18.14
2011-03-30 01:00:00,10.0
2011-03-30 02:00:00,4.86
2011-03-30 03:00:00,3.54
2011-03-30 04:00:00,3.6
2011-03-30 05:00:00,7.09
2011-03-30 06:00:00,48.64
2011-03-30 07:00:00,126.2
2011-03-30 08:00:00,215.57
2011-03-30 09:00:00,145.78
2011-03-30 10:00:00,87.88
2011-03-30 11:00:00,87.5
2011-03-30 12:00:00,102.22
2011-03-30 13:00:00,105.02
2011-03-30 14:00:00,95.51
2011-03-30 15:00:00,80.74
2011-03-30 16:00:00,80.92
2011-03-30 17:00:00,155.81
2011-03-30 18:00:00,155.36
2011-03-30 19:00:00,98.41
2011-03-30 20:00:00,74.79
2011-03-30 21:00:00,60.83
2011-03-30 22:00:00,34.98
2011-03-30 23:00:00,27.63
2011-03-31 00:00:00,6.5
2011-03-31 01:00:00,5.72
2011-03-31 02:00:00,3.33
2011-03-31 03:00:00,2.53
2011-03-31 04:00:00,2.21
2011-03-31 05:00:00,5.7
2011-03-31 06:00:00,29.36
2011-03-31 07:00:00,95.22
2011-03-31 08:00:00,134.37
2011-03-31 09:00:00,92.75
2011-03-31 10:00:00,64.63
2011-03-31 11:00:00,58.47
2011-03-31 12:00:00,59.01
2011-03-31 13:00:00,53.83
2011-03-31 14:00:00,52.03
2011-03-31 15:00:00,56.1
2011-03-31 16:00:00,115.99
2011-03-31 17:00:00,188.25
2011-03-31 18:00:00,180.54
2011-03-31 19:00:00,117.32
2011-03-31 20:00:00,75.5
2011-03-31 21:00:00,66.74
2011-03-31 22:00:00,36.07
2011-03-31 23:00:00,33.11
2011-04-20 00:00:00,26.84
2011-04-20 01:00:00,6.5
2011-04-20 02:00:00,7.06
2011-04-20 03:00:00,5.0
2011-04-20 04:00:00,3.7
2011-04-20 05:00:00,10.81
2011-04-20 06:00:00,55.04
2011-04-20 07:00:00,152.19
2011-04-20 08:00:00,372.59
2011-04-20 09:00:00,156.86
2011-04-20 10:00:00,112.31
2011-04-20 11:00:00,119.5
2011-04-20 12:00:00,141.93
2011-04-20 13:00:00,143.23
2011-04-20 14:00:00,139.35
2011-04-20 15:00:00,142.56
2011-04-20 16:00:00,231.58
2011-04-20 17:00:00,358.05
2011-04-20 18:00:00,361.75
2011-04-20 19:00:00,304.81
2011-04-20 20:00:00,220.25
2011-04-20 21:00:00,167.21
2011-04-20 22:00:00,122.59
2011-04-20 23:00:00,75.86
2011-04-21 00:00:00,32.49
2011-04-21 01:00:00,16.89
2011-04-21 02:00:00,12.27
2011-04-21 03:00:00,5.29
2011-04-21 04:00:00,4.14
2011-04-21 05:00:00,7.43
2011-04-21 06:00:00,53.82
2011-04-21 07:00:00,167.7
2011-04-21 08:00:00,211.28
2011-04-21 09:00:00,163.61
2011-04-21 10:00:00,124.14
2011-04-21 11:00:00,147.12
2011-04-21 12:00:00,166.46
2011-04-21 13:00:00,146.95
2011-04-21 14:00:00,122.73
2011-04-21 15:00:00,124.12
2011-04-21 16:00:00,213.68
2011-04-21 17:00:00,328.85
2011-04-21 18:00:00,311.14
2011-04-21 19:00:00,223.55
2011-04-21 20:00:00,144.59
2011-04-21 21:00:00,102.22
2011-04-21 22:00:00,75.16
2011-04-21 23:00:00,50.5
2011-04-22 00:00:00,26.93
2011-04-22 01:00:00,21.32
2011-04-22 02:00:00,8.35
2011-04-22 03:00:00,5.51
2011-04-22 04:00:00,4.16
2011-04-22 05:00:00,7.53
2011-04-22 06:00:00,58.82
2011-04-22 07:00:00,121.19
2011-04-22 08:00:00,190.72
2011-04-22 09:00:00,111.41
2011-04-22 10:00:00,122.1
2011-04-22 11:00:00,71.13
2011-04-22 12:00:00,74.16
2011-04-22 13:00:00,44.96
2011-04-22 14:00:00,32.88
2011-04-22 15:00:00,43.46
2011-04-22 16:00:00,85.68
2011-04-22 17:00:00,163.26
2011-04-22 18:00:00,153.15
2011-04-22 19:00:00,109.34
2011-04-22 20:00:00,84.17
2011-04-22 21:00:00,56.07
2011-04-22 22:00:00,45.76
2011-04-22 23:00:00,47.32
2011-04-23 00:00:00,35.46
2011-04-23 01:00:00,29.32
2011-04-23 02:00:00,26.26
2011-04-23 03:00:00,17.11
2011-04-23 04:00:00,7.09
2011-04-23 05:00:00,7.34
2011-04-23 06:00:00,16.94
2011-04-23 07:00:00,51.8
2011-04-23 08:00:00,52.43
2011-04-23 09:00:00,73.66
2011-04-23 10:00:00,142.42
2011-04-23 11:00:00,129.48
2011-04-23 12:00:00,175.18
2011-04-23 13:00:00,185.37
2011-04-23 14:00:00,225.98
2011-04-23 15:00:00,258.85
2011-04-23 16:00:00,267.06
2011-04-23 17:00:00,309.42
2011-04-23 18:00:00,279.48
2011-04-23 19:00:00,213.31
2011-04-23 20:00:00,140.39
2011-04-23 21:00:00,128.4
2011-04-23 22:00:00,113.13
2011-04-23 23:00:00,77.45
2011-04-24 00:00:00,46.63
2011-04-24 01:00:00,36.26
2011-04-24 02:00:00,37.61
2011-04-24 03:00:00,27.04
2011-04-24 04:00:00,10.09
2011-04-24 05:00:00,9.82
2011-04-24 06:00:00,13.88
2011-04-24 07:00:00,75.49
2011-04-24 08:00:00,111.4
2011-04-24 09:00:00,162.03
2011-04-24 10:00:00,247.62
2011-04-24 11:00:00,314.34
2011-04-24 12:00:00,326.85
2011-04-24 13:00:00,328.72
2011-04-24 14:00:00,333.81
2011-04-24 15:00:00,336.86
2011-04-24 16:00:00,343.14
2011-04-24 17:00:00,340.075
2011-04-24 18:00:00,326.96
2011-04-24 19:00:00,214.81
2011-04-24 20:00:00,150.61
2011-04-24 21:00:00,92.85
2011-04-24 22:00:00,68.88
2011-04-24 23:00:00,66.52
2011-04-25 00:00:00,24.68
2011-04-25 01:00:00,10.76
2011-04-25 02:00:00,8.64
2011-04-25 03:00:00,4.82
2011-04-25 04:00:00,5.18
2011-04-25 05:00:00,12.77
2011-04-25 06:00:00,56.91
2011-04-25 07:00:00,195.86
2011-04-25 08:00:00,327.59
2011-04-25 09:00:00,150.23
2011-04-25 10:00:00,112.88
2011-04-25 11:00:00,116.14
2011-04-25 12:00:00,133.95
2011-04-25 13:00:00,148.11
2011-04-25 14:00:00,151.08
2011-04-25 15:00:00,154.16
2011-04-25 16:00:00,223.97
2011-04-25 17:00:00,406.47
2011-04-25 18:00:00,400.12
2011-04-25 19:00:00,297.23
2011-04-25 20:00:00,223.65
2011-04-25 21:00:00,156.59
2011-04-25 22:00:00,100.85
2011-04-25 23:00:00,58.48
2011-04-26 00:00:00,26.22
2011-04-26 01:00:00,11.65
2011-04-26 02:00:00,6.42
2011-04-26 03:00:00,4.77
2011-04-26 04:00:00,4.93
2011-04-26 05:00:00,10.58
2011-04-26 06:00:00,56.29
2011-04-26 07:00:00,223.24
2011-04-26 08:00:00,333.54
2011-04-26 09:00:00,145.85
2011-04-26 10:00:00,102.67
2011-04-26 11:00:00,113.72
2011-04-26 12:00:00,132.14
2011-04-26 13:00:00,142.36
2011-04-26 14:00:00,143.7
2011-04-26 15:00:00,139.75
2011-04-26 16:00:00,221.08
2011-04-26 17:00:00,398.67
2011-04-26 18:00:00,389.88
2011-04-26 19:00:00,291.93
2011-04-26 20:00:00,198.68
2011-04-26 21:00:00,159.93
2011-04-26 22:00:00,121.84
2011-04-26 23:00:00,57.72
2011-04-27 00:00:00,27.79
2011-04-27 01:00:00,13.95
2011-04-27 02:00:00,7.35
2011-04-27 03:00:00,4.03
2011-04-27 04:00:00,4.92
2011-04-27 05:00:00,10.04
2011-04-27 06:00:00,54.61
2011-04-27 07:00:00,221.57
2011-04-27 08:00:00,333.67
2011-04-27 09:00:00,157.77
2011-04-27 10:00:00,101.98
2011-04-27 11:00:00,98.04
2011-04-27 12:00:00,119.31
2011-04-27 13:00:00,117.44
2011-04-27 14:00:00,129.39
2011-04-27 15:00:00,135.38
2011-04-27 16:00:00,218.4
2011-04-27 17:00:00,316.13
2011-04-27 18:00:00,312.92
2011-04-27 19:00:00,276.43
2011-04-27 20:00:00,186.39
2011-04-27 21:00:00,127.02
2011-04-27 22:00:00,88.19
2011-04-27 23:00:00,60.76
2011-04-28 00:00:00,33.35
2011-04-28 01:00:00,19.12
2011-04-28 02:00:00,10.25
2011-04-28 03:00:00,5.71
2011-04-28 04:00:00,5.1
2011-04-28 05:00:00,8.91
2011-04-28 06:00:00,56.05
2011-04-28 07:00:00,214.56
2011-04-28 08:00:00,372.93
2011-04-28 09:00:00,147.91
2011-04-28 10:00:00,103.7
2011-04-28 11:00:00,106.15
2011-04-28 12:00:00,120.36
2011-04-28 13:00:00,119.13
2011-04-28 14:00:00,120.3
2011-04-28 15:00:00,136.07
2011-04-28 16:00:00,226.39
2011-04-28 17:00:00,359.13
2011-04-28 18:00:00,350.52
2011-04-28 19:00:00,271.33
2011-04-28 20:00:00,165.35
2011-04-28 21:00:00,146.04
2011-04-28 22:00:00,123.29
2011-04-28 23:00:00,90.63
2011-04-29 00:00:00,43.41
2011-04-29 01:00:00,25.97
2011-04-29 02:00:00,10.57
2011-04-29 03:00:00,5.96
2011-04-29 04:00:00,5.44
2011-04-29 05:00:00,12.68
2011-04-29 06:00:00,57.95
2011-04-29 07:00:00,210.78
2011-04-29 08:00:00,366.55
2011-04-29 09:00:00,189.16
2011-04-29 10:00:00,150.66
2011-04-29 11:00:00,172.1
2011-04-29 12:00:00,194.26
2011-04-29 13:00:00,195.27
2011-04-29 14:00:00,194.97
2011-04-29 15:00:00,186.38
2011-04-29 16:00:00,266.89
2011-04-29 17:00:00,322.25
2011-04-29 18:00:00,325.63
2011-04-29 19:00:00,217.86
2011-04-29 20:00:00,147.01
2011-04-29 21:00:00,121.07
2011-04-29 22:00:00,81.4
2011-04-29 23:00:00,54.63
2011-04-30 00:00:00,39.17
2011-04-30 01:00:00,33.9
2011-04-30 02:00:00,33.61
2011-04-30 03:00:00,16.98
2011-04-30 04:00:00,5.37
2011-04-30 05:00:00,5.19
2011-04-30 06:00:00,15.56
2011-04-30 07:00:00,79.85
2011-04-30 08:00:00,108.98
2011-04-30 09:00:00,169.82
2011-04-30 10:00:00,247.34
2011-04-30 11:00:00,278.83
2011-04-30 12:00:00,280.04
2011-04-30 13:00:00,295.57
2011-04-30 14:00:00,297.34
2011-04-30 15:00:00,298.82
2011-04-30 16:00:00,298.54
2011-04-30 17:00:00,307.26
2011-04-30 18:00:00,290.96
2011-04-30 19:00:00,218.17
2011-04-30 20:00:00,122.1
2011-04-30 21:00:00,91.87
2011-04-30 22:00:00,70.17
2011-04-30 23:00:00,56.66
2011-05-20 00:00:00,39.38
2011-05-20 01:00:00,21.05
2011-05-20 02:00:00,13.1
2011-05-20 03:00:00,5.06
2011-05-20 04:00:00,4.91
2011-05-20 05:00:00,26.22
2011-05-20 06:00:00,90.55
2011-05-20 07:00:00,288.21
2011-05-20 08:00:00,457.09
2011-05-20 09:00:00,209.37
2011-05-20 10:00:00,162.82
2011-05-20 11:00:00,171.61
2011-05-20 12:00:00,245.25
2011-05-20 13:00:00,230.15
2011-05-20 14:00:00,246.11
2011-05-20 15:00:00,256.67
2011-05-20 16:00:00,361.62
2011-05-20 17:00:00,425.38
2011-05-20 18:00:00,479.38
2011-05-20 19:00:00,320.03
2011-05-20 20:00:00,220.78
2011-05-20 21:00:00,188.68
2011-05-20 22:00:00,143.33
2011-05-20 23:00:00,109.08
2011-05-21 00:00:00,102.96
2011-05-21 01:00:00,73.2
2011-05-21 02:00:00,57.92
2011-05-21 03:00:00,27.42
2011-05-21 04:00:00,7.76
2011-05-21 05:00:00,8.83
2011-05-21 06:00:00,17.97
2011-05-21 07:00:00,52.17
2011-05-21 08:00:00,92.42
2011-05-21 09:00:00,193.4
2011-05-21 10:00:00,284.23
2011-05-21 11:00:00,368.65
2011-05-21 12:00:00,384.72
2011-05-21 13:00:00,389.12
2011-05-21 14:00:00,388.89
2011-05-21 15:00:00,399.07
2011-05-21 16:00:00,395.45
2011-05-21 17:00:00,350.79
2011-05-21 18:00:00,344.69
2011-05-21 19:00:00,328.64
2011-05-21 20:00:00,214.04
2011-05-21 21:00:00,197.88
2011-05-21 22:00:00,142.24
2011-05-21 23:00:00,113.17
2011-05-22 00:00:00,110.08
2011-05-22 01:00:00,69.81
2011-05-22 02:00:00,56.26
2011-05-22 03:00:00,30.16
2011-05-22 04:00:00,11.44
2011-05-22 05:00:00,11.72
2011-05-22 06:00:00,11.21
2011-05-22 07:00:00,49.43
2011-05-22 08:00:00,88.32
2011-05-22 09:00:00,169.95
2011-05-22 10:00:00,273.82
2011-05-22 11:00:00,368.25
2011-05-22 12:00:00,388.19
2011-05-22 13:00:00,403.8
2011-05-22 14:00:00,332.21
2011-05-22 15:00:00,391.99
2011-05-22 16:00:00,382.53
2011-05-22 17:00:00,362.91583333333335
2011-05-22 18:00:00,354.5075
2011-05-22 19:00:00,306.57
2011-05-22 20:00:00,227.75
2011-05-22 21:00:00,186.53
2011-05-22 22:00:00,124.88
2011-05-22 23:00:00,79.44
2011-05-23 00:00:00,29.27
2011-05-23 01:00:00,12.91
2011-05-23 02:00:00,8.39
2011-05-23 03:00:00,4.19
2011-05-23 04:00:00,5.8
2011-05-23 05:00:00,19.44
2011-05-23 06:00:00,95.59
2011-05-23 07:00:00,276.54
2011-05-23 08:00:00,387.57
2011-05-23 09:00:00,187.95
2011-05-23 10:00:00,120.58
2011-05-23 11:00:00,135.69
2011-05-23 12:00:00,180.49
2011-05-23 13:00:00,175.38
2011-05-23 14:00:00,165.01
2011-05-23 15:00:00,164.86
2011-05-23 16:00:00,285.93
2011-05-23 17:00:00,460.8
2011-05-23 18:00:00,489.91
2011-05-23 19:00:00,367.49
2011-05-23 20:00:00,219.88
2011-05-23 21:00:00,140.84
2011-05-23 22:00:00,123.0
2011-05-23 23:00:00,66.24
2011-05-24 00:00:00,23.99
2011-05-24 01:00:00,10.72
2011-05-24 02:00:00,9.02
2011-05-24 03:00:00,4.39
2011-05-24 04:00:00,5.01
2011-05-24 05:00:00,20.33
2011-05-24 06:00:00,110.22
2011-05-24 07:00:00,181.01
2011-05-24 08:00:00,237.25
2011-05-24 09:00:00,203.75
2011-05-24 10:00:00,118.64
2011-05-24 11:00:00,146.64
2011-05-24 12:00:00,180.9
2011-05-24 13:00:00,184.12
2011-05-24 14:00:00,164.65
2011-05-24 15:00:00,173.66
2011-05-24 16:00:00,294.69
2011-05-24 17:00:00,474.95
2011-05-24 18:00:00,521.01
2011-05-24 19:00:00,352.1
2011-05-24 20:00:00,275.8
2011-05-24 21:00:00,215.37
2011-05-24 22:00:00,67.33
2011-05-24 23:00:00,66.45
2011-05-25 00:00:00,26.09
2011-05-25 01:00:00,12.87
2011-05-25 02:00:00,8.56
2011-05-25 03:00:00,4.09
2011-05-25 04:00:00,4.37
2011-05-25 05:00:00,26.21
2011-05-25 06:00:00,101.26
2011-05-25 07:00:00,331.88
2011-05-25 08:00:00,438.95
2011-05-25 09:00:00,214.52
2011-05-25 10:00:00,127.32
2011-05-25 11:00:00,153.51
2011-05-25 12:00:00,195.11
2011-05-25 13:00:00,178.32
2011-05-25 14:00:00,162.95
2011-05-25 15:00:00,168.05
2011-05-25 16:00:00,286.23
2011-05-25 17:00:00,526.97
2011-05-25 18:00:00,490.82
2011-05-25 19:00:00,378.77
2011-05-25 20:00:00,290.8
2011-05-25 21:00:00,216.23
2011-05-25 22:00:00,144.08
2011-05-25 23:00:00,79.42
2011-05-26 00:00:00,37.56
2011-05-26 01:00:00,19.51
2011-05-26 02:00:00,10.99
2011-05-26 03:00:00,4.7
2011-05-26 04:00:00,5.1933333333333325
2011-05-26 05:00:00,21.09
2011-05-26 06:00:00,97.13
2011-05-26 07:00:00,276.47
2011-05-26 08:00:00,437.3
2011-05-26 09:00:00,204.27
2011-05-26 10:00:00,116.87
2011-05-26 11:00:00,150.7
2011-05-26 12:00:00,180.01
2011-05-26 13:00:00,169.59
2011-05-26 14:00:00,161.42
2011-05-26 15:00:00,160.97
2011-05-26 16:00:00,288.34
2011-05-26 17:00:00,514.67
2011-05-26 18:00:00,476.9
2011-05-26 19:00:00,363.06
2011-05-26 20:00:00,285.02
2011-05-26 21:00:00,205.81
2011-05-26 22:00:00,158.71
2011-05-26 23:00:00,123.85
2011-05-27 00:00:00,60.57
2011-05-27 01:00:00,24.99
2011-05-27 02:00:00,17.95
2011-05-27 03:00:00,6.7
2011-05-27 04:00:00,6.26
2011-05-27 05:00:00,26.53
2011-05-27 06:00:00,100.92
2011-05-27 07:00:00,292.57
2011-05-27 08:00:00,451.86
2011-05-27 09:00:00,224.6
2011-05-27 10:00:00,165.9
2011-05-27 11:00:00,172.46
2011-05-27 12:00:00,218.16
2011-05-27 13:00:00,228.1
2011-05-27 14:00:00,222.88
2011-05-27 15:00:00,224.66
2011-05-27 16:00:00,326.36
2011-05-27 17:00:00,511.23
2011-05-27 18:00:00,448.31
2011-05-27 19:00:00,316.88
2011-05-27 20:00:00,200.23
2011-05-27 21:00:00,179.82
2011-05-27 22:00:00,144.33
2011-05-27 23:00:00,102.64
2011-05-28 00:00:00,105.77
2011-05-28 01:00:00,78.88
2011-05-28 02:00:00,56.01
2011-05-28 03:00:00,30.25
2011-05-28 04:00:00,10.58
2011-05-28 05:00:00,10.49
2011-05-28 06:00:00,20.87
2011-05-28 07:00:00,51.41
2011-05-28 08:00:00,102.26
2011-05-28 09:00:00,192.3
2011-05-28 10:00:00,288.52
2011-05-28 11:00:00,363.45
2011-05-28 12:00:00,381.77
2011-05-28 13:00:00,383.81
2011-05-28 14:00:00,383.24
2011-05-28 15:00:00,411.41
2011-05-28 16:00:00,387.05
2011-05-28 17:00:00,371.915
2011-05-28 18:00:00,344.51
2011-05-28 19:00:00,316.19
2011-05-28 20:00:00,263.05
2011-05-28 21:00:00,193.33
2011-05-28 22:00:00,158.56
2011-05-28 23:00:00,109.51
2011-05-29 00:00:00,110.24
2011-05-29 01:00:00,82.78
2011-05-29 02:00:00,57.92
2011-05-29 03:00:00,27.89
2011-05-29 04:00:00,10.7
2011-05-29 05:00:00,10.76
2011-05-29 06:00:00,14.01
2011-05-29 07:00:00,35.35
2011-05-29 08:00:00,84.96
2011-05-29 09:00:00,138.2
2011-05-29 10:00:00,220.98
2011-05-29 11:00:00,248.74
2011-05-29 12:00:00,330.01
2011-05-29 13:00:00,382.13
2011-05-29 14:00:00,365.28
2011-05-29 15:00:00,374.78
2011-05-29 16:00:00,357.28
2011-05-29 17:00:00,335.095
2011-05-29 18:00:00,255.97
2011-05-29 19:00:00,271.67
2011-05-29 20:00:00,223.36
2011-05-29 21:00:00,167.41
2011-05-29 22:00:00,127.85
2011-05-29 23:00:00,98.67
2011-05-30 00:00:00,63.36
2011-05-30 01:00:00,48.49
2011-05-30 02:00:00,44.71
2011-05-30 03:00:00,23.69
2011-05-30 04:00:00,17.59
2011-05-30 05:00:00,8.26
2011-05-30 06:00:00,67.12
2011-05-30 07:00:00,67.62
2011-05-30 08:00:00,172.28
2011-05-30 09:00:00,204.93
2011-05-30 10:00:00,297.73
2011-05-30 11:00:00,368.09
2011-05-30 12:00:00,369.36
2011-05-30 13:00:00,367.33
2011-05-30 14:00:00,366.99
2011-05-30 15:00:00,355.84
2011-05-30 16:00:00,352.67
2011-05-30 17:00:00,455.75
2011-05-30 18:00:00,441.9
2011-05-30 19:00:00,308.73
2011-05-30 20:00:00,296.74
2011-05-30 21:00:00,360.55
2011-05-30 22:00:00,141.96
2011-05-30 23:00:00,77.2
2011-05-31 00:00:00,28.51
2011-05-31 01:00:00,15.33
2011-05-31 02:00:00,8.35
2011-05-31 03:00:00,4.49
2011-05-31 04:00:00,5.71
2011-05-31 05:00:00,24.08
2011-05-31 06:00:00,103.62
2011-05-31 07:00:00,312.61
2011-05-31 08:00:00,441.83
2011-05-31 09:00:00,187.78
2011-05-31 10:00:00,117.81
2011-05-31 11:00:00,129.2
2011-05-31 12:00:00,160.34
2011-05-31 13:00:00,149.2
2011-05-31 14:00:00,135.13
2011-05-31 15:00:00,140.44
2011-05-31 16:00:00,232.84
2011-05-31 17:00:00,518.28
2011-05-31 18:00:00,508.57
2011-05-31 19:00:00,363.18
2011-05-31 20:00:00,279.76
2011-05-31 21:00:00,221.2
2011-05-31 22:00:00,139.34
2011-05-31 23:00:00,69.43
2011-06-20 00:00:00,30.69
2011-06-20 01:00:00,14.05
2011-06-20 02:00:00,7.48
2011-06-20 03:00:00,4.58
2011-06-20 04:00:00,5.08
2011-06-20 05:00:00,19.03
2011-06-20 06:00:00,80.56
2011-06-20 07:00:00,138.18
2011-06-20 08:00:00,227.82
2011-06-20 09:00:00,195.98
2011-06-20 10:00:00,113.55
2011-06-20 11:00:00,122.29
2011-06-20 12:00:00,180.21
2011-06-20 13:00:00,178.67
2011-06-20 14:00:00,168.88
2011-06-20 15:00:00,168.32
2011-06-20 16:00:00,286.8
2011-06-20 17:00:00,496.66
2011-06-20 18:00:00,530.77
2011-06-20 19:00:00,373.3
2011-06-20 20:00:00,298.77
2011-06-20 21:00:00,209.37
2011-06-20 22:00:00,122.8
2011-06-20 23:00:00,74.76
2011-06-21 00:00:00,29.6
2011-06-21 01:00:00,10.6
2011-06-21 02:00:00,5.44
2011-06-21 03:00:00,4.82
2011-06-21 04:00:00,4.82
2011-06-21 05:00:00,21.04
2011-06-21 06:00:00,120.64
2011-06-21 07:00:00,294.64
2011-06-21 08:00:00,422.66
2011-06-21 09:00:00,187.27
2011-06-21 10:00:00,112.89
2011-06-21 11:00:00,120.69
2011-06-21 12:00:00,175.82
2011-06-21 13:00:00,173.65
2011-06-21 14:00:00,158.59
2011-06-21 15:00:00,163.17
2011-06-21 16:00:00,284.89
2011-06-21 17:00:00,551.81
2011-06-21 18:00:00,534.26
2011-06-21 19:00:00,353.44
2011-06-21 20:00:00,220.17
2011-06-21 21:00:00,234.32
2011-06-21 22:00:00,155.35
2011-06-21 23:00:00,76.85
2011-06-22 00:00:00,33.02
2011-06-22 01:00:00,14.71
2011-06-22 02:00:00,9.59
2011-06-22 03:00:00,5.32
2011-06-22 04:00:00,5.56
2011-06-22 05:00:00,24.98
2011-06-22 06:00:00,107.34
2011-06-22 07:00:00,302.81
2011-06-22 08:00:00,435.56
2011-06-22 09:00:00,190.45
2011-06-22 10:00:00,121.8
2011-06-22 11:00:00,143.83
2011-06-22 12:00:00,168.63
2011-06-22 13:00:00,161.44
2011-06-22 14:00:00,156.19
2011-06-22 15:00:00,156.6
2011-06-22 16:00:00,261.65
2011-06-22 17:00:00,490.95
2011-06-22 18:00:00,492.54
2011-06-22 19:00:00,369.99
2011-06-22 20:00:00,282.72
2011-06-22 21:00:00,231.8
2011-06-22 22:00:00,158.75
2011-06-22 23:00:00,87.53
2011-06-23 00:00:00,40.59
2011-06-23 01:00:00,21.1
2011-06-23 02:00:00,11.17
2011-06-23 03:00:00,5.29
2011-06-23 04:00:00,5.79
2011-06-23 05:00:00,25.17
2011-06-23 06:00:00,117.55
2011-06-23 07:00:00,315.55
2011-06-23 08:00:00,434.03
2011-06-23 09:00:00,202.9
2011-06-23 10:00:00,123.72
2011-06-23 11:00:00,150.9
2011-06-23 12:00:00,188.19
2011-06-23 13:00:00,172.82
2011-06-23 14:00:00,157.75
2011-06-23 15:00:00,165.61
2011-06-23 16:00:00,287.12
2011-06-23 17:00:00,500.85
2011-06-23 18:00:00,500.11
2011-06-23 19:00:00,359.71
2011-06-23 20:00:00,286.37
2011-06-23 21:00:00,225.8
2011-06-23 22:00:00,166.52
2011-06-23 23:00:00,121.73
2011-06-24 00:00:00,58.73
2011-06-24 01:00:00,22.73
2011-06-24 02:00:00,11.08
2011-06-24 03:00:00,6.31
2011-06-24 04:00:00,6.19
2011-06-24 05:00:00,24.9
2011-06-24 06:00:00,102.13
2011-06-24 07:00:00,292.77
2011-06-24 08:00:00,444.44
2011-06-24 09:00:00,221.81
2011-06-24 10:00:00,154.3
2011-06-24 11:00:00,166.69
2011-06-24 12:00:00,221.14
2011-06-24 13:00:00,231.46
2011-06-24 14:00:00,226.14
2011-06-24 15:00:00,211.06
2011-06-24 16:00:00,339.47
2011-06-24 17:00:00,548.79
2011-06-24 18:00:00,495.19
2011-06-24 19:00:00,374.88
2011-06-24 20:00:00,280.83
2011-06-24 21:00:00,236.55
2011-06-24 22:00:00,193.45
2011-06-24 23:00:00,140.34
2011-06-25 00:00:00,121.87
2011-06-25 01:00:00,82.42
2011-06-25 02:00:00,56.81
2011-06-25 03:00:00,34.41
2011-06-25 04:00:00,10.23
2011-06-25 05:00:00,10.4
2011-06-25 06:00:00,35.59
2011-06-25 07:00:00,53.8
2011-06-25 08:00:00,123.38
2011-06-25 09:00:00,212.44
2011-06-25 10:00:00,296.63
2011-06-25 11:00:00,369.62
2011-06-25 12:00:00,426.93
2011-06-25 13:00:00,425.31
2011-06-25 14:00:00,417.87
2011-06-25 15:00:00,405.36
2011-06-25 16:00:00,396.84
2011-06-25 17:00:00,400.00700000000006
2011-06-25 18:00:00,396.9966666666667
2011-06-25 19:00:00,354.18
2011-06-25 20:00:00,273.37
2011-06-25 21:00:00,230.61
2011-06-25 22:00:00,194.16
2011-06-25 23:00:00,125.82
2011-06-26 00:00:00,106.9
2011-06-26 01:00:00,86.38
2011-06-26 02:00:00,69.91
2011-06-26 03:00:00,34.94
2011-06-26 04:00:00,12.38
2011-06-26 05:00:00,11.68
2011-06-26 06:00:00,33.9
2011-06-26 07:00:00,48.95
2011-06-26 08:00:00,113.13
2011-06-26 09:00:00,181.23
2011-06-26 10:00:00,284.09
2011-06-26 11:00:00,372.42
2011-06-26 12:00:00,398.59
2011-06-26 13:00:00,394.04
2011-06-26 14:00:00,397.39
2011-06-26 15:00:00,400.23
2011-06-26 16:00:00,383.64
2011-06-26 17:00:00,355.56050000000005
2011-06-26 18:00:00,345.408
2011-06-26 19:00:00,330.42
2011-06-26 20:00:00,239.15
2011-06-26 21:00:00,199.05
2011-06-26 22:00:00,183.13
2011-06-26 23:00:00,94.88
2011-06-27 00:00:00,29.51
2011-06-27 01:00:00,10.25
2011-06-27 02:00:00,13.93
2011-06-27 03:00:00,5.37
2011-06-27 04:00:00,4.99
2011-06-27 05:00:00,22.64
2011-06-27 06:00:00,112.84
2011-06-27 07:00:00,295.7
2011-06-27 08:00:00,394.67
2011-06-27 09:00:00,202.69
2011-06-27 10:00:00,116.71
2011-06-27 11:00:00,144.83
2011-06-27 12:00:00,191.69
2011-06-27 13:00:00,168.72
2011-06-27 14:00:00,171.71
2011-06-27 15:00:00,167.76
2011-06-27 16:00:00,283.46
2011-06-27 17:00:00,553.34
2011-06-27 18:00:00,485.88
2011-06-27 19:00:00,392.65
2011-06-27 20:00:00,301.61
2011-06-27 21:00:00,206.75
2011-06-27 22:00:00,132.26
2011-06-27 23:00:00,77.29
2011-06-28 00:00:00,29.23
2011-06-28 01:00:00,16.92
2011-06-28 02:00:00,8.14
2011-06-28 03:00:00,5.78
2011-06-28 04:00:00,6.08
2011-06-28 05:00:00,23.18
2011-06-28 06:00:00,112.06
2011-06-28 07:00:00,303.31
2011-06-28 08:00:00,435.1
2011-06-28 09:00:00,203.24
2011-06-28 10:00:00,119.62
2011-06-28 11:00:00,140.8
2011-06-28 12:00:00,170.69
2011-06-28 13:00:00,171.2
2011-06-28 14:00:00,151.97
2011-06-28 15:00:00,151.0
2011-06-28 16:00:00,249.66
2011-06-28 17:00:00,467.14
2011-06-28 18:00:00,471.5
2011-06-28 19:00:00,348.62
2011-06-28 20:00:00,296.07
2011-06-28 21:00:00,226.18
2011-06-28 22:00:00,131.38
2011-06-28 23:00:00,88.93
2011-06-29 00:00:00,31.91
2011-06-29 01:00:00,16.25
2011-06-29 02:00:00,7.06
2011-06-29 03:00:00,5.21
2011-06-29 04:00:00,5.59
2011-06-29 05:00:00,27.0
2011-06-29 06:00:00,103.81
2011-06-29 07:00:00,306.4
2011-06-29 08:00:00,453.12
2011-06-29 09:00:00,198.55
2011-06-29 10:00:00,115.93
2011-06-29 11:00:00,155.57
2011-06-29 12:00:00,211.65
2011-06-29 13:00:00,185.13
2011-06-29 14:00:00,160.42
2011-06-29 15:00:00,171.09
2011-06-29 16:00:00,286.97
2011-06-29 17:00:00,561.67
2011-06-29 18:00:00,552.56
2011-06-29 19:00:00,379.03
2011-06-29 20:00:00,311.97
2011-06-29 21:00:00,234.96
2011-06-29 22:00:00,170.36
2011-06-29 23:00:00,89.84
2011-06-30 00:00:00,43.98
2011-06-30 01:00:00,19.61
2011-06-30 02:00:00,10.7
2011-06-30 03:00:00,6.41
2011-06-30 04:00:00,6.22
2011-06-30 05:00:00,27.59
2011-06-30 06:00:00,113.57
2011-06-30 07:00:00,324.26
2011-06-30 08:00:00,457.87
2011-06-30 09:00:00,201.12
2011-06-30 10:00:00,122.45
2011-06-30 11:00:00,164.57
2011-06-30 12:00:00,217.29
2011-06-30 13:00:00,201.11
2011-06-30 14:00:00,162.36
2011-06-30 15:00:00,180.46
2011-06-30 16:00:00,277.08
2011-06-30 17:00:00,565.85
2011-06-30 18:00:00,552.76
2011-06-30 19:00:00,385.85
2011-06-30 20:00:00,308.43
2011-06-30 21:00:00,232.74
2011-06-30 22:00:00,179.1
2011-06-30 23:00:00,133.01
2011-07-20 00:00:00,31.53
2011-07-20 01:00:00,15.51
2011-07-20 02:00:00,6.14
2011-07-20 03:00:00,5.87
2011-07-20 04:00:00,6.39
2011-07-20 05:00:00,26.4
2011-07-20 06:00:00,126.93
2011-07-20 07:00:00,301.71
2011-07-20 08:00:00,421.67
2011-07-20 09:00:00,199.93
2011-07-20 10:00:00,123.81
2011-07-20 11:00:00,133.57
2011-07-20 12:00:00,172.63
2011-07-20 13:00:00,163.69
2011-07-20 14:00:00,156.34
2011-07-20 15:00:00,154.42
2011-07-20 16:00:00,250.11
2011-07-20 17:00:00,510.66
2011-07-20 18:00:00,494.87
2011-07-20 19:00:00,365.1
2011-07-20 20:00:00,288.37
2011-07-20 21:00:00,229.86
2011-07-20 22:00:00,156.57
2011-07-20 23:00:00,108.41
2011-07-21 00:00:00,42.15
2011-07-21 01:00:00,20.44
2011-07-21 02:00:00,7.83
2011-07-21 03:00:00,5.64
2011-07-21 04:00:00,5.16
2011-07-21 05:00:00,20.59
2011-07-21 06:00:00,121.76
2011-07-21 07:00:00,305.02
2011-07-21 08:00:00,438.49
2011-07-21 09:00:00,202.34
2011-07-21 10:00:00,115.08
2011-07-21 11:00:00,128.47
2011-07-21 12:00:00,154.92
2011-07-21 13:00:00,153.93
2011-07-21 14:00:00,139.33
2011-07-21 15:00:00,140.35
2011-07-21 16:00:00,243.21
2011-07-21 17:00:00,469.47
2011-07-21 18:00:00,460.91
2011-07-21 19:00:00,364.25
2011-07-21 20:00:00,281.47
2011-07-21 21:00:00,225.86
2011-07-21 22:00:00,164.87
2011-07-21 23:00:00,128.84
2011-07-22 00:00:00,55.36
2011-07-22 01:00:00,30.23
2011-07-22 02:00:00,18.37
2011-07-22 03:00:00,7.68
2011-07-22 04:00:00,7.88
2011-07-22 05:00:00,25.17
2011-07-22 06:00:00,104.68
2011-07-22 07:00:00,283.15
2011-07-22 08:00:00,449.41
2011-07-22 09:00:00,214.97
2011-07-22 10:00:00,153.04
2011-07-22 11:00:00,157.85
2011-07-22 12:00:00,211.32
2011-07-22 13:00:00,213.13
2011-07-22 14:00:00,211.76
2011-07-22 15:00:00,205.45
2011-07-22 16:00:00,320.27
2011-07-22 17:00:00,467.29
2011-07-22 18:00:00,453.83
2011-07-22 19:00:00,357.8
2011-07-22 20:00:00,273.13
2011-07-22 21:00:00,221.67
2011-07-22 22:00:00,192.78
2011-07-22 23:00:00,137.61
2011-07-23 00:00:00,121.45
2011-07-23 01:00:00,79.19
2011-07-23 02:00:00,63.21
2011-07-23 03:00:00,30.91
2011-07-23 04:00:00,8.76
2011-07-23 05:00:00,9.22
2011-07-23 06:00:00,35.96
2011-07-23 07:00:00,63.26
2011-07-23 08:00:00,133.2
2011-07-23 09:00:00,231.36
2011-07-23 10:00:00,287.41
2011-07-23 11:00:00,333.18
2011-07-23 12:00:00,357.19
2011-07-23 13:00:00,353.55
2011-07-23 14:00:00,356.3
2011-07-23 15:00:00,358.2
2011-07-23 16:00:00,384.85
2011-07-23 17:00:00,368.71
2011-07-23 18:00:00,373.25
2011-07-23 19:00:00,313.39
2011-07-23 20:00:00,276.68
2011-07-23 21:00:00,235.31
2011-07-23 22:00:00,195.56
2011-07-23 23:00:00,143.3
2011-07-24 00:00:00,123.68
2011-07-24 01:00:00,83.92
2011-07-24 02:00:00,70.02
2011-07-24 03:00:00,31.32
2011-07-24 04:00:00,8.27
2011-07-24 05:00:00,8.61
2011-07-24 06:00:00,31.04
2011-07-24 07:00:00,60.28
2011-07-24 08:00:00,113.28
2011-07-24 09:00:00,201.88
2011-07-24 10:00:00,287.18
2011-07-24 11:00:00,348.75
2011-07-24 12:00:00,347.61
2011-07-24 13:00:00,353.68
2011-07-24 14:00:00,346.15
2011-07-24 15:00:00,342.25
2011-07-24 16:00:00,382.76
2011-07-24 17:00:00,372.15083333333337
2011-07-24 18:00:00,364.68
2011-07-24 19:00:00,340.14
2011-07-24 20:00:00,263.64
2011-07-24 21:00:00,213.22
2011-07-24 22:00:00,152.88
2011-07-24 23:00:00,97.54
2011-07-25 00:00:00,37.63
2011-07-25 01:00:00,16.77
2011-07-25 02:00:00,7.01
2011-07-25 03:00:00,6.61
2011-07-25 04:00:00,6.48
2011-07-25 05:00:00,23.31
2011-07-25 06:00:00,116.89
2011-07-25 07:00:00,297.53
2011-07-25 08:00:00,407.33
2011-07-25 09:00:00,198.61
2011-07-25 10:00:00,120.33
2011-07-25 11:00:00,123.37
2011-07-25 12:00:00,159.02
2011-07-25 13:00:00,159.14
2011-07-25 14:00:00,137.72
2011-07-25 15:00:00,136.43
2011-07-25 16:00:00,208.54
2011-07-25 17:00:00,495.57
2011-07-25 18:00:00,480.55
2011-07-25 19:00:00,369.85
2011-07-25 20:00:00,292.03
2011-07-25 21:00:00,190.41
2011-07-25 22:00:00,121.96
2011-07-25 23:00:00,65.96
2011-07-26 00:00:00,27.49
2011-07-26 01:00:00,15.71
2011-07-26 02:00:00,8.03
2011-07-26 03:00:00,5.81
2011-07-26 04:00:00,5.86
2011-07-26 05:00:00,26.37
2011-07-26 06:00:00,112.99
2011-07-26 07:00:00,302.66
2011-07-26 08:00:00,422.57
2011-07-26 09:00:00,195.36
2011-07-26 10:00:00,129.11
2011-07-26 11:00:00,151.61
2011-07-26 12:00:00,193.07
2011-07-26 13:00:00,188.24
2011-07-26 14:00:00,171.32
2011-07-26 15:00:00,155.25
2011-07-26 16:00:00,274.63
2011-07-26 17:00:00,563.31
2011-07-26 18:00:00,542.62
2011-07-26 19:00:00,379.28
2011-07-26 20:00:00,296.67
2011-07-26 21:00:00,237.59
2011-07-26 22:00:00,164.44
2011-07-26 23:00:00,80.15
2011-07-27 00:00:00,44.77
2011-07-27 01:00:00,16.32
2011-07-27 02:00:00,21.8
2011-07-27 03:00:00,6.15
2011-07-27 04:00:00,4.84
2011-07-27 05:00:00,27.99
2011-07-27 06:00:00,115.83
2011-07-27 07:00:00,311.78
2011-07-27 08:00:00,439.12
2011-07-27 09:00:00,197.08
2011-07-27 10:00:00,123.84
2011-07-27 11:00:00,156.23
2011-07-27 12:00:00,206.4
2011-07-27 13:00:00,187.59
2011-07-27 14:00:00,162.07
2011-07-27 15:00:00,176.07
2011-07-27 16:00:00,272.16
2011-07-27 17:00:00,570.09
2011-07-27 18:00:00,566.78
2011-07-27 19:00:00,385.34
2011-07-27 20:00:00,304.41
2011-07-27 21:00:00,239.07
2011-07-27 22:00:00,165.89
2011-07-27 23:00:00,86.65
2011-07-28 00:00:00,47.16
2011-07-28 01:00:00,18.94
2011-07-28 02:00:00,11.12
2011-07-28 03:00:00,7.45
2011-07-28 04:00:00,6.46
2011-07-28 05:00:00,28.31
2011-07-28 06:00:00,109.84
2011-07-28 07:00:00,310.48
2011-07-28 08:00:00,432.48
2011-07-28 09:00:00,202.61
2011-07-28 10:00:00,121.02
2011-07-28 11:00:00,132.53
2011-07-28 12:00:00,169.8
2011-07-28 13:00:00,161.5
2011-07-28 14:00:00,161.23
2011-07-28 15:00:00,154.53
2011-07-28 16:00:00,245.25
2011-07-28 17:00:00,507.26
2011-07-28 18:00:00,479.47
2011-07-28 19:00:00,364.67
2011-07-28 20:00:00,283.71
2011-07-28 21:00:00,220.02
2011-07-28 22:00:00,155.93
2011-07-28 23:00:00,124.61
2011-07-29 00:00:00,54.9
2011-07-29 01:00:00,27.95
2011-07-29 02:00:00,17.8
2011-07-29 03:00:00,7.84
2011-07-29 04:00:00,6.97
2011-07-29 05:00:00,22.94
2011-07-29 06:00:00,109.73
2011-07-29 07:00:00,289.11
2011-07-29 08:00:00,429.07
2011-07-29 09:00:00,221.94
2011-07-29 10:00:00,158.94
2011-07-29 11:00:00,169.16
2011-07-29 12:00:00,216.78
2011-07-29 13:00:00,220.11
2011-07-29 14:00:00,229.8
2011-07-29 15:00:00,228.9
2011-07-29 16:00:00,344.47
2011-07-29 17:00:00,486.81
2011-07-29 18:00:00,456.32
2011-07-29 19:00:00,364.12
2011-07-29 20:00:00,289.21
2011-07-29 21:00:00,234.25
2011-07-29 22:00:00,197.93
2011-07-29 23:00:00,139.76
2011-07-30 00:00:00,135.25
2011-07-30 01:00:00,79.25
2011-07-30 02:00:00,64.16
2011-07-30 03:00:00,34.69
2011-07-30 04:00:00,9.01
2011-07-30 05:00:00,10.31
2011-07-30 06:00:00,32.7
2011-07-30 07:00:00,63.12
2011-07-30 08:00:00,134.03
2011-07-30 09:00:00,235.41
2011-07-30 10:00:00,288.57
2011-07-30 11:00:00,340.99
2011-07-30 12:00:00,377.47
2011-07-30 13:00:00,371.63
2011-07-30 14:00:00,357.43
2011-07-30 15:00:00,355.14
2011-07-30 16:00:00,386.74
2011-07-30 17:00:00,376.08
2011-07-30 18:00:00,366.82
2011-07-30 19:00:00,367.85
2011-07-30 20:00:00,264.18
2011-07-30 21:00:00,233.5
2011-07-30 22:00:00,191.06
2011-07-30 23:00:00,144.0
2011-07-31 00:00:00,125.7
2011-07-31 01:00:00,83.29
2011-07-31 02:00:00,71.17
2011-07-31 03:00:00,31.48
2011-07-31 04:00:00,9.38
2011-07-31 05:00:00,10.64
2011-07-31 06:00:00,27.95
2011-07-31 07:00:00,60.28
2011-07-31 08:00:00,123.54
2011-07-31 09:00:00,198.09
2011-07-31 10:00:00,277.69
2011-07-31 11:00:00,338.26
2011-07-31 12:00:00,356.68
2011-07-31 13:00:00,364.63
2011-07-31 14:00:00,349.68
2011-07-31 15:00:00,344.46
2011-07-31 16:00:00,381.48
2011-07-31 17:00:00,364.2625
2011-07-31 18:00:00,367.03
2011-07-31 19:00:00,318.38
2011-07-31 20:00:00,267.5
2011-07-31 21:00:00,222.5
2011-07-31 22:00:00,133.35
2011-07-31 23:00:00,85.45
2011-08-20 00:00:00,108.78
2011-08-20 01:00:00,76.6
2011-08-20 02:00:00,59.13
2011-08-20 03:00:00,36.15
2011-08-20 04:00:00,11.45
2011-08-20 05:00:00,9.87
2011-08-20 06:00:00,19.74
2011-08-20 07:00:00,46.79
2011-08-20 08:00:00,100.61
2011-08-20 09:00:00,212.11
2011-08-20 10:00:00,284.66
2011-08-20 11:00:00,361.26
2011-08-20 12:00:00,371.48
2011-08-20 13:00:00,383.9
2011-08-20 14:00:00,389.71
2011-08-20 15:00:00,372.59
2011-08-20 16:00:00,372.57
2011-08-20 17:00:00,388.4433333333334
2011-08-20 18:00:00,366.54
2011-08-20 19:00:00,345.7
2011-08-20 20:00:00,274.06
2011-08-20 21:00:00,209.65
2011-08-20 22:00:00,167.97
2011-08-20 23:00:00,134.15
2011-08-21 00:00:00,125.95
2011-08-21 01:00:00,78.02
2011-08-21 02:00:00,70.63
2011-08-21 03:00:00,38.53
2011-08-21 04:00:00,7.15
2011-08-21 05:00:00,8.38
2011-08-21 06:00:00,20.31
2011-08-21 07:00:00,49.34
2011-08-21 08:00:00,90.22
2011-08-21 09:00:00,194.19
2011-08-21 10:00:00,269.66
2011-08-21 11:00:00,345.48
2011-08-21 12:00:00,368.89
2011-08-21 13:00:00,363.15
2011-08-21 14:00:00,288.35
2011-08-21 15:00:00,316.72
2011-08-21 16:00:00,298.65
2011-08-21 17:00:00,233.93
2011-08-21 18:00:00,241.74
2011-08-21 19:00:00,316.41
2011-08-21 20:00:00,221.65
2011-08-21 21:00:00,195.83
2011-08-21 22:00:00,154.39
2011-08-21 23:00:00,90.53
2011-08-22 00:00:00,29.57
2011-08-22 01:00:00,13.53
2011-08-22 02:00:00,9.89
2011-08-22 03:00:00,6.53
2011-08-22 04:00:00,6.08
2011-08-22 05:00:00,27.68
2011-08-22 06:00:00,100.32
2011-08-22 07:00:00,270.84
2011-08-22 08:00:00,400.22
2011-08-22 09:00:00,199.34
2011-08-22 10:00:00,124.54
2011-08-22 11:00:00,142.84
2011-08-22 12:00:00,190.71
2011-08-22 13:00:00,193.08
2011-08-22 14:00:00,186.07
2011-08-22 15:00:00,184.46
2011-08-22 16:00:00,300.66
2011-08-22 17:00:00,570.1
2011-08-22 18:00:00,564.05
2011-08-22 19:00:00,393.67
2011-08-22 20:00:00,304.43
2011-08-22 21:00:00,209.91
2011-08-22 22:00:00,120.18
2011-08-22 23:00:00,80.8
2011-08-23 00:00:00,35.42
2011-08-23 01:00:00,14.31
2011-08-23 02:00:00,10.87
2011-08-23 03:00:00,4.32
2011-08-23 04:00:00,4.76
2011-08-23 05:00:00,25.92
2011-08-23 06:00:00,115.71
2011-08-23 07:00:00,330.28
2011-08-23 08:00:00,448.44
2011-08-23 09:00:00,202.68
2011-08-23 10:00:00,126.27
2011-08-23 11:00:00,151.84
2011-08-23 12:00:00,209.2
2011-08-23 13:00:00,197.33
2011-08-23 14:00:00,179.85
2011-08-23 15:00:00,181.29
2011-08-23 16:00:00,289.74
2011-08-23 17:00:00,583.02
2011-08-23 18:00:00,573.3
2011-08-23 19:00:00,388.37
2011-08-23 20:00:00,279.78
2011-08-23 21:00:00,209.21
2011-08-23 22:00:00,164.45
2011-08-23 23:00:00,75.91
2011-08-24 00:00:00,39.63
2011-08-24 01:00:00,13.43
2011-08-24 02:00:00,9.07
2011-08-24 03:00:00,6.31
2011-08-24 04:00:00,6.91
2011-08-24 05:00:00,25.67
2011-08-24 06:00:00,108.82
2011-08-24 07:00:00,322.43
2011-08-24 08:00:00,431.43
2011-08-24 09:00:00,203.36
2011-08-24 10:00:00,125.92
2011-08-24 11:00:00,154.2
2011-08-24 12:00:00,190.44
2011-08-24 13:00:00,184.4
2011-08-24 14:00:00,178.35
2011-08-24 15:00:00,180.87
2011-08-24 16:00:00,292.96
2011-08-24 17:00:00,564.2
2011-08-24 18:00:00,529.42
2011-08-24 19:00:00,358.89
2011-08-24 20:00:00,289.99
2011-08-24 21:00:00,222.34
2011-08-24 22:00:00,131.02
2011-08-24 23:00:00,97.86
2011-08-25 00:00:00,39.57
2011-08-25 01:00:00,24.53
2011-08-25 02:00:00,10.58
2011-08-25 03:00:00,6.5
2011-08-25 04:00:00,7.37
2011-08-25 05:00:00,26.38
2011-08-25 06:00:00,95.38
2011-08-25 07:00:00,275.45
2011-08-25 08:00:00,432.16
2011-08-25 09:00:00,212.01
2011-08-25 10:00:00,121.9
2011-08-25 11:00:00,99.68
2011-08-25 12:00:00,118.33
2011-08-25 13:00:00,131.48
2011-08-25 14:00:00,149.51
2011-08-25 15:00:00,152.61
2011-08-25 16:00:00,196.78
2011-08-25 17:00:00,384.83
2011-08-25 18:00:00,399.4
2011-08-25 19:00:00,266.6
2011-08-25 20:00:00,226.59
2011-08-25 21:00:00,209.18
2011-08-25 22:00:00,150.88
2011-08-25 23:00:00,107.8
2011-08-26 00:00:00,56.93
2011-08-26 01:00:00,23.76
2011-08-26 02:00:00,10.36
2011-08-26 03:00:00,5.97
2011-08-26 04:00:00,7.296666666666668
2011-08-26 05:00:00,20.76
2011-08-26 06:00:00,87.92
2011-08-26 07:00:00,272.31
2011-08-26 08:00:00,412.73
2011-08-26 09:00:00,191.83
2011-08-26 10:00:00,158.37
2011-08-26 11:00:00,158.4
2011-08-26 12:00:00,217.75
2011-08-26 13:00:00,232.2
2011-08-26 14:00:00,224.62
2011-08-26 15:00:00,241.23
2011-08-26 16:00:00,331.25
2011-08-26 17:00:00,513.85
2011-08-26 18:00:00,442.53
2011-08-26 19:00:00,244.26
2011-08-26 20:00:00,230.12
2011-08-26 21:00:00,211.03
2011-08-26 22:00:00,163.88
2011-08-26 23:00:00,127.06
2011-08-27 00:00:00,113.31
2011-08-27 01:00:00,73.2
2011-08-27 02:00:00,64.74
2011-08-27 03:00:00,37.03
2011-08-27 04:00:00,9.58
2011-08-27 05:00:00,10.61
2011-08-27 06:00:00,31.69
2011-08-27 07:00:00,56.08
2011-08-27 08:00:00,103.68
2011-08-27 09:00:00,202.51
2011-08-27 10:00:00,203.74
2011-08-27 11:00:00,182.73
2011-08-27 12:00:00,244.66
2011-08-27 13:00:00,272.15
2011-08-27 14:00:00,197.79
2011-08-27 15:00:00,208.5
2011-08-27 16:00:00,171.09
2011-08-27 17:00:00,224.21
2011-08-28 07:00:00,102.35
2011-08-28 08:00:00,135.78
2011-08-28 09:00:00,182.36
2011-08-28 10:00:00,278.62
2011-08-28 11:00:00,322.14
2011-08-28 12:00:00,405.26
2011-08-28 13:00:00,409.35
2011-08-28 14:00:00,391.99
2011-08-28 15:00:00,390.71
2011-08-28 16:00:00,370.92
2011-08-28 17:00:00,397.5675
2011-08-28 18:00:00,382.1495
2011-08-28 19:00:00,339.83
2011-08-28 20:00:00,256.32
2011-08-28 21:00:00,200.22
2011-08-28 22:00:00,144.03
2011-08-28 23:00:00,82.92
2011-08-29 00:00:00,31.01
2011-08-29 01:00:00,11.0
2011-08-29 02:00:00,9.76
2011-08-29 03:00:00,7.36
2011-08-29 04:00:00,6.24
2011-08-29 05:00:00,26.0
2011-08-29 06:00:00,109.54
2011-08-29 07:00:00,296.93
2011-08-29 08:00:00,416.65
2011-08-29 09:00:00,198.01
2011-08-29 10:00:00,125.09
2011-08-29 11:00:00,146.37
2011-08-29 12:00:00,196.92
2011-08-29 13:00:00,204.75
2011-08-29 14:00:00,192.41
2011-08-29 15:00:00,182.65
2011-08-29 16:00:00,299.06
2011-08-29 17:00:00,545.93
2011-08-29 18:00:00,541.38
2011-08-29 19:00:00,396.71
2011-08-29 20:00:00,286.02
2011-08-29 21:00:00,211.33
2011-08-29 22:00:00,145.89
2011-08-29 23:00:00,74.82
2011-08-30 00:00:00,31.39
2011-08-30 01:00:00,11.32
2011-08-30 02:00:00,7.48
2011-08-30 03:00:00,5.02
2011-08-30 04:00:00,6.28
2011-08-30 05:00:00,24.59
2011-08-30 06:00:00,112.82
2011-08-30 07:00:00,344.05
2011-08-30 08:00:00,453.63
2011-08-30 09:00:00,197.29
2011-08-30 10:00:00,129.46
2011-08-30 11:00:00,150.63
2011-08-30 12:00:00,209.16
2011-08-30 13:00:00,197.84
2011-08-30 14:00:00,181.64
2011-08-30 15:00:00,180.79
2011-08-30 16:00:00,301.53
2011-08-30 17:00:00,570.7
2011-08-30 18:00:00,554.24
2011-08-30 19:00:00,369.16
2011-08-30 20:00:00,285.54
2011-08-30 21:00:00,205.93
2011-08-30 22:00:00,161.19
2011-08-30 23:00:00,79.56
2011-08-31 00:00:00,30.48
2011-08-31 01:00:00,12.16
2011-08-31 02:00:00,6.65
2011-08-31 03:00:00,8.36
2011-08-31 04:00:00,6.99
2011-08-31 05:00:00,26.84
2011-08-31 06:00:00,108.52
2011-08-31 07:00:00,332.73
2011-08-31 08:00:00,426.82
2011-08-31 09:00:00,206.34
2011-08-31 10:00:00,131.43
2011-08-31 11:00:00,152.68
2011-08-31 12:00:00,209.79
2011-08-31 13:00:00,203.1
2011-08-31 14:00:00,184.41
2011-08-31 15:00:00,183.28
2011-08-31 16:00:00,292.03
2011-08-31 17:00:00,571.26
2011-08-31 18:00:00,555.55
2011-08-31 19:00:00,373.86
2011-08-31 20:00:00,289.62
2011-08-31 21:00:00,209.66
2011-08-31 22:00:00,148.88
2011-08-31 23:00:00,73.64
2011-09-20 00:00:00,32.7
2011-09-20 01:00:00,11.52
2011-09-20 02:00:00,4.65
2011-09-20 03:00:00,5.24
2011-09-20 04:00:00,4.97
2011-09-20 05:00:00,22.29
2011-09-20 06:00:00,113.71
2011-09-20 07:00:00,311.33
2011-09-20 08:00:00,194.23
2011-09-20 09:00:00,128.22
2011-09-20 10:00:00,84.43
2011-09-20 11:00:00,84.65
2011-09-20 12:00:00,92.47
2011-09-20 13:00:00,95.89
2011-09-20 14:00:00,127.48
2011-09-20 15:00:00,166.64
2011-09-20 16:00:00,195.87
2011-09-20 17:00:00,399.65
2011-09-20 18:00:00,399.52
2011-09-20 19:00:00,290.25
2011-09-20 20:00:00,180.31
2011-09-20 21:00:00,120.2
2011-09-20 22:00:00,123.14
2011-09-20 23:00:00,67.22
2011-09-21 00:00:00,25.62
2011-09-21 01:00:00,10.94
2011-09-21 02:00:00,5.56
2011-09-21 03:00:00,3.08
2011-09-21 04:00:00,3.67
2011-09-21 05:00:00,14.82
2011-09-21 06:00:00,105.59
2011-09-21 07:00:00,284.5
2011-09-21 08:00:00,395.31
2011-09-21 09:00:00,153.55
2011-09-21 10:00:00,88.11
2011-09-21 11:00:00,113.49
2011-09-21 12:00:00,166.8
2011-09-21 13:00:00,163.46
2011-09-21 14:00:00,160.75
2011-09-21 15:00:00,159.41
2011-09-21 16:00:00,282.11
2011-09-21 17:00:00,464.2
2011-09-21 18:00:00,378.77
2011-09-21 19:00:00,229.86
2011-09-21 20:00:00,133.05
2011-09-21 21:00:00,98.66
2011-09-21 22:00:00,112.71
2011-09-21 23:00:00,68.18
2011-09-22 00:00:00,23.66
2011-09-22 01:00:00,11.38
2011-09-22 02:00:00,8.03
2011-09-22 03:00:00,3.37
2011-09-22 04:00:00,3.69
2011-09-22 05:00:00,19.69
2011-09-22 06:00:00,105.38
2011-09-22 07:00:00,284.01
2011-09-22 08:00:00,400.06
2011-09-22 09:00:00,170.58
2011-09-22 10:00:00,107.36
2011-09-22 11:00:00,109.21
2011-09-22 12:00:00,142.45
2011-09-22 13:00:00,138.8
2011-09-22 14:00:00,133.44
2011-09-22 15:00:00,129.45
2011-09-22 16:00:00,286.04
2011-09-22 17:00:00,395.05
2011-09-22 18:00:00,337.64
2011-09-22 19:00:00,249.2
2011-09-22 20:00:00,130.27
2011-09-22 21:00:00,111.54
2011-09-22 22:00:00,113.13
2011-09-22 23:00:00,100.34
2011-09-23 00:00:00,48.04
2011-09-23 01:00:00,14.81
2011-09-23 02:00:00,9.69
2011-09-23 03:00:00,4.28
2011-09-23 04:00:00,4.426666666666666
2011-09-23 05:00:00,18.82
2011-09-23 06:00:00,80.24
2011-09-23 07:00:00,169.58
2011-09-23 08:00:00,241.05
2011-09-23 09:00:00,129.42
2011-09-23 10:00:00,102.97
2011-09-23 11:00:00,103.31
2011-09-23 12:00:00,113.29
2011-09-23 13:00:00,100.31
2011-09-23 14:00:00,100.29
2011-09-23 15:00:00,111.88
2011-09-23 16:00:00,155.66
2011-09-23 17:00:00,206.66
2011-09-23 18:00:00,211.68
2011-09-23 19:00:00,254.0
2011-09-23 20:00:00,175.58
2011-09-23 21:00:00,121.65
2011-09-23 22:00:00,128.0
2011-09-23 23:00:00,89.15
2011-09-24 00:00:00,85.36
2011-09-24 01:00:00,73.15
2011-09-24 02:00:00,55.72
2011-09-24 03:00:00,34.69
2011-09-24 04:00:00,8.12
2011-09-24 05:00:00,11.29
2011-09-24 06:00:00,14.67
2011-09-24 07:00:00,61.11
2011-09-24 08:00:00,110.49
2011-09-24 09:00:00,171.39
2011-09-24 10:00:00,278.37
2011-09-24 11:00:00,302.81
2011-09-24 12:00:00,356.43
2011-09-24 13:00:00,369.72
2011-09-24 14:00:00,355.27
2011-09-24 15:00:00,366.4
2011-09-24 16:00:00,332.57
2011-09-24 17:00:00,270.83
2011-09-24 18:00:00,253.64
2011-09-24 19:00:00,236.99
2011-09-24 20:00:00,195.22
2011-09-24 21:00:00,163.02
2011-09-24 22:00:00,126.27
2011-09-24 23:00:00,99.53
2011-09-25 00:00:00,98.73
2011-09-25 01:00:00,74.13
2011-09-25 02:00:00,58.81
2011-09-25 03:00:00,36.94
2011-09-25 04:00:00,10.82
2011-09-25 05:00:00,8.78
2011-09-25 06:00:00,16.36
2011-09-25 07:00:00,56.13
2011-09-25 08:00:00,106.61
2011-09-25 09:00:00,185.71
2011-09-25 10:00:00,293.92
2011-09-25 11:00:00,287.59
2011-09-25 12:00:00,346.25
2011-09-25 13:00:00,350.13
2011-09-25 14:00:00,348.41
2011-09-25 15:00:00,358.65
2011-09-25 16:00:00,368.9
2011-09-25 17:00:00,261.51
2011-09-25 18:00:00,250.91
2011-09-25 19:00:00,237.53
2011-09-25 20:00:00,197.18
2011-09-25 21:00:00,122.0
2011-09-25 22:00:00,122.48
2011-09-25 23:00:00,90.18
2011-09-26 00:00:00,27.58
2011-09-26 01:00:00,10.78
2011-09-26 02:00:00,4.94
2011-09-26 03:00:00,3.97
2011-09-26 04:00:00,4.38
2011-09-26 05:00:00,21.25
2011-09-26 06:00:00,103.78
2011-09-26 07:00:00,281.33
2011-09-26 08:00:00,379.89
2011-09-26 09:00:00,184.73
2011-09-26 10:00:00,107.02
2011-09-26 11:00:00,121.59
2011-09-26 12:00:00,146.45
2011-09-26 13:00:00,164.39
2011-09-26 14:00:00,167.51
2011-09-26 15:00:00,164.01
2011-09-26 16:00:00,283.01
2011-09-26 17:00:00,561.45
2011-09-26 18:00:00,409.23
2011-09-26 19:00:00,234.6
2011-09-26 20:00:00,204.05
2011-09-26 21:00:00,138.58
2011-09-26 22:00:00,122.79
2011-09-26 23:00:00,69.45
2011-09-27 00:00:00,25.95
2011-09-27 01:00:00,10.25
2011-09-27 02:00:00,6.09
2011-09-27 03:00:00,3.59
2011-09-27 04:00:00,3.72
2011-09-27 05:00:00,15.96
2011-09-27 06:00:00,112.94
2011-09-27 07:00:00,313.12
2011-09-27 08:00:00,407.57
2011-09-27 09:00:00,149.28
2011-09-27 10:00:00,85.33
2011-09-27 11:00:00,102.93
2011-09-27 12:00:00,124.36
2011-09-27 13:00:00,164.06
2011-09-27 14:00:00,133.87
2011-09-27 15:00:00,133.4
2011-09-27 16:00:00,220.58
2011-09-27 17:00:00,254.8
2011-09-27 18:00:00,268.49
2011-09-27 19:00:00,280.89
2011-09-27 20:00:00,230.66
2011-09-27 21:00:00,169.34
2011-09-27 22:00:00,126.22
2011-09-27 23:00:00,67.17
2011-09-28 00:00:00,29.99
2011-09-28 01:00:00,12.23
2011-09-28 02:00:00,5.07
2011-09-28 03:00:00,3.19
2011-09-28 04:00:00,6.92
2011-09-28 05:00:00,19.33
2011-09-28 06:00:00,55.73
2011-09-28 07:00:00,141.35
2011-09-28 08:00:00,208.46
2011-09-28 09:00:00,134.04
2011-09-28 10:00:00,68.48
2011-09-28 11:00:00,115.99
2011-09-28 12:00:00,129.41
2011-09-28 13:00:00,169.9
2011-09-28 14:00:00,168.69
2011-09-28 15:00:00,164.51
2011-09-28 16:00:00,296.84
2011-09-28 17:00:00,557.61
2011-09-28 18:00:00,430.79
2011-09-28 19:00:00,256.81
2011-09-28 20:00:00,136.07
2011-09-28 21:00:00,90.41
2011-09-28 22:00:00,125.82
2011-09-28 23:00:00,68.13
2011-09-29 00:00:00,21.53
2011-09-29 01:00:00,11.71
2011-09-29 02:00:00,8.51
2011-09-29 03:00:00,3.62
2011-09-29 04:00:00,4.95
2011-09-29 05:00:00,21.58
2011-09-29 06:00:00,117.84
2011-09-29 07:00:00,317.12
2011-09-29 08:00:00,435.65
2011-09-29 09:00:00,203.58
2011-09-29 10:00:00,127.53
2011-09-29 11:00:00,163.78
2011-09-29 12:00:00,200.45
2011-09-29 13:00:00,188.62
2011-09-29 14:00:00,187.85
2011-09-29 15:00:00,186.99
2011-09-29 16:00:00,301.55
2011-09-29 17:00:00,530.29
2011-09-29 18:00:00,548.02
2011-09-29 19:00:00,350.97
2011-09-29 20:00:00,250.81
2011-09-29 21:00:00,178.06
2011-09-29 22:00:00,139.02
2011-09-29 23:00:00,106.67
2011-09-30 00:00:00,52.99
2011-09-30 01:00:00,26.32
2011-09-30 02:00:00,9.99
2011-09-30 03:00:00,5.85
2011-09-30 04:00:00,5.99
2011-09-30 05:00:00,27.07
2011-09-30 06:00:00,87.65
2011-09-30 07:00:00,273.99
2011-09-30 08:00:00,456.04
2011-09-30 09:00:00,208.92
2011-09-30 10:00:00,180.26
2011-09-30 11:00:00,189.28
2011-09-30 12:00:00,248.77
2011-09-30 13:00:00,219.81
2011-09-30 14:00:00,238.3
2011-09-30 15:00:00,241.0
2011-09-30 16:00:00,370.47
2011-09-30 17:00:00,516.08
2011-09-30 18:00:00,482.55
2011-09-30 19:00:00,287.13
2011-09-30 20:00:00,192.51
2011-09-30 21:00:00,165.36
2011-09-30 22:00:00,114.63
2011-09-30 23:00:00,97.1
2011-10-20 00:00:00,20.45
2011-10-20 01:00:00,17.68
2011-10-20 02:00:00,8.9
2011-10-20 03:00:00,5.0
2011-10-20 04:00:00,5.32
2011-10-20 05:00:00,27.85
2011-10-20 06:00:00,93.87
2011-10-20 07:00:00,268.1
2011-10-20 08:00:00,404.84
2011-10-20 09:00:00,201.45
2011-10-20 10:00:00,126.86
2011-10-20 11:00:00,145.19
2011-10-20 12:00:00,172.5
2011-10-20 13:00:00,171.06
2011-10-20 14:00:00,151.8
2011-10-20 15:00:00,155.15
2011-10-20 16:00:00,237.95
2011-10-20 17:00:00,435.63
2011-10-20 18:00:00,401.27
2011-10-20 19:00:00,268.63
2011-10-20 20:00:00,204.56
2011-10-20 21:00:00,137.07
2011-10-20 22:00:00,113.2
2011-10-20 23:00:00,79.02
2011-10-21 00:00:00,55.57
2011-10-21 01:00:00,25.86
2011-10-21 02:00:00,15.47
2011-10-21 03:00:00,6.58
2011-10-21 04:00:00,6.6
2011-10-21 05:00:00,24.58
2011-10-21 06:00:00,81.5
2011-10-21 07:00:00,271.68
2011-10-21 08:00:00,407.86
2011-10-21 09:00:00,212.17
2011-10-21 10:00:00,163.72
2011-10-21 11:00:00,170.88
2011-10-21 12:00:00,220.15
2011-10-21 13:00:00,205.94
2011-10-21 14:00:00,217.68
2011-10-21 15:00:00,224.34
2011-10-21 16:00:00,328.36
2011-10-21 17:00:00,425.6
2011-10-21 18:00:00,387.4
2011-10-21 19:00:00,254.88
2011-10-21 20:00:00,184.86
2011-10-21 21:00:00,139.61
2011-10-21 22:00:00,117.71
2011-10-21 23:00:00,88.22
2011-10-22 00:00:00,82.13
2011-10-22 01:00:00,67.2
2011-10-22 02:00:00,63.23
2011-10-22 03:00:00,23.72
2011-10-22 04:00:00,8.26
2011-10-22 05:00:00,8.55
2011-10-22 06:00:00,18.88
2011-10-22 07:00:00,67.13
2011-10-22 08:00:00,112.16
2011-10-22 09:00:00,161.69
2011-10-22 10:00:00,257.2
2011-10-22 11:00:00,274.26
2011-10-22 12:00:00,325.56
2011-10-22 13:00:00,368.05
2011-10-22 14:00:00,327.08
2011-10-22 15:00:00,344.53
2011-10-22 16:00:00,369.27
2011-10-22 17:00:00,289.52
2011-10-22 18:00:00,248.05
2011-10-22 19:00:00,211.09
2011-10-22 20:00:00,174.69
2011-10-22 21:00:00,123.42
2011-10-22 22:00:00,114.72
2011-10-22 23:00:00,89.67
2011-10-23 00:00:00,90.32
2011-10-23 01:00:00,73.49
2011-10-23 02:00:00,56.0
2011-10-23 03:00:00,28.55
2011-10-23 04:00:00,11.24
2011-10-23 05:00:00,10.15
2011-10-23 06:00:00,19.07
2011-10-23 07:00:00,52.59
2011-10-23 08:00:00,99.04
2011-10-23 09:00:00,144.82
2011-10-23 10:00:00,277.4
2011-10-23 11:00:00,284.8
2011-10-23 12:00:00,333.44
2011-10-23 13:00:00,343.07
2011-10-23 14:00:00,343.69
2011-10-23 15:00:00,349.06
2011-10-23 16:00:00,366.06
2011-10-23 17:00:00,308.36
2011-10-23 18:00:00,286.4066666666667
2011-10-23 19:00:00,194.56
2011-10-23 20:00:00,152.51
2011-10-23 21:00:00,115.62
2011-10-23 22:00:00,103.68
2011-10-23 23:00:00,63.96
2011-10-24 00:00:00,32.22
2011-10-24 01:00:00,8.9
2011-10-24 02:00:00,4.2
2011-10-24 03:00:00,6.54
2011-10-24 04:00:00,6.6
2011-10-24 05:00:00,25.54
2011-10-24 06:00:00,97.32
2011-10-24 07:00:00,282.33
2011-10-24 08:00:00,390.28
2011-10-24 09:00:00,188.81
2011-10-24 10:00:00,120.06
2011-10-24 11:00:00,125.3
2011-10-24 12:00:00,175.03
2011-10-24 13:00:00,171.82
2011-10-24 14:00:00,172.38
2011-10-24 15:00:00,176.74
2011-10-24 16:00:00,282.78
2011-10-24 17:00:00,520.17
2011-10-24 18:00:00,508.26
2011-10-24 19:00:00,231.68
2011-10-24 20:00:00,216.16
2011-10-24 21:00:00,168.85
2011-10-24 22:00:00,123.11
2011-10-24 23:00:00,67.06
2011-10-25 00:00:00,34.63
2011-10-25 01:00:00,10.7
2011-10-25 02:00:00,3.98
2011-10-25 03:00:00,5.98
2011-10-25 04:00:00,6.23
2011-10-25 05:00:00,25.84
2011-10-25 06:00:00,100.76
2011-10-25 07:00:00,290.37
2011-10-25 08:00:00,403.34
2011-10-25 09:00:00,202.96
2011-10-25 10:00:00,128.43
2011-10-25 11:00:00,138.14
2011-10-25 12:00:00,191.87
2011-10-25 13:00:00,185.22
2011-10-25 14:00:00,169.08
2011-10-25 15:00:00,176.36
2011-10-25 16:00:00,301.47
2011-10-25 17:00:00,562.29
2011-10-25 18:00:00,504.89
2011-10-25 19:00:00,305.39
2011-10-25 20:00:00,224.6
2011-10-25 21:00:00,155.1
2011-10-25 22:00:00,126.05
2011-10-25 23:00:00,68.81
2011-10-26 00:00:00,35.67
2011-10-26 01:00:00,11.95
2011-10-26 02:00:00,5.43
2011-10-26 03:00:00,4.9
2011-10-26 04:00:00,5.12
2011-10-26 05:00:00,25.06
2011-10-26 06:00:00,111.36
2011-10-26 07:00:00,303.73
2011-10-26 08:00:00,416.59
2011-10-26 09:00:00,210.97
2011-10-26 10:00:00,125.99
2011-10-26 11:00:00,140.37
2011-10-26 12:00:00,181.2
2011-10-26 13:00:00,160.06
2011-10-26 14:00:00,153.43
2011-10-26 15:00:00,153.88
2011-10-26 16:00:00,238.29
2011-10-26 17:00:00,436.66
2011-10-26 18:00:00,454.23
2011-10-26 19:00:00,263.23
2011-10-26 20:00:00,205.59
2011-10-26 21:00:00,165.54
2011-10-26 22:00:00,121.96
2011-10-26 23:00:00,68.69
2011-10-27 00:00:00,25.17
2011-10-27 01:00:00,10.46
2011-10-27 02:00:00,8.12
2011-10-27 03:00:00,3.3
2011-10-27 04:00:00,5.073333333333333
2011-10-27 05:00:00,20.05
2011-10-27 06:00:00,60.61
2011-10-27 07:00:00,260.1
2011-10-27 08:00:00,194.01
2011-10-27 09:00:00,205.14
2011-10-27 10:00:00,110.94
2011-10-27 11:00:00,105.2
2011-10-27 12:00:00,97.35
2011-10-27 13:00:00,129.76
2011-10-27 14:00:00,117.72
2011-10-27 15:00:00,124.63
2011-10-27 16:00:00,286.28
2011-10-27 17:00:00,392.29
2011-10-27 18:00:00,390.54
2011-10-27 19:00:00,255.43
2011-10-27 20:00:00,191.63
2011-10-27 21:00:00,127.43
2011-10-27 22:00:00,84.7
2011-10-27 23:00:00,60.68
2011-10-28 00:00:00,49.8
2011-10-28 01:00:00,21.28
2011-10-28 02:00:00,13.25
2011-10-28 03:00:00,3.99
2011-10-28 04:00:00,4.33
2011-10-28 05:00:00,22.34
2011-10-28 06:00:00,79.76
2011-10-28 07:00:00,232.62
2011-10-28 08:00:00,377.3
2011-10-28 09:00:00,200.05
2011-10-28 10:00:00,135.92
2011-10-28 11:00:00,156.78
2011-10-28 12:00:00,173.92
2011-10-28 13:00:00,169.06
2011-10-28 14:00:00,163.36
2011-10-28 15:00:00,173.67
2011-10-28 16:00:00,235.68
2011-10-28 17:00:00,384.73
2011-10-28 18:00:00,346.05
2011-10-28 19:00:00,249.49
2011-10-28 20:00:00,152.84
2011-10-28 21:00:00,82.86
2011-10-28 22:00:00,72.27
2011-10-28 23:00:00,66.04
2011-10-29 00:00:00,58.84
2011-10-29 01:00:00,39.47
2011-10-29 02:00:00,36.34
2011-10-29 03:00:00,13.22
2011-10-29 04:00:00,7.41
2011-10-29 05:00:00,6.11
2011-10-29 06:00:00,17.11
2011-10-29 07:00:00,141.97
2011-10-29 08:00:00,151.36
2011-10-29 09:00:00,109.26
2011-10-29 10:00:00,91.69
2011-10-29 11:00:00,92.54
2011-10-29 12:00:00,105.71
2011-10-29 13:00:00,104.57
2011-10-29 14:00:00,104.86
2011-10-29 15:00:00,93.21
2011-10-29 16:00:00,121.97
2011-10-29 17:00:00,126.01
2011-10-29 18:00:00,123.38
2011-10-29 19:00:00,152.19
2011-10-29 20:00:00,111.4
2011-10-29 21:00:00,78.64
2011-10-29 22:00:00,74.9
2011-10-29 23:00:00,64.96
2011-10-30 00:00:00,69.91
2011-10-30 01:00:00,46.93
2011-10-30 02:00:00,40.08
2011-10-30 03:00:00,13.2
2011-10-30 04:00:00,3.95
2011-10-30 05:00:00,3.84
2011-10-30 06:00:00,13.12
2011-10-30 07:00:00,34.12
2011-10-30 08:00:00,79.06
2011-10-30 09:00:00,138.52
2011-10-30 10:00:00,202.8
2011-10-30 11:00:00,254.99
2011-10-30 12:00:00,294.52
2011-10-30 13:00:00,285.42
2011-10-30 14:00:00,331.85
2011-10-30 15:00:00,348.56
2011-10-30 16:00:00,322.35
2011-10-30 17:00:00,276.07
2011-10-30 18:00:00,207.17
2011-10-30 19:00:00,269.2
2011-10-30 20:00:00,143.76
2011-10-30 21:00:00,98.96
2011-10-30 22:00:00,88.18
2011-10-30 23:00:00,41.13
2011-10-31 00:00:00,18.94
2011-10-31 01:00:00,8.07
2011-10-31 02:00:00,2.65
2011-10-31 03:00:00,4.026666666666667
2011-10-31 04:00:00,4.498166666666666
2011-10-31 05:00:00,21.1
2011-10-31 06:00:00,89.81
2011-10-31 07:00:00,289.74
2011-10-31 08:00:00,390.21
2011-10-31 09:00:00,185.34
2011-10-31 10:00:00,136.81
2011-10-31 11:00:00,146.11
2011-10-31 12:00:00,153.54
2011-10-31 13:00:00,154.35
2011-10-31 14:00:00,151.46
2011-10-31 15:00:00,169.54
2011-10-31 16:00:00,258.93
2011-10-31 17:00:00,482.18
2011-10-31 18:00:00,413.93
2011-10-31 19:00:00,293.25
2011-10-31 20:00:00,195.6
2011-10-31 21:00:00,127.26
2011-10-31 22:00:00,96.09
2011-10-31 23:00:00,54.74
2011-11-20 00:00:00,82.11
2011-11-20 01:00:00,62.53
2011-11-20 02:00:00,64.4
2011-11-20 03:00:00,25.85
2011-11-20 04:00:00,8.21
2011-11-20 05:00:00,7.33
2011-11-20 06:00:00,19.26
2011-11-20 07:00:00,54.71
2011-11-20 08:00:00,93.29
2011-11-20 09:00:00,149.04
2011-11-20 10:00:00,264.62
2011-11-20 11:00:00,317.43
2011-11-20 12:00:00,309.1
2011-11-20 13:00:00,328.86
2011-11-20 14:00:00,336.62
2011-11-20 15:00:00,327.34
2011-11-20 16:00:00,362.66
2011-11-20 17:00:00,284.74
2011-11-20 18:00:00,307.97
2011-11-20 19:00:00,209.43
2011-11-20 20:00:00,178.4
2011-11-20 21:00:00,144.01
2011-11-20 22:00:00,80.28
2011-11-20 23:00:00,67.93
2011-11-21 00:00:00,28.03
2011-11-21 01:00:00,7.74
2011-11-21 02:00:00,5.45
2011-11-21 03:00:00,4.28
2011-11-21 04:00:00,4.91
2011-11-21 05:00:00,17.56
2011-11-21 06:00:00,92.64
2011-11-21 07:00:00,267.19
2011-11-21 08:00:00,387.52
2011-11-21 09:00:00,183.56
2011-11-21 10:00:00,98.12
2011-11-21 11:00:00,104.68
2011-11-21 12:00:00,164.22
2011-11-21 13:00:00,159.68
2011-11-21 14:00:00,136.7
2011-11-21 15:00:00,49.39
2011-11-21 16:00:00,93.19
2011-11-21 17:00:00,155.46
2011-11-21 18:00:00,217.83
2011-11-21 19:00:00,155.07
2011-11-21 20:00:00,136.86
2011-11-21 21:00:00,93.42
2011-11-21 22:00:00,79.02
2011-11-21 23:00:00,56.98
2011-11-22 00:00:00,18.74
2011-11-22 01:00:00,7.74
2011-11-22 02:00:00,4.95
2011-11-22 03:00:00,3.92
2011-11-22 04:00:00,4.39
2011-11-22 05:00:00,17.08
2011-11-22 06:00:00,98.0
2011-11-22 07:00:00,139.7
2011-11-22 08:00:00,154.09
2011-11-22 09:00:00,93.05
2011-11-22 10:00:00,62.0
2011-11-22 11:00:00,58.48
2011-11-22 12:00:00,57.05
2011-11-22 13:00:00,50.72
2011-11-22 14:00:00,50.97
2011-11-22 15:00:00,56.08
2011-11-22 16:00:00,101.72
2011-11-22 17:00:00,175.02
2011-11-22 18:00:00,166.27
2011-11-22 19:00:00,160.3
2011-11-22 20:00:00,166.87
2011-11-22 21:00:00,134.51
2011-11-22 22:00:00,108.98
2011-11-22 23:00:00,69.79
2011-11-23 00:00:00,20.67
2011-11-23 01:00:00,10.08
2011-11-23 02:00:00,5.45
2011-11-23 03:00:00,3.08
2011-11-23 04:00:00,4.09
2011-11-23 05:00:00,19.59
2011-11-23 06:00:00,101.87
2011-11-23 07:00:00,269.35
2011-11-23 08:00:00,400.35
2011-11-23 09:00:00,187.62
2011-11-23 10:00:00,108.31
2011-11-23 11:00:00,120.05
2011-11-23 12:00:00,168.28
2011-11-23 13:00:00,147.9
2011-11-23 14:00:00,151.91
2011-11-23 15:00:00,158.98
2011-11-23 16:00:00,223.22
2011-11-23 17:00:00,246.8
2011-11-23 18:00:00,377.34
2011-11-23 19:00:00,256.98
2011-11-23 20:00:00,177.54
2011-11-23 21:00:00,121.19
2011-11-23 22:00:00,86.29
2011-11-23 23:00:00,60.88
2011-11-24 00:00:00,45.47
2011-11-24 01:00:00,26.93
2011-11-24 02:00:00,13.9
2011-11-24 03:00:00,6.81
2011-11-24 04:00:00,7.09
2011-11-24 05:00:00,14.71
2011-11-24 06:00:00,49.73
2011-11-24 07:00:00,134.13
2011-11-24 08:00:00,205.72
2011-11-24 09:00:00,178.93
2011-11-24 10:00:00,224.16
2011-11-24 11:00:00,275.8
2011-11-24 12:00:00,293.94
2011-11-24 13:00:00,308.09
2011-11-24 14:00:00,334.52
2011-11-24 15:00:00,328.81
2011-11-24 16:00:00,326.82
2011-11-24 17:00:00,361.26
2011-11-24 18:00:00,308.22
2011-11-24 19:00:00,227.08
2011-11-24 20:00:00,154.43
2011-11-24 21:00:00,131.24
2011-11-24 22:00:00,102.5
2011-11-24 23:00:00,70.79
2011-11-25 00:00:00,47.87
2011-11-25 01:00:00,21.76
2011-11-25 02:00:00,10.85
2011-11-25 03:00:00,3.784666666666667
2011-11-25 04:00:00,4.966333333333334
2011-11-25 05:00:00,21.53
2011-11-25 06:00:00,78.85
2011-11-25 07:00:00,262.44
2011-11-25 08:00:00,375.19
2011-11-25 09:00:00,227.63
2011-11-25 10:00:00,150.05
2011-11-25 11:00:00,159.05
2011-11-25 12:00:00,202.96
2011-11-25 13:00:00,227.73
2011-11-25 14:00:00,230.55
2011-11-25 15:00:00,232.74
2011-11-25 16:00:00,327.76
2011-11-25 17:00:00,491.95
2011-11-25 18:00:00,443.88
2011-11-25 19:00:00,261.79
2011-11-25 20:00:00,190.56
2011-11-25 21:00:00,133.36
2011-11-25 22:00:00,107.25
2011-11-25 23:00:00,79.02
2011-11-26 00:00:00,77.53
2011-11-26 01:00:00,71.46
2011-11-26 02:00:00,50.5
2011-11-26 03:00:00,22.76
2011-11-26 04:00:00,7.48
2011-11-26 05:00:00,6.77
2011-11-26 06:00:00,17.89
2011-11-26 07:00:00,70.55
2011-11-26 08:00:00,102.39
2011-11-26 09:00:00,153.04
2011-11-26 10:00:00,239.69
2011-11-26 11:00:00,282.63
2011-11-26 12:00:00,336.74
2011-11-26 13:00:00,351.78
2011-11-26 14:00:00,335.62
2011-11-26 15:00:00,349.61
2011-11-26 16:00:00,333.05
2011-11-26 17:00:00,285.19
2011-11-26 18:00:00,229.51
2011-11-26 19:00:00,193.23
2011-11-26 20:00:00,171.34
2011-11-26 21:00:00,117.97
2011-11-26 22:00:00,105.56
2011-11-26 23:00:00,81.61
2011-11-27 00:00:00,87.53
2011-11-27 01:00:00,83.25
2011-11-27 02:00:00,56.28
2011-11-27 03:00:00,28.78
2011-11-27 04:00:00,10.51
2011-11-27 05:00:00,8.72
2011-11-27 06:00:00,17.32
2011-11-27 07:00:00,61.03
2011-11-27 08:00:00,95.56
2011-11-27 09:00:00,146.36
2011-11-27 10:00:00,274.51
2011-11-27 11:00:00,310.95
2011-11-27 12:00:00,345.92
2011-11-27 13:00:00,342.2
2011-11-27 14:00:00,448.51
2011-11-27 15:00:00,440.75
2011-11-27 16:00:00,387.85
2011-11-27 17:00:00,334.79
2011-11-27 18:00:00,274.8
2011-11-27 19:00:00,206.99
2011-11-27 20:00:00,177.21
2011-11-27 21:00:00,135.03
2011-11-27 22:00:00,116.95
2011-11-27 23:00:00,80.65
2011-11-28 00:00:00,30.85
2011-11-28 01:00:00,10.18
2011-11-28 03:00:00,5.42
2011-11-28 04:00:00,6.6
2011-11-28 05:00:00,25.65
2011-11-28 06:00:00,99.76
2011-11-28 07:00:00,297.15
2011-11-28 08:00:00,392.95
2011-11-28 09:00:00,196.73
2011-11-28 10:00:00,114.86
2011-11-28 11:00:00,127.17
2011-11-28 12:00:00,192.5
2011-11-28 13:00:00,181.1
2011-11-28 14:00:00,187.51
2011-11-28 15:00:00,180.04
2011-11-28 16:00:00,288.66
2011-11-28 17:00:00,525.55
2011-11-28 18:00:00,506.29
2011-11-28 19:00:00,317.97
2011-11-28 20:00:00,227.74
2011-11-28 21:00:00,176.6
2011-11-28 22:00:00,124.0
2011-11-28 23:00:00,64.91
2011-11-29 00:00:00,29.24
2011-11-29 01:00:00,10.45
2011-11-29 02:00:00,5.05
2011-11-29 03:00:00,4.58
2011-11-29 04:00:00,5.27
2011-11-29 05:00:00,26.43
2011-11-29 06:00:00,100.17
2011-11-29 07:00:00,309.95
2011-11-29 08:00:00,454.36
2011-11-29 09:00:00,186.36
2011-11-29 10:00:00,123.36
2011-11-29 11:00:00,94.25
2011-11-29 12:00:00,106.56
2011-11-29 13:00:00,108.17
2011-11-29 14:00:00,53.08
2011-11-29 15:00:00,78.96
2011-11-29 16:00:00,110.8
2011-11-29 17:00:00,317.72
2011-11-29 18:00:00,320.31
2011-11-29 19:00:00,256.36
2011-11-29 20:00:00,169.19
2011-11-29 21:00:00,135.78
2011-11-29 22:00:00,101.35
2011-11-29 23:00:00,44.62
2011-11-30 00:00:00,28.27
2011-11-30 01:00:00,13.41
2011-11-30 02:00:00,6.06
2011-11-30 03:00:00,4.29
2011-11-30 04:00:00,5.0
2011-11-30 05:00:00,21.26
2011-11-30 06:00:00,92.61
2011-11-30 07:00:00,274.55
2011-11-30 08:00:00,397.75
2011-11-30 09:00:00,212.87
2011-11-30 10:00:00,125.57
2011-11-30 11:00:00,133.43
2011-11-30 12:00:00,136.82
2011-11-30 13:00:00,134.86
2011-11-30 14:00:00,134.99
2011-11-30 15:00:00,137.21
2011-11-30 16:00:00,217.44
2011-11-30 17:00:00,347.04
2011-11-30 18:00:00,323.93
2011-11-30 19:00:00,247.15
2011-11-30 20:00:00,166.36
2011-11-30 21:00:00,118.19
2011-11-30 22:00:00,93.86
2011-11-30 23:00:00,60.26
2011-12-20 00:00:00,29.78
2011-12-20 01:00:00,12.66
2011-12-20 02:00:00,7.43
2011-12-20 03:00:00,5.43
2011-12-20 04:00:00,5.53
2011-12-20 05:00:00,22.82
2011-12-20 06:00:00,93.89
2011-12-20 07:00:00,266.41
2011-12-20 08:00:00,429.63
2011-12-20 09:00:00,222.29
2011-12-20 10:00:00,137.3
2011-12-20 11:00:00,138.68
2011-12-20 12:00:00,150.45
2011-12-20 13:00:00,153.62
2011-12-20 14:00:00,150.42
2011-12-20 15:00:00,162.06
2011-12-20 16:00:00,258.14
2011-12-20 17:00:00,408.63
2011-12-20 18:00:00,367.6
2011-12-20 19:00:00,278.78
2011-12-20 20:00:00,186.46
2011-12-20 21:00:00,139.59
2011-12-20 22:00:00,104.97
2011-12-20 23:00:00,59.07
2011-12-21 00:00:00,24.51
2011-12-21 01:00:00,13.24
2011-12-21 02:00:00,6.49
2011-12-21 03:00:00,5.44
2011-12-21 04:00:00,5.42
2011-12-21 05:00:00,22.95
2011-12-21 06:00:00,93.34
2011-12-21 07:00:00,248.36
2011-12-21 08:00:00,128.78
2011-12-21 09:00:00,201.4
2011-12-21 10:00:00,116.78
2011-12-21 11:00:00,119.99
2011-12-21 12:00:00,85.37
2011-12-21 13:00:00,47.29
2011-12-21 14:00:00,119.07
2011-12-21 15:00:00,126.1
2011-12-21 16:00:00,97.29
2011-12-21 17:00:00,145.72
2011-12-21 18:00:00,253.12
2011-12-21 19:00:00,241.8
2011-12-21 20:00:00,153.72
2011-12-21 21:00:00,134.22
2011-12-21 22:00:00,122.29
2011-12-21 23:00:00,73.44
2011-12-22 00:00:00,31.81
2011-12-22 01:00:00,9.67
2011-12-22 02:00:00,10.15
2011-12-22 03:00:00,5.66
2011-12-22 04:00:00,5.35
2011-12-22 05:00:00,26.36
2011-12-22 06:00:00,93.49
2011-12-22 07:00:00,248.93
2011-12-22 08:00:00,384.35
2011-12-22 09:00:00,204.64
2011-12-22 10:00:00,121.17
2011-12-22 11:00:00,123.51
2011-12-22 12:00:00,156.91
2011-12-22 13:00:00,147.2
2011-12-22 14:00:00,145.72
2011-12-22 15:00:00,146.69
2011-12-22 16:00:00,237.73
2011-12-22 17:00:00,393.49
2011-12-22 18:00:00,379.32
2011-12-22 19:00:00,264.9
2011-12-22 20:00:00,171.18
2011-12-22 21:00:00,109.42
2011-12-22 22:00:00,72.87
2011-12-22 23:00:00,75.61
2011-12-23 00:00:00,48.27
2011-12-23 01:00:00,18.59
2011-12-23 02:00:00,9.65
2011-12-23 03:00:00,4.89
2011-12-23 04:00:00,4.41
2011-12-23 05:00:00,25.84
2011-12-23 06:00:00,78.78
2011-12-23 07:00:00,240.66
2011-12-23 08:00:00,377.34
2011-12-23 09:00:00,217.68
2011-12-23 10:00:00,147.55
2011-12-23 11:00:00,165.57
2011-12-23 12:00:00,177.76
2011-12-23 13:00:00,178.49
2011-12-23 14:00:00,176.01
2011-12-23 15:00:00,176.06
2011-12-23 16:00:00,211.21
2011-12-23 17:00:00,339.21
2011-12-23 18:00:00,317.46
2011-12-23 19:00:00,243.07
2011-12-23 20:00:00,152.49
2011-12-23 21:00:00,118.71
2011-12-23 22:00:00,100.67
2011-12-23 23:00:00,75.67
2011-12-24 00:00:00,76.77
2011-12-24 01:00:00,74.04
2011-12-24 02:00:00,55.26
2011-12-24 03:00:00,28.76
2011-12-24 04:00:00,7.6
2011-12-24 05:00:00,6.74
2011-12-24 06:00:00,14.68
2011-12-24 07:00:00,76.99
2011-12-24 08:00:00,87.87
2011-12-24 09:00:00,162.92
2011-12-24 10:00:00,201.15
2011-12-24 11:00:00,229.37
2011-12-24 12:00:00,254.77
2011-12-24 13:00:00,250.01
2011-12-24 14:00:00,247.02
2011-12-24 15:00:00,231.21
2011-12-24 16:00:00,237.83
2011-12-24 17:00:00,173.16
2011-12-24 18:00:00,189.05
2011-12-24 19:00:00,174.01
2011-12-24 20:00:00,116.74
2011-12-24 21:00:00,97.03
2011-12-24 22:00:00,91.18
2011-12-24 23:00:00,66.35
2011-12-25 00:00:00,69.54
2011-12-25 01:00:00,55.98
2011-12-25 02:00:00,49.51
2011-12-25 03:00:00,23.25
2011-12-25 05:00:00,6.12
2011-12-25 06:00:00,8.69
2011-12-25 07:00:00,44.01
2011-12-25 08:00:00,71.15
2011-12-25 09:00:00,103.83
2011-12-25 10:00:00,170.53
2011-12-25 11:00:00,194.98
2011-12-25 12:00:00,203.15
2011-12-25 13:00:00,211.17
2011-12-25 14:00:00,230.8
2011-12-25 15:00:00,235.65
2011-12-25 16:00:00,277.52
2011-12-25 17:00:00,190.59
2011-12-25 18:00:00,170.36
2011-12-25 19:00:00,159.0
2011-12-25 20:00:00,117.03
2011-12-25 21:00:00,99.25
2011-12-25 22:00:00,87.64
2011-12-25 23:00:00,44.29
2011-12-26 00:00:00,34.87
2011-12-26 01:00:00,28.5
2011-12-26 02:00:00,17.43
2011-12-26 04:00:00,8.05
2011-12-26 05:00:00,13.5
2011-12-26 06:00:00,49.29
2011-12-26 07:00:00,136.33
2011-12-26 08:00:00,192.87
2011-12-26 09:00:00,171.3
2011-12-26 10:00:00,198.9
2011-12-26 11:00:00,209.39
2011-12-26 12:00:00,219.78
2011-12-26 13:00:00,238.78
2011-12-26 14:00:00,236.26
2011-12-26 15:00:00,236.86
2011-12-26 16:00:00,229.9
2011-12-26 17:00:00,251.37
2011-12-26 18:00:00,251.93
2011-12-26 19:00:00,205.78
2011-12-26 20:00:00,133.93
2011-12-26 21:00:00,120.8
2011-12-26 22:00:00,96.21
2011-12-26 23:00:00,50.95
2011-12-27 00:00:00,17.86
2011-12-27 01:00:00,9.02
2011-12-27 02:00:00,4.48
2011-12-27 03:00:00,4.21
2011-12-27 04:00:00,4.79
2011-12-27 05:00:00,21.93
2011-12-27 06:00:00,85.98
2011-12-27 07:00:00,241.56
2011-12-27 08:00:00,391.95
2011-12-27 09:00:00,124.61
2011-12-27 10:00:00,125.15
2011-12-27 11:00:00,102.19
2011-12-27 12:00:00,84.74
2011-12-27 13:00:00,70.29
2011-12-27 14:00:00,96.98
2011-12-27 15:00:00,93.96
2011-12-27 16:00:00,122.31
2011-12-27 17:00:00,221.46
2011-12-27 18:00:00,288.2
2011-12-27 19:00:00,245.27
2011-12-27 20:00:00,157.19
2011-12-27 21:00:00,126.32
2011-12-27 22:00:00,105.18
2011-12-27 23:00:00,55.55
2011-12-28 00:00:00,20.09
2011-12-28 01:00:00,11.61
2011-12-28 02:00:00,6.84
2011-12-28 03:00:00,4.45
2011-12-28 05:00:00,21.66
2011-12-28 06:00:00,84.26
2011-12-28 07:00:00,242.49
2011-12-28 08:00:00,394.66
2011-12-28 09:00:00,215.01
2011-12-28 10:00:00,123.62
2011-12-28 11:00:00,126.72
2011-12-28 12:00:00,138.63
2011-12-28 13:00:00,137.67
2011-12-28 14:00:00,128.03
2011-12-28 15:00:00,137.62
2011-12-28 16:00:00,209.55
2011-12-28 17:00:00,305.51
2011-12-28 18:00:00,281.38
2011-12-28 19:00:00,225.49
2011-12-28 20:00:00,144.7
2011-12-28 21:00:00,108.42
2011-12-28 22:00:00,85.59
2011-12-28 23:00:00,55.14
2011-12-29 00:00:00,35.69
2011-12-29 01:00:00,10.56
2011-12-29 02:00:00,8.03
2011-12-29 03:00:00,4.61
2011-12-29 04:00:00,4.296666666666667
2011-12-29 05:00:00,22.05
2011-12-29 06:00:00,76.0
2011-12-29 07:00:00,196.33
2011-12-29 08:00:00,357.08
2011-12-29 09:00:00,217.79
2011-12-29 10:00:00,131.89
2011-12-29 11:00:00,129.54
2011-12-29 12:00:00,145.72
2011-12-29 13:00:00,143.72
2011-12-29 14:00:00,136.9
2011-12-29 15:00:00,144.92
2011-12-29 16:00:00,203.77
2011-12-29 17:00:00,323.07
2011-12-29 18:00:00,316.82
2011-12-29 19:00:00,240.59
2011-12-29 20:00:00,161.94
2011-12-29 21:00:00,129.84
2011-12-29 22:00:00,97.15
2011-12-29 23:00:00,64.15
2011-12-30 00:00:00,35.2
2011-12-30 01:00:00,18.53
2011-12-30 02:00:00,11.57
2011-12-30 03:00:00,3.406333333333334
2011-12-30 04:00:00,3.6003333333333343
2011-12-30 05:00:00,21.22
2011-12-30 06:00:00,78.33
2011-12-30 07:00:00,217.4
2011-12-30 08:00:00,356.5
2011-12-30 09:00:00,229.6
2011-12-30 10:00:00,120.45
2011-12-30 11:00:00,142.53
2011-12-30 12:00:00,156.96
2011-12-30 13:00:00,163.52
2011-12-30 14:00:00,171.83
2011-12-30 15:00:00,200.96
2011-12-30 16:00:00,249.98
2011-12-30 17:00:00,359.29
2011-12-30 18:00:00,346.84
2011-12-30 19:00:00,233.45
2011-12-30 20:00:00,164.79
2011-12-30 21:00:00,130.02
2011-12-30 22:00:00,100.98
2011-12-30 23:00:00,71.42
2011-12-31 00:00:00,72.45
2011-12-31 01:00:00,59.65
2011-12-31 02:00:00,57.66
2011-12-31 03:00:00,26.78
2011-12-31 04:00:00,6.9
2011-12-31 05:00:00,6.65
2011-12-31 06:00:00,17.53
2011-12-31 07:00:00,121.1
2011-12-31 08:00:00,88.64
2011-12-31 09:00:00,145.56
2011-12-31 10:00:00,228.73
2011-12-31 11:00:00,264.54
2011-12-31 12:00:00,357.83
2011-12-31 13:00:00,335.81
2011-12-31 14:00:00,304.43
2011-12-31 15:00:00,314.81
2011-12-31 16:00:00,301.17
2011-12-31 17:00:00,249.45
2011-12-31 18:00:00,222.68
2011-12-31 19:00:00,184.06
2011-12-31 20:00:00,156.94
2011-12-31 21:00:00,121.25
2011-12-31 22:00:00,103.32
2011-12-31 23:00:00,80.09
2012-01-20 00:00:00,18.3
2012-01-20 01:00:00,14.97
2012-01-20 02:00:00,8.77
2012-01-20 03:00:00,5.35
2012-01-20 04:00:00,3.06
2012-01-20 05:00:00,19.87
2012-01-20 06:00:00,84.56
2012-01-20 07:00:00,217.9
2012-01-20 08:00:00,435.82
2012-01-20 09:00:00,208.57
2012-01-20 10:00:00,118.24
2012-01-20 11:00:00,135.03
2012-01-20 12:00:00,154.82
2012-01-20 13:00:00,159.49
2012-01-20 14:00:00,160.25
2012-01-20 15:00:00,154.59
2012-01-20 16:00:00,174.33
2012-01-20 17:00:00,261.21
2012-01-20 18:00:00,252.18
2012-01-20 19:00:00,210.64
2012-01-20 20:00:00,152.14
2012-01-20 21:00:00,99.45
2012-01-20 22:00:00,78.39
2012-01-20 23:00:00,45.69
2012-01-21 00:00:00,30.58
2012-01-21 01:00:00,34.27
2012-01-21 02:00:00,36.56
2012-01-21 03:00:00,25.79
2012-01-21 04:00:00,6.24
2012-01-21 05:00:00,6.6
2012-01-21 06:00:00,5.9
2012-01-21 07:00:00,62.95
2012-01-21 08:00:00,104.82
2012-01-21 09:00:00,120.89
2012-01-21 10:00:00,143.33
2012-01-21 11:00:00,168.58
2012-01-21 12:00:00,186.55
2012-01-21 13:00:00,190.81
2012-01-21 14:00:00,153.42
2012-01-21 15:00:00,155.06
2012-01-21 16:00:00,192.08
2012-01-21 17:00:00,156.57
2012-01-21 18:00:00,160.38
2012-01-21 19:00:00,115.46
2012-01-21 20:00:00,101.56
2012-01-21 21:00:00,62.87
2012-01-21 22:00:00,65.96
2012-01-21 23:00:00,57.43
2012-01-22 00:00:00,53.81
2012-01-22 01:00:00,47.74
2012-01-22 02:00:00,44.71
2012-01-22 03:00:00,28.08
2012-01-22 04:00:00,4.92
2012-01-22 05:00:00,4.34
2012-01-22 06:00:00,3.6
2012-01-22 07:00:00,31.62
2012-01-22 08:00:00,58.41
2012-01-22 09:00:00,92.19
2012-01-22 10:00:00,130.15
2012-01-22 11:00:00,143.93
2012-01-22 12:00:00,159.3
2012-01-22 13:00:00,184.1
2012-01-22 14:00:00,176.89
2012-01-22 15:00:00,148.56
2012-01-22 16:00:00,146.95
2012-01-22 17:00:00,145.66
2012-01-22 18:00:00,146.18
2012-01-22 19:00:00,135.25
2012-01-22 20:00:00,101.79
2012-01-22 21:00:00,71.62
2012-01-22 22:00:00,71.07
2012-01-22 23:00:00,43.61
2012-01-23 00:00:00,19.46
2012-01-23 01:00:00,7.65
2012-01-23 02:00:00,3.17
2012-01-23 03:00:00,2.84
2012-01-23 04:00:00,2.98
2012-01-23 05:00:00,20.14
2012-01-23 06:00:00,72.25
2012-01-23 07:00:00,215.97
2012-01-23 08:00:00,269.38
2012-01-23 09:00:00,211.72
2012-01-23 10:00:00,96.89
2012-01-23 11:00:00,94.07
2012-01-23 12:00:00,103.41
2012-01-23 13:00:00,67.47
2012-01-23 14:00:00,76.89
2012-01-23 15:00:00,111.91
2012-01-23 16:00:00,125.01
2012-01-23 17:00:00,200.11
2012-01-23 18:00:00,210.76
2012-01-23 19:00:00,185.33
2012-01-23 20:00:00,128.81
2012-01-23 21:00:00,98.58
2012-01-23 22:00:00,77.51
2012-01-23 23:00:00,47.55
2012-01-24 00:00:00,31.56
2012-01-24 01:00:00,7.57
2012-01-24 02:00:00,3.61
2012-01-24 03:00:00,3.08
2012-01-24 04:00:00,2.98
2012-01-24 05:00:00,17.12
2012-01-24 06:00:00,80.77
2012-01-24 07:00:00,255.7
2012-01-24 08:00:00,421.94
2012-01-24 09:00:00,208.88
2012-01-24 10:00:00,114.3
2012-01-24 11:00:00,130.2
2012-01-24 12:00:00,136.33
2012-01-24 13:00:00,134.53
2012-01-24 14:00:00,143.55
2012-01-24 15:00:00,140.35
2012-01-24 16:00:00,215.54
2012-01-24 17:00:00,401.58
2012-01-24 18:00:00,383.08
2012-01-24 19:00:00,318.48
2012-01-24 20:00:00,177.53
2012-01-24 21:00:00,151.78
2012-01-24 22:00:00,108.12
2012-01-24 23:00:00,61.31
2012-01-25 00:00:00,16.51
2012-01-25 01:00:00,8.26
2012-01-25 02:00:00,3.0
2012-01-25 03:00:00,3.22
2012-01-25 04:00:00,2.97
2012-01-25 05:00:00,20.12
2012-01-25 06:00:00,73.27
2012-01-25 07:00:00,243.17
2012-01-25 08:00:00,471.12
2012-01-25 09:00:00,227.94
2012-01-25 10:00:00,126.24
2012-01-25 11:00:00,115.78
2012-01-25 12:00:00,136.43
2012-01-25 13:00:00,142.56
2012-01-25 14:00:00,138.59
2012-01-25 15:00:00,167.44
2012-01-25 16:00:00,192.36
2012-01-25 17:00:00,347.24
2012-01-25 18:00:00,264.42
2012-01-25 19:00:00,247.82
2012-01-25 20:00:00,179.22
2012-01-25 21:00:00,140.24
2012-01-25 22:00:00,105.47
2012-01-25 23:00:00,60.08
2012-01-26 00:00:00,21.13
2012-01-26 01:00:00,7.96
2012-01-26 02:00:00,3.29
2012-01-26 03:00:00,2.64
2012-01-26 04:00:00,3.42
2012-01-26 05:00:00,20.87
2012-01-26 06:00:00,80.46
2012-01-26 07:00:00,224.82
2012-01-26 08:00:00,437.15
2012-01-26 09:00:00,208.53
2012-01-26 10:00:00,106.97
2012-01-26 11:00:00,104.38
2012-01-26 12:00:00,125.21
2012-01-26 13:00:00,163.24
2012-01-26 14:00:00,151.77
2012-01-26 15:00:00,154.55
2012-01-26 16:00:00,199.15
2012-01-26 17:00:00,387.02
2012-01-26 18:00:00,383.46
2012-01-26 19:00:00,291.46
2012-01-26 20:00:00,216.21
2012-01-26 21:00:00,157.07
2012-01-26 22:00:00,112.01
2012-01-26 23:00:00,62.86
2012-01-27 00:00:00,43.13
2012-01-27 01:00:00,16.35
2012-01-27 02:00:00,8.13
2012-01-27 03:00:00,4.85
2012-01-27 04:00:00,4.06
2012-01-27 05:00:00,17.29
2012-01-27 06:00:00,94.42
2012-01-27 07:00:00,287.85
2012-01-27 08:00:00,424.6
2012-01-27 09:00:00,202.21
2012-01-27 10:00:00,164.15
2012-01-27 11:00:00,251.03
2012-01-27 12:00:00,275.54
2012-01-27 13:00:00,275.53
2012-01-27 14:00:00,283.16
2012-01-27 15:00:00,266.72
2012-01-27 16:00:00,240.81
2012-01-27 17:00:00,400.09
2012-01-27 18:00:00,364.82
2012-01-27 19:00:00,266.68
2012-01-27 20:00:00,169.65
2012-01-27 21:00:00,145.48
2012-01-27 22:00:00,111.25
2012-01-27 23:00:00,70.81
2012-01-28 00:00:00,60.95
2012-01-28 01:00:00,56.14
2012-01-28 02:00:00,43.35
2012-01-28 03:00:00,22.6
2012-01-28 04:00:00,5.35
2012-01-28 05:00:00,5.58
2012-01-28 06:00:00,6.93
2012-01-28 07:00:00,36.19
2012-01-28 08:00:00,90.55
2012-01-28 09:00:00,116.81
2012-01-28 10:00:00,183.22
2012-01-28 11:00:00,229.63
2012-01-28 12:00:00,236.97
2012-01-28 13:00:00,280.89
2012-01-28 14:00:00,286.09
2012-01-28 15:00:00,307.23
2012-01-28 16:00:00,357.09
2012-01-28 17:00:00,392.95
2012-01-28 18:00:00,377.72
2012-01-28 19:00:00,226.67
2012-01-28 20:00:00,173.27
2012-01-28 21:00:00,128.23
2012-01-28 22:00:00,110.16
2012-01-28 23:00:00,88.51
2012-01-29 00:00:00,63.4
2012-01-29 01:00:00,58.42
2012-01-29 02:00:00,45.66
2012-01-29 03:00:00,25.85
2012-01-29 04:00:00,4.81
2012-01-29 05:00:00,4.68
2012-01-29 06:00:00,5.59
2012-01-29 07:00:00,32.31
2012-01-29 08:00:00,66.16
2012-01-29 09:00:00,108.75
2012-01-29 10:00:00,175.62
2012-01-29 11:00:00,217.34
2012-01-29 12:00:00,265.93
2012-01-29 13:00:00,264.27
2012-01-29 14:00:00,257.13
2012-01-29 15:00:00,308.14
2012-01-29 16:00:00,287.73
2012-01-29 17:00:00,306.24
2012-01-29 18:00:00,263.66
2012-01-29 19:00:00,170.16
2012-01-29 20:00:00,119.67
2012-01-29 21:00:00,119.15
2012-01-29 22:00:00,100.44
2012-01-29 23:00:00,54.82
2012-01-30 00:00:00,38.46
2012-01-30 01:00:00,5.66
2012-01-30 02:00:00,3.67
2012-01-30 03:00:00,2.68
2012-01-30 04:00:00,2.25
2012-01-30 05:00:00,16.98
2012-01-30 06:00:00,83.96
2012-01-30 07:00:00,234.84
2012-01-30 08:00:00,413.5
2012-01-30 09:00:00,210.82
2012-01-30 10:00:00,117.44
2012-01-30 11:00:00,103.04
2012-01-30 12:00:00,140.46
2012-01-30 13:00:00,136.43
2012-01-30 14:00:00,130.04
2012-01-30 15:00:00,140.91
2012-01-30 16:00:00,218.75
2012-01-30 17:00:00,389.82
2012-01-30 18:00:00,341.26
2012-01-30 19:00:00,225.77
2012-01-30 20:00:00,175.64
2012-01-30 21:00:00,142.77
2012-01-30 22:00:00,83.43
2012-01-30 23:00:00,49.99
2012-01-31 00:00:00,14.96
2012-01-31 01:00:00,6.14
2012-01-31 02:00:00,3.39
2012-01-31 03:00:00,2.56
2012-01-31 04:00:00,1.96
2012-01-31 05:00:00,17.02
2012-01-31 06:00:00,86.73
2012-01-31 07:00:00,237.65
2012-01-31 08:00:00,424.25
2012-01-31 09:00:00,203.91
2012-01-31 10:00:00,123.22
2012-01-31 11:00:00,132.92
2012-01-31 12:00:00,143.89
2012-01-31 13:00:00,194.63
2012-01-31 14:00:00,208.15
2012-01-31 15:00:00,216.24
2012-01-31 16:00:00,323.31
2012-01-31 17:00:00,530.32
2012-01-31 18:00:00,521.57
2012-01-31 19:00:00,379.51
2012-01-31 20:00:00,215.72
2012-01-31 21:00:00,201.94
2012-01-31 22:00:00,105.15
2012-01-31 23:00:00,75.15
2012-02-20 00:00:00,24.99
2012-02-20 01:00:00,22.45
2012-02-20 02:00:00,13.96
2012-02-20 03:00:00,6.36
2012-02-20 05:00:00,19.08
2012-02-20 06:00:00,26.96
2012-02-20 07:00:00,50.69
2012-02-20 08:00:00,119.58
2012-02-20 09:00:00,135.47
2012-02-20 10:00:00,165.94
2012-02-20 11:00:00,170.21
2012-02-20 12:00:00,197.52
2012-02-20 13:00:00,203.48
2012-02-20 14:00:00,206.83
2012-02-20 15:00:00,231.02
2012-02-20 16:00:00,285.05
2012-02-20 17:00:00,367.15
2012-02-20 18:00:00,286.9
2012-02-20 19:00:00,209.08
2012-02-20 20:00:00,177.84
2012-02-20 21:00:00,139.73
2012-02-20 22:00:00,99.65
2012-02-20 23:00:00,61.87
2012-02-21 00:00:00,18.21
2012-02-21 01:00:00,7.02
2012-02-21 02:00:00,3.53
2012-02-21 04:00:00,2.35
2012-02-21 05:00:00,20.74
2012-02-21 06:00:00,74.14
2012-02-21 07:00:00,260.77
2012-02-21 08:00:00,432.96
2012-02-21 09:00:00,239.09
2012-02-21 10:00:00,113.93
2012-02-21 11:00:00,115.44
2012-02-21 12:00:00,151.98
2012-02-21 13:00:00,146.62
2012-02-21 14:00:00,150.34
2012-02-21 15:00:00,143.28
2012-02-21 16:00:00,229.96
2012-02-21 17:00:00,423.46
2012-02-21 18:00:00,424.56
2012-02-21 19:00:00,276.25
2012-02-21 20:00:00,188.95
2012-02-21 21:00:00,174.04
2012-02-21 22:00:00,102.01
2012-02-21 23:00:00,52.07
2012-02-22 00:00:00,23.83
2012-02-22 01:00:00,9.12
2012-02-22 02:00:00,3.48
2012-02-22 03:00:00,2.58
2012-02-22 04:00:00,2.08
2012-02-22 05:00:00,20.14
2012-02-22 06:00:00,81.82
2012-02-22 07:00:00,292.09
2012-02-22 08:00:00,469.54
2012-02-22 09:00:00,254.63
2012-02-22 10:00:00,134.01
2012-02-22 11:00:00,151.56
2012-02-22 12:00:00,153.86
2012-02-22 13:00:00,160.71
2012-02-22 14:00:00,159.58
2012-02-22 15:00:00,211.98
2012-02-22 16:00:00,315.44
2012-02-22 17:00:00,519.15
2012-02-22 18:00:00,474.87
2012-02-22 19:00:00,312.69
2012-02-22 20:00:00,228.23
2012-02-22 21:00:00,204.9
2012-02-22 22:00:00,111.04
2012-02-22 23:00:00,81.71
2012-02-23 00:00:00,37.85
2012-02-23 01:00:00,9.76
2012-02-23 02:00:00,5.47
2012-02-23 03:00:00,2.46
2012-02-23 04:00:00,2.19
2012-02-23 05:00:00,20.65
2012-02-23 06:00:00,90.56
2012-02-23 07:00:00,302.65
2012-02-23 08:00:00,481.08
2012-02-23 09:00:00,247.83
2012-02-23 10:00:00,170.05
2012-02-23 11:00:00,193.07
2012-02-23 12:00:00,218.88
2012-02-23 13:00:00,211.86
2012-02-23 14:00:00,221.64
2012-02-23 15:00:00,226.68
2012-02-23 16:00:00,336.53
2012-02-23 17:00:00,529.47
2012-02-23 18:00:00,516.1
2012-02-23 19:00:00,376.55
2012-02-23 20:00:00,242.17
2012-02-23 21:00:00,179.09
2012-02-23 22:00:00,119.82
2012-02-23 23:00:00,91.69
2012-02-24 00:00:00,43.0
2012-02-24 01:00:00,26.49
2012-02-24 02:00:00,6.38
2012-02-24 03:00:00,4.52
2012-02-24 04:00:00,3.86
2012-02-24 05:00:00,18.06
2012-02-24 06:00:00,90.11
2012-02-24 07:00:00,291.96
2012-02-24 08:00:00,433.42
2012-02-24 09:00:00,170.27
2012-02-24 10:00:00,119.17
2012-02-24 11:00:00,187.09
2012-02-24 12:00:00,186.05
2012-02-24 13:00:00,195.07
2012-02-24 14:00:00,230.44
2012-02-24 15:00:00,142.53
2012-02-24 16:00:00,169.67
2012-02-24 17:00:00,303.21
2012-02-24 18:00:00,353.96
2012-02-24 19:00:00,286.51
2012-02-24 20:00:00,172.97
2012-02-24 21:00:00,149.88
2012-02-24 22:00:00,116.17
2012-02-24 23:00:00,87.57
2012-02-25 00:00:00,71.73
2012-02-25 01:00:00,63.12
2012-02-25 02:00:00,45.72
2012-02-25 03:00:00,18.8
2012-02-25 04:00:00,5.58
2012-02-25 05:00:00,5.07
2012-02-25 06:00:00,9.78
2012-02-25 07:00:00,51.05
2012-02-25 08:00:00,91.86
2012-02-25 09:00:00,128.27
2012-02-25 10:00:00,178.41
2012-02-25 11:00:00,202.32
2012-02-25 12:00:00,252.18
2012-02-25 13:00:00,264.21
2012-02-25 14:00:00,244.86
2012-02-25 15:00:00,267.75
2012-02-25 16:00:00,235.4
2012-02-25 17:00:00,194.22
2012-02-25 18:00:00,178.7
2012-02-25 19:00:00,136.52
2012-02-25 20:00:00,98.48
2012-02-25 21:00:00,76.3
2012-02-25 22:00:00,80.74
2012-02-25 23:00:00,56.66
2012-02-26 00:00:00,60.1
2012-02-26 01:00:00,51.66
2012-02-26 02:00:00,43.71
2012-02-26 03:00:00,30.45
2012-02-26 04:00:00,4.51
2012-02-26 05:00:00,5.33
2012-02-26 06:00:00,6.96
2012-02-26 07:00:00,30.3
2012-02-26 08:00:00,76.52
2012-02-26 09:00:00,116.68
2012-02-26 10:00:00,182.04
2012-02-26 11:00:00,208.87
2012-02-26 12:00:00,257.81
2012-02-26 13:00:00,260.47
2012-02-26 14:00:00,289.51
2012-02-26 15:00:00,317.57
2012-02-26 16:00:00,304.33
2012-02-26 17:00:00,329.04
2012-02-26 18:00:00,271.9
2012-02-26 19:00:00,203.83
2012-02-26 20:00:00,139.04
2012-02-26 21:00:00,131.18
2012-02-26 22:00:00,109.15
2012-02-26 23:00:00,38.31
2012-02-27 00:00:00,14.82
2012-02-27 01:00:00,6.15
2012-02-27 02:00:00,3.09
2012-02-27 03:00:00,2.71
2012-02-27 04:00:00,2.1
2012-02-27 05:00:00,19.79
2012-02-27 06:00:00,84.81
2012-02-27 07:00:00,250.66
2012-02-27 08:00:00,437.34
2012-02-27 09:00:00,225.04
2012-02-27 10:00:00,124.47
2012-02-27 11:00:00,147.99
2012-02-27 12:00:00,153.7
2012-02-27 13:00:00,159.79
2012-02-27 14:00:00,190.75
2012-02-27 15:00:00,218.59
2012-02-27 16:00:00,324.16
2012-02-27 17:00:00,538.95
2012-02-27 18:00:00,511.83
2012-02-27 19:00:00,379.0
2012-02-27 20:00:00,233.7
2012-02-27 21:00:00,203.62
2012-02-27 22:00:00,106.02
2012-02-27 23:00:00,65.69
2012-02-28 00:00:00,29.91
2012-02-28 01:00:00,9.64
2012-02-28 02:00:00,7.04
2012-02-28 03:00:00,3.78
2012-02-28 04:00:00,1.96
2012-02-28 05:00:00,19.62
2012-02-28 06:00:00,90.04
2012-02-28 07:00:00,261.91
2012-02-28 08:00:00,426.25
2012-02-28 09:00:00,210.2
2012-02-28 10:00:00,118.88
2012-02-28 11:00:00,134.01
2012-02-28 12:00:00,155.33
2012-02-28 13:00:00,170.93
2012-02-28 14:00:00,151.81
2012-02-28 15:00:00,164.33
2012-02-28 16:00:00,270.99
2012-02-28 17:00:00,452.47
2012-02-28 18:00:00,446.15
2012-02-28 19:00:00,295.68
2012-02-28 20:00:00,218.83
2012-02-28 21:00:00,166.85
2012-02-28 22:00:00,109.68
2012-02-28 23:00:00,52.56
2012-02-29 00:00:00,26.44
2012-02-29 01:00:00,8.59
2012-02-29 02:00:00,3.61
2012-02-29 03:00:00,2.17
2012-02-29 05:00:00,20.64
2012-02-29 06:00:00,81.9
2012-02-29 07:00:00,248.65
2012-02-29 08:00:00,466.17
2012-02-29 09:00:00,142.78
2012-02-29 10:00:00,63.16
2012-02-29 11:00:00,71.48
2012-02-29 12:00:00,76.19
2012-02-29 13:00:00,150.82
2012-02-29 14:00:00,147.97
2012-02-29 15:00:00,150.79
2012-02-29 16:00:00,149.61
2012-02-29 17:00:00,351.7
2012-02-29 18:00:00,304.01
2012-02-29 19:00:00,295.64
2012-02-29 20:00:00,177.34
2012-02-29 21:00:00,128.27
2012-02-29 22:00:00,72.97
2012-02-29 23:00:00,41.9
2012-03-20 00:00:00,29.15
2012-03-20 01:00:00,17.17
2012-03-20 02:00:00,5.1
2012-03-20 03:00:00,4.68
2012-03-20 04:00:00,4.07
2012-03-20 05:00:00,19.17
2012-03-20 06:00:00,112.26
2012-03-20 07:00:00,165.81
2012-03-20 08:00:00,532.8
2012-03-20 09:00:00,317.31
2012-03-20 10:00:00,148.34
2012-03-20 11:00:00,154.03
2012-03-20 12:00:00,240.18
2012-03-20 13:00:00,245.33
2012-03-20 14:00:00,223.64
2012-03-20 15:00:00,259.84
2012-03-20 16:00:00,350.49
2012-03-20 17:00:00,613.28
2012-03-20 18:00:00,658.91
2012-03-20 19:00:00,464.1
2012-03-20 20:00:00,367.89
2012-03-20 21:00:00,235.53
2012-03-20 22:00:00,174.59
2012-03-20 23:00:00,92.3
2012-03-21 00:00:00,37.34
2012-03-21 01:00:00,17.91
2012-03-21 02:00:00,5.4
2012-03-21 03:00:00,3.94
2012-03-21 04:00:00,3.99
2012-03-21 05:00:00,23.27
2012-03-21 06:00:00,121.48
2012-03-21 07:00:00,236.24
2012-03-21 08:00:00,457.7
2012-03-21 09:00:00,327.26
2012-03-21 10:00:00,150.41
2012-03-21 11:00:00,147.04
2012-03-21 12:00:00,238.96
2012-03-21 13:00:00,230.1
2012-03-21 14:00:00,228.68
2012-03-21 15:00:00,230.51
2012-03-21 16:00:00,352.54
2012-03-21 17:00:00,688.29
2012-03-21 18:00:00,672.47
2012-03-21 19:00:00,514.9
2012-03-21 20:00:00,338.79
2012-03-21 21:00:00,246.25
2012-03-21 22:00:00,183.31
2012-03-21 23:00:00,117.29
2012-03-22 00:00:00,51.13
2012-03-22 01:00:00,21.39
2012-03-22 02:00:00,5.92
2012-03-22 03:00:00,5.24
2012-03-22 04:00:00,4.07
2012-03-22 05:00:00,19.11
2012-03-22 06:00:00,123.52
2012-03-22 07:00:00,317.96
2012-03-22 08:00:00,547.23
2012-03-22 09:00:00,316.08
2012-03-22 10:00:00,167.06
2012-03-22 11:00:00,153.91
2012-03-22 12:00:00,215.2
2012-03-22 13:00:00,248.7
2012-03-22 14:00:00,242.01
2012-03-22 15:00:00,259.79
2012-03-22 16:00:00,377.45
2012-03-22 17:00:00,698.16
2012-03-22 18:00:00,705.95
2012-03-22 19:00:00,512.29
2012-03-22 20:00:00,386.34
2012-03-22 21:00:00,255.06
2012-03-22 22:00:00,198.82
2012-03-22 23:00:00,143.01
2012-03-23 00:00:00,55.23
2012-03-23 01:00:00,32.82
2012-03-23 02:00:00,8.19
2012-03-23 03:00:00,6.45
2012-03-23 04:00:00,4.97
2012-03-23 05:00:00,19.89
2012-03-23 06:00:00,117.03
2012-03-23 07:00:00,320.5
2012-03-23 08:00:00,538.52
2012-03-23 09:00:00,327.23
2012-03-23 10:00:00,224.92
2012-03-23 11:00:00,257.99
2012-03-23 12:00:00,334.63
2012-03-23 13:00:00,353.94
2012-03-23 14:00:00,368.8
2012-03-23 15:00:00,378.05
2012-03-23 16:00:00,495.47
2012-03-23 17:00:00,746.6
2012-03-23 18:00:00,709.4
2012-03-23 19:00:00,475.92
2012-03-23 20:00:00,340.46
2012-03-23 21:00:00,272.26
2012-03-23 22:00:00,250.83
2012-03-23 23:00:00,188.12
2012-03-24 00:00:00,107.47
2012-03-24 01:00:00,101.86
2012-03-24 02:00:00,68.82
2012-03-24 03:00:00,29.53
2012-03-24 04:00:00,14.45
2012-03-24 05:00:00,12.66
2012-03-24 06:00:00,40.24
2012-03-24 07:00:00,119.16
2012-03-24 08:00:00,203.23
2012-03-24 09:00:00,287.27
2012-03-24 10:00:00,366.14
2012-03-24 11:00:00,429.06
2012-03-24 12:00:00,412.75
2012-03-24 13:00:00,402.84
2012-03-24 14:00:00,401.16
2012-03-24 15:00:00,431.22
2012-03-24 16:00:00,329.87
2012-03-24 17:00:00,211.25
2012-03-24 18:00:00,261.55
2012-03-24 19:00:00,227.05
2012-03-24 20:00:00,186.05
2012-03-24 21:00:00,136.27
2012-03-24 22:00:00,92.52
2012-03-24 23:00:00,96.91
2012-03-25 00:00:00,87.31
2012-03-25 01:00:00,74.09
2012-03-25 02:00:00,51.04
2012-03-25 03:00:00,22.69
2012-03-25 04:00:00,9.44
2012-03-25 05:00:00,8.93
2012-03-25 06:00:00,27.3
2012-03-25 07:00:00,66.9
2012-03-25 08:00:00,153.96
2012-03-25 09:00:00,206.77
2012-03-25 10:00:00,275.17
2012-03-25 11:00:00,291.74
2012-03-25 12:00:00,328.66
2012-03-25 13:00:00,338.26
2012-03-25 14:00:00,347.11
2012-03-25 15:00:00,346.07
2012-03-25 16:00:00,447.65
2012-03-25 17:00:00,413.37
2012-03-25 18:00:00,404.3
2012-03-25 19:00:00,312.54
2012-03-25 20:00:00,221.91
2012-03-25 21:00:00,170.54
2012-03-25 22:00:00,117.16
2012-03-25 23:00:00,69.75
2012-03-26 00:00:00,26.71
2012-03-26 01:00:00,12.22
2012-03-26 02:00:00,6.83
2012-03-26 03:00:00,3.45
2012-03-26 04:00:00,3.38
2012-03-26 05:00:00,24.29
2012-03-26 06:00:00,116.78
2012-03-26 07:00:00,379.3
2012-03-26 08:00:00,611.51
2012-03-26 09:00:00,298.91
2012-03-26 10:00:00,175.13
2012-03-26 11:00:00,231.52
2012-03-26 12:00:00,254.63
2012-03-26 13:00:00,249.11
2012-03-26 14:00:00,256.91
2012-03-26 15:00:00,247.13
2012-03-26 16:00:00,359.93
2012-03-26 17:00:00,617.08
2012-03-26 18:00:00,546.31
2012-03-26 19:00:00,373.16
2012-03-26 20:00:00,243.72
2012-03-26 21:00:00,182.65
2012-03-26 22:00:00,110.97
2012-03-26 23:00:00,69.2
2012-03-27 00:00:00,37.15
2012-03-27 01:00:00,7.9
2012-03-27 02:00:00,5.14
2012-03-27 03:00:00,3.33
2012-03-27 04:00:00,2.62
2012-03-27 05:00:00,25.89
2012-03-27 06:00:00,94.88
2012-03-27 07:00:00,301.76
2012-03-27 08:00:00,530.78
2012-03-27 09:00:00,285.24
2012-03-27 10:00:00,173.34
2012-03-27 11:00:00,179.49
2012-03-27 12:00:00,192.69
2012-03-27 13:00:00,197.88
2012-03-27 14:00:00,187.69
2012-03-27 15:00:00,205.43
2012-03-27 16:00:00,329.3
2012-03-27 17:00:00,536.12
2012-03-27 18:00:00,520.0
2012-03-27 19:00:00,377.47
2012-03-27 20:00:00,271.83
2012-03-27 21:00:00,176.23
2012-03-27 22:00:00,124.81
2012-03-27 23:00:00,82.08
2012-03-28 00:00:00,26.32
2012-03-28 01:00:00,9.91
2012-03-28 02:00:00,5.29
2012-03-28 03:00:00,3.43
2012-03-28 04:00:00,2.52
2012-03-28 05:00:00,26.94
2012-03-28 06:00:00,111.81
2012-03-28 07:00:00,332.5
2012-03-28 08:00:00,610.37
2012-03-28 09:00:00,293.96
2012-03-28 10:00:00,189.39
2012-03-28 11:00:00,223.06
2012-03-28 12:00:00,246.77
2012-03-28 13:00:00,243.87
2012-03-28 14:00:00,241.9
2012-03-28 15:00:00,253.32
2012-03-28 16:00:00,330.75
2012-03-28 17:00:00,727.44
2012-03-28 18:00:00,733.41
2012-03-28 19:00:00,505.88
2012-03-28 20:00:00,383.74
2012-03-28 21:00:00,273.83
2012-03-28 22:00:00,191.52
2012-03-28 23:00:00,117.87
2012-03-29 00:00:00,51.93
2012-03-29 01:00:00,21.05
2012-03-29 02:00:00,10.97
2012-03-29 03:00:00,6.35
2012-03-29 04:00:00,6.6
2012-03-29 05:00:00,27.82
2012-03-29 06:00:00,123.34
2012-03-29 07:00:00,374.6
2012-03-29 08:00:00,612.58
2012-03-29 09:00:00,309.62
2012-03-29 10:00:00,185.1
2012-03-29 11:00:00,219.42
2012-03-29 12:00:00,240.3
2012-03-29 13:00:00,233.21
2012-03-29 14:00:00,229.14
2012-03-29 15:00:00,230.18
2012-03-29 16:00:00,386.29
2012-03-29 17:00:00,610.69
2012-03-29 18:00:00,602.04
2012-03-29 19:00:00,415.65
2012-03-29 20:00:00,288.43
2012-03-29 21:00:00,198.35
2012-03-29 22:00:00,135.19
2012-03-29 23:00:00,92.08
2012-03-30 00:00:00,48.51
2012-03-30 01:00:00,26.5
2012-03-30 02:00:00,8.32
2012-03-30 03:00:00,4.05
2012-03-30 04:00:00,5.15
2012-03-30 05:00:00,25.12
2012-03-30 06:00:00,90.31
2012-03-30 07:00:00,300.29
2012-03-30 08:00:00,576.67
2012-03-30 09:00:00,299.0
2012-03-30 10:00:00,173.99
2012-03-30 11:00:00,197.56
2012-03-30 12:00:00,221.89
2012-03-30 13:00:00,194.99
2012-03-30 14:00:00,184.56
2012-03-30 15:00:00,181.66
2012-03-30 16:00:00,215.27
2012-03-30 17:00:00,467.24
2012-03-30 18:00:00,486.35
2012-03-30 19:00:00,342.73
2012-03-30 20:00:00,212.19
2012-03-30 21:00:00,162.11
2012-03-30 22:00:00,143.48
2012-03-30 23:00:00,107.98
2012-03-31 00:00:00,79.16
2012-03-31 01:00:00,70.57
2012-03-31 02:00:00,56.49
2012-03-31 03:00:00,25.51
2012-03-31 04:00:00,9.28
2012-03-31 05:00:00,8.64
2012-03-31 06:00:00,43.23
2012-03-31 07:00:00,59.42
2012-03-31 08:00:00,156.7
2012-03-31 09:00:00,235.29
2012-03-31 10:00:00,290.02
2012-03-31 11:00:00,426.62
2012-03-31 12:00:00,558.9
2012-03-31 13:00:00,606.85
2012-03-31 14:00:00,555.68
2012-03-31 15:00:00,550.04
2012-03-31 16:00:00,546.49
2012-03-31 17:00:00,469.17
2012-03-31 18:00:00,390.97
2012-03-31 19:00:00,287.41
2012-03-31 20:00:00,180.18
2012-03-31 21:00:00,152.3
2012-03-31 22:00:00,138.07
2012-03-31 23:00:00,84.99
2012-04-20 00:00:00,52.18
2012-04-20 01:00:00,35.62
2012-04-20 02:00:00,8.15
2012-04-20 03:00:00,5.66
2012-04-20 04:00:00,4.35
2012-04-20 05:00:00,20.52
2012-04-20 06:00:00,115.78
2012-04-20 07:00:00,353.8
2012-04-20 08:00:00,610.42
2012-04-20 09:00:00,317.58
2012-04-20 10:00:00,230.16
2012-04-20 11:00:00,269.63
2012-04-20 12:00:00,367.41
2012-04-20 13:00:00,383.25
2012-04-20 14:00:00,379.64
2012-04-20 15:00:00,397.17
2012-04-20 16:00:00,523.89
2012-04-20 17:00:00,716.48
2012-04-20 18:00:00,675.29
2012-04-20 19:00:00,480.36
2012-04-20 20:00:00,330.28
2012-04-20 21:00:00,247.68
2012-04-20 22:00:00,178.09
2012-04-20 23:00:00,179.32
2012-04-21 00:00:00,103.47
2012-04-21 01:00:00,100.7175
2012-04-21 02:00:00,70.13
2012-04-21 03:00:00,31.92
2012-04-21 04:00:00,15.62
2012-04-21 05:00:00,16.5
2012-04-21 06:00:00,48.87
2012-04-21 07:00:00,101.75
2012-04-21 08:00:00,187.29
2012-04-21 09:00:00,294.26
2012-04-21 10:00:00,458.36
2012-04-21 11:00:00,518.46
2012-04-21 12:00:00,613.72
2012-04-21 13:00:00,631.62
2012-04-21 14:00:00,600.53
2012-04-21 15:00:00,607.22
2012-04-21 16:00:00,596.28
2012-04-21 17:00:00,552.66
2012-04-21 18:00:00,505.8
2012-04-21 19:00:00,334.71
2012-04-21 20:00:00,143.94
2012-04-21 21:00:00,101.01
2012-04-21 22:00:00,153.69
2012-04-21 23:00:00,129.73
2012-04-22 00:00:00,99.19
2012-04-22 01:00:00,97.29
2012-04-22 02:00:00,67.86
2012-04-22 03:00:00,24.42
2012-04-22 04:00:00,12.35
2012-04-22 05:00:00,11.04
2012-04-22 06:00:00,42.46
2012-04-22 07:00:00,60.95
2012-04-22 08:00:00,114.63
2012-04-22 09:00:00,193.87
2012-04-22 10:00:00,266.16
2012-04-22 11:00:00,254.66
2012-04-22 12:00:00,269.01
2012-04-22 13:00:00,317.95
2012-04-22 14:00:00,246.3
2012-04-22 15:00:00,258.3
2012-04-22 16:00:00,247.31
2012-04-22 17:00:00,199.2
2012-04-22 18:00:00,179.82
2012-04-22 19:00:00,156.01
2012-04-22 20:00:00,117.83
2012-04-22 21:00:00,105.15
2012-04-22 22:00:00,77.79
2012-04-22 23:00:00,59.85
2012-04-23 00:00:00,22.37
2012-04-23 01:00:00,9.85
2012-04-23 02:00:00,4.78
2012-04-23 03:00:00,3.04
2012-04-23 04:00:00,2.42
2012-04-23 05:00:00,23.19
2012-04-23 06:00:00,90.77
2012-04-23 07:00:00,278.68
2012-04-23 08:00:00,561.18
2012-04-23 09:00:00,283.87
2012-04-23 10:00:00,159.71
2012-04-23 11:00:00,160.95
2012-04-23 12:00:00,165.26
2012-04-23 13:00:00,169.03
2012-04-23 14:00:00,167.55
2012-04-23 15:00:00,179.88
2012-04-23 16:00:00,244.32
2012-04-23 17:00:00,390.13
2012-04-23 18:00:00,392.54
2012-04-23 19:00:00,355.27
2012-04-23 20:00:00,250.6
2012-04-23 21:00:00,156.38
2012-04-23 22:00:00,117.86
2012-04-23 23:00:00,78.32
2012-04-24 00:00:00,24.25
2012-04-24 01:00:00,10.64
2012-04-24 02:00:00,3.96
2012-04-24 03:00:00,2.89
2012-04-24 04:00:00,1.85
2012-04-24 05:00:00,24.64
2012-04-24 06:00:00,101.01
2012-04-24 07:00:00,334.2
2012-04-24 08:00:00,640.58
2012-04-24 09:00:00,310.22
2012-04-24 10:00:00,191.68
2012-04-24 11:00:00,232.03
2012-04-24 12:00:00,261.32
2012-04-24 13:00:00,261.08
2012-04-24 14:00:00,245.03
2012-04-24 15:00:00,236.14
2012-04-24 16:00:00,403.69
2012-04-24 17:00:00,679.73
2012-04-24 18:00:00,663.68
2012-04-24 19:00:00,478.09
2012-04-24 20:00:00,301.22
2012-04-24 21:00:00,245.95
2012-04-24 22:00:00,154.47
2012-04-24 23:00:00,107.4
2012-04-25 00:00:00,35.95
2012-04-25 01:00:00,10.77
2012-04-25 02:00:00,5.82
2012-04-25 03:00:00,2.06
2012-04-25 04:00:00,2.03
2012-04-25 05:00:00,26.66
2012-04-25 06:00:00,103.54
2012-04-25 07:00:00,379.85
2012-04-25 08:00:00,606.45
2012-04-25 09:00:00,332.21
2012-04-25 10:00:00,193.86
2012-04-25 11:00:00,240.49
2012-04-25 12:00:00,259.94
2012-04-25 13:00:00,268.21
2012-04-25 14:00:00,244.51
2012-04-25 15:00:00,299.55
2012-04-25 16:00:00,410.16
2012-04-25 17:00:00,737.85
2012-04-25 18:00:00,737.08
2012-04-25 19:00:00,517.07
2012-04-25 20:00:00,373.36
2012-04-25 21:00:00,263.83
2012-04-25 22:00:00,194.58
2012-04-25 23:00:00,115.32
2012-04-26 00:00:00,45.35
2012-04-26 01:00:00,17.76
2012-04-26 02:00:00,8.62
2012-04-26 03:00:00,4.9
2012-04-26 04:00:00,4.96
2012-04-26 05:00:00,27.13
2012-04-26 06:00:00,131.31
2012-04-26 07:00:00,359.6
2012-04-26 08:00:00,554.06
2012-04-26 09:00:00,240.42
2012-04-26 10:00:00,166.83
2012-04-26 11:00:00,163.38
2012-04-26 12:00:00,244.34
2012-04-26 13:00:00,230.58
2012-04-26 14:00:00,224.85
2012-04-26 15:00:00,215.63
2012-04-26 16:00:00,278.24
2012-04-26 17:00:00,509.15
2012-04-26 18:00:00,509.81
2012-04-26 19:00:00,365.71
2012-04-26 20:00:00,343.56
2012-04-26 21:00:00,237.92
2012-04-26 22:00:00,203.38
2012-04-26 23:00:00,138.26
2012-04-27 00:00:00,55.23
2012-04-27 01:00:00,34.46
2012-04-27 02:00:00,11.65
2012-04-27 03:00:00,7.06
2012-04-27 04:00:00,4.81
2012-04-27 05:00:00,26.94
2012-04-27 06:00:00,108.84
2012-04-27 07:00:00,353.9
2012-04-27 08:00:00,620.21
2012-04-27 09:00:00,321.29
2012-04-27 10:00:00,245.04
2012-04-27 11:00:00,265.19
2012-04-27 12:00:00,361.59
2012-04-27 13:00:00,365.5
2012-04-27 14:00:00,367.53
2012-04-27 15:00:00,424.44
2012-04-27 16:00:00,479.71
2012-04-27 17:00:00,657.92
2012-04-27 18:00:00,612.61
2012-04-27 19:00:00,449.32
2012-04-27 20:00:00,276.32
2012-04-27 21:00:00,190.99
2012-04-27 22:00:00,153.73
2012-04-27 23:00:00,121.21
2012-04-28 00:00:00,80.12
2012-04-28 01:00:00,65.52
2012-04-28 02:00:00,57.78
2012-04-28 03:00:00,26.58
2012-04-28 04:00:00,10.32
2012-04-28 05:00:00,8.64
2012-04-28 06:00:00,49.1
2012-04-28 07:00:00,73.7
2012-04-28 08:00:00,178.51
2012-04-28 09:00:00,270.23
2012-04-28 10:00:00,314.49
2012-04-28 11:00:00,408.9
2012-04-28 12:00:00,438.71
2012-04-28 13:00:00,484.72
2012-04-28 14:00:00,517.0
2012-04-28 15:00:00,488.5
2012-04-28 16:00:00,487.45
2012-04-28 17:00:00,433.29
2012-04-28 18:00:00,347.08
2012-04-28 19:00:00,264.82
2012-04-28 20:00:00,196.23
2012-04-28 21:00:00,150.6
2012-04-28 22:00:00,156.74
2012-04-28 23:00:00,135.66
2012-04-29 00:00:00,41.97
2012-04-29 01:00:00,71.35
2012-04-29 02:00:00,65.46
2012-04-29 03:00:00,25.98
2012-04-29 04:00:00,11.43
2012-04-29 05:00:00,11.05
2012-04-29 06:00:00,53.49
2012-04-29 07:00:00,43.59
2012-04-29 08:00:00,127.09
2012-04-29 09:00:00,251.2
2012-04-29 10:00:00,331.85
2012-04-29 11:00:00,468.06
2012-04-29 12:00:00,574.62
2012-04-29 13:00:00,589.66
2012-04-29 14:00:00,609.5
2012-04-29 15:00:00,602.47
2012-04-29 16:00:00,550.76
2012-04-29 17:00:00,420.2
2012-04-29 18:00:00,414.92
2012-04-29 19:00:00,381.12
2012-04-29 20:00:00,313.59
2012-04-29 21:00:00,174.88
2012-04-29 22:00:00,151.81
2012-04-29 23:00:00,87.74
2012-04-30 00:00:00,30.31
2012-04-30 01:00:00,10.46
2012-04-30 02:00:00,6.94
2012-04-30 03:00:00,3.51
2012-04-30 04:00:00,2.58
2012-04-30 05:00:00,25.58
2012-04-30 06:00:00,120.53
2012-04-30 07:00:00,374.67
2012-04-30 08:00:00,627.26
2012-04-30 09:00:00,304.26
2012-04-30 10:00:00,201.27
2012-04-30 11:00:00,194.53
2012-04-30 12:00:00,214.83
2012-04-30 13:00:00,259.88
2012-04-30 14:00:00,256.59
2012-04-30 15:00:00,256.03
2012-04-30 16:00:00,373.5
2012-04-30 17:00:00,737.19
2012-04-30 18:00:00,725.03
2012-04-30 19:00:00,495.54
2012-04-30 20:00:00,308.37
2012-04-30 21:00:00,222.64
2012-04-30 22:00:00,162.54
2012-04-30 23:00:00,94.42
2012-05-20 00:00:00,158.8
2012-05-20 01:00:00,107.62983333333334
2012-05-20 02:00:00,85.38
2012-05-20 03:00:00,32.28
2012-05-20 04:00:00,13.71
2012-05-20 05:00:00,13.21
2012-05-20 06:00:00,25.89
2012-05-20 07:00:00,61.67
2012-05-20 08:00:00,146.78
2012-05-20 09:00:00,282.52
2012-05-20 10:00:00,438.07
2012-05-20 11:00:00,568.32
2012-05-20 12:00:00,650.1
2012-05-20 13:00:00,656.51
2012-05-20 14:00:00,608.59
2012-05-20 15:00:00,580.9
2012-05-20 16:00:00,576.89
2012-05-20 17:00:00,535.55
2012-05-20 18:00:00,489.16
2012-05-20 19:00:00,362.13
2012-05-20 20:00:00,307.08
2012-05-20 21:00:00,238.27
2012-05-20 22:00:00,156.34
2012-05-20 23:00:00,83.41
2012-05-21 00:00:00,33.39
2012-05-21 01:00:00,15.79
2012-05-21 02:00:00,8.27
2012-05-21 03:00:00,3.93
2012-05-21 04:00:00,4.84
2012-05-21 05:00:00,22.94
2012-05-21 06:00:00,81.15
2012-05-21 07:00:00,201.59
2012-05-21 08:00:00,262.89
2012-05-21 09:00:00,132.9
2012-05-21 10:00:00,80.0
2012-05-21 11:00:00,133.42
2012-05-21 12:00:00,198.32
2012-05-21 13:00:00,100.52
2012-05-21 14:00:00,94.18
2012-05-21 15:00:00,220.07
2012-05-21 16:00:00,357.92
2012-05-21 17:00:00,665.89
2012-05-21 18:00:00,598.86
2012-05-21 19:00:00,515.52
2012-05-21 20:00:00,386.0
2012-05-21 21:00:00,276.6
2012-05-21 22:00:00,155.57
2012-05-21 23:00:00,98.9
2012-05-22 00:00:00,39.87
2012-05-22 01:00:00,17.11
2012-05-22 02:00:00,7.82
2012-05-22 03:00:00,5.84
2012-05-22 04:00:00,4.71
2012-05-22 05:00:00,22.41
2012-05-22 06:00:00,90.51
2012-05-22 07:00:00,196.47
2012-05-22 08:00:00,536.24
2012-05-22 09:00:00,320.94
2012-05-22 10:00:00,177.49
2012-05-22 11:00:00,204.09
2012-05-22 12:00:00,209.92
2012-05-22 13:00:00,230.54
2012-05-22 14:00:00,220.21
2012-05-22 15:00:00,266.72
2012-05-22 16:00:00,403.83
2012-05-22 17:00:00,723.87
2012-05-22 18:00:00,721.41
2012-05-22 19:00:00,503.5
2012-05-22 20:00:00,392.08
2012-05-22 21:00:00,278.82
2012-05-22 22:00:00,198.58
2012-05-22 23:00:00,107.22
2012-05-23 00:00:00,45.0
2012-05-23 01:00:00,17.16
2012-05-23 02:00:00,8.67
2012-05-23 03:00:00,6.26
2012-05-23 04:00:00,5.19
2012-05-23 05:00:00,22.75
2012-05-23 06:00:00,145.9
2012-05-23 07:00:00,430.53
2012-05-23 08:00:00,631.6
2012-05-23 09:00:00,327.56
2012-05-23 10:00:00,184.52
2012-05-23 11:00:00,217.84
2012-05-23 12:00:00,277.67
2012-05-23 13:00:00,243.51
2012-05-23 14:00:00,270.92
2012-05-23 15:00:00,281.01
2012-05-23 16:00:00,357.04
2012-05-23 17:00:00,616.98
2012-05-23 18:00:00,620.35
2012-05-23 19:00:00,352.77
2012-05-23 20:00:00,293.55
2012-05-23 21:00:00,216.7
2012-05-23 22:00:00,187.77
2012-05-23 23:00:00,122.4
2012-05-24 00:00:00,70.88
2012-05-24 01:00:00,22.1
2012-05-24 02:00:00,11.75
2012-05-24 03:00:00,5.97
2012-05-24 04:00:00,4.54
2012-05-24 05:00:00,24.29
2012-05-24 06:00:00,137.88
2012-05-24 07:00:00,433.73
2012-05-24 08:00:00,664.0
2012-05-24 09:00:00,324.59
2012-05-24 10:00:00,182.09
2012-05-24 11:00:00,234.82
2012-05-24 12:00:00,302.53
2012-05-24 13:00:00,294.76
2012-05-24 14:00:00,267.01
2012-05-24 15:00:00,272.29
2012-05-24 16:00:00,386.14
2012-05-24 17:00:00,752.83
2012-05-24 18:00:00,746.78
2012-05-24 19:00:00,557.26
2012-05-24 20:00:00,383.58
2012-05-24 21:00:00,113.19
2012-05-24 22:00:00,190.54
2012-05-24 23:00:00,123.51
2012-05-25 00:00:00,77.05
2012-05-25 01:00:00,43.38
2012-05-25 02:00:00,10.54
2012-05-25 03:00:00,7.82
2012-05-25 04:00:00,7.5
2012-05-25 05:00:00,26.56
2012-05-25 06:00:00,136.34
2012-05-25 07:00:00,384.37
2012-05-25 08:00:00,610.97
2012-05-25 09:00:00,322.09
2012-05-25 10:00:00,230.11
2012-05-25 11:00:00,248.16
2012-05-25 12:00:00,335.3
2012-05-25 13:00:00,337.37
2012-05-25 14:00:00,326.09
2012-05-25 15:00:00,313.32
2012-05-25 16:00:00,497.38
2012-05-25 17:00:00,676.84
2012-05-25 18:00:00,661.71
2012-05-25 19:00:00,499.4
2012-05-25 20:00:00,353.52
2012-05-25 21:00:00,274.36
2012-05-25 22:00:00,283.9
2012-05-25 23:00:00,203.62
2012-05-26 00:00:00,150.61
2012-05-26 01:00:00,111.38
2012-05-26 02:00:00,70.68
2012-05-26 03:00:00,28.91
2012-05-26 04:00:00,11.14
2012-05-26 05:00:00,15.08
2012-05-26 06:00:00,42.29
2012-05-26 07:00:00,75.57
2012-05-26 08:00:00,169.86
2012-05-26 09:00:00,278.84
2012-05-26 10:00:00,425.95
2012-05-26 11:00:00,470.49
2012-05-26 12:00:00,503.99
2012-05-26 13:00:00,527.74
2012-05-26 14:00:00,522.65
2012-05-26 15:00:00,510.4
2012-05-26 16:00:00,522.55
2012-05-26 17:00:00,498.45
2012-05-26 18:00:00,491.23
2012-05-26 19:00:00,384.12
2012-05-26 20:00:00,324.82
2012-05-26 21:00:00,256.68
2012-05-26 22:00:00,253.46
2012-05-26 23:00:00,201.97
2012-05-27 00:00:00,145.24
2012-05-27 01:00:00,112.48
2012-05-27 02:00:00,79.82
2012-05-27 03:00:00,35.76
2012-05-27 04:00:00,12.16
2012-05-27 05:00:00,13.97
2012-05-27 06:00:00,25.66
2012-05-27 07:00:00,53.6
2012-05-27 08:00:00,138.96
2012-05-27 09:00:00,274.55
2012-05-27 10:00:00,399.26
2012-05-27 11:00:00,468.65
2012-05-27 12:00:00,478.48
2012-05-27 13:00:00,520.81
2012-05-27 14:00:00,519.09
2012-05-27 15:00:00,506.97
2012-05-27 16:00:00,510.01
2012-05-27 17:00:00,486.97
2012-05-27 18:00:00,476.99
2012-05-27 19:00:00,340.93
2012-05-27 20:00:00,318.44
2012-05-27 21:00:00,194.21
2012-05-27 22:00:00,133.16
2012-05-27 23:00:00,83.04
2012-05-28 00:00:00,80.69
2012-05-28 01:00:00,51.03
2012-05-28 02:00:00,40.13
2012-05-28 03:00:00,23.52
2012-05-28 04:00:00,16.66
2012-05-28 05:00:00,29.86
2012-05-28 06:00:00,94.26
2012-05-28 07:00:00,269.57
2012-05-28 08:00:00,238.65
2012-05-28 09:00:00,292.1
2012-05-28 10:00:00,286.44
2012-05-28 11:00:00,313.85
2012-05-28 12:00:00,353.83
2012-05-28 13:00:00,381.7
2012-05-28 14:00:00,379.8
2012-05-28 15:00:00,374.35
2012-05-28 16:00:00,380.15
2012-05-28 17:00:00,490.47
2012-05-28 18:00:00,451.57
2012-05-28 19:00:00,413.68
2012-05-28 20:00:00,374.77
2012-05-28 21:00:00,311.83
2012-05-28 22:00:00,223.59
2012-05-28 23:00:00,130.96
2012-05-29 00:00:00,47.33
2012-05-29 01:00:00,18.25
2012-05-29 02:00:00,10.86
2012-05-29 03:00:00,5.42
2012-05-29 04:00:00,5.79
2012-05-29 05:00:00,27.17
2012-05-29 06:00:00,160.75
2012-05-29 07:00:00,444.39
2012-05-29 08:00:00,639.28
2012-05-29 09:00:00,330.4
2012-05-29 10:00:00,173.64
2012-05-29 11:00:00,222.98
2012-05-29 12:00:00,273.51
2012-05-29 13:00:00,268.06
2012-05-29 14:00:00,264.97
2012-05-29 15:00:00,273.02
2012-05-29 16:00:00,364.71
2012-05-29 17:00:00,751.93
2012-05-29 18:00:00,758.64
2012-05-29 19:00:00,563.4
2012-05-29 20:00:00,354.06
2012-05-29 21:00:00,111.83
2012-05-29 22:00:00,172.29
2012-05-29 23:00:00,90.25
2012-05-30 00:00:00,41.77
2012-05-30 01:00:00,15.52
2012-05-30 02:00:00,7.01
2012-05-30 03:00:00,5.15
2012-05-30 04:00:00,5.15
2012-05-30 05:00:00,28.24
2012-05-30 06:00:00,150.74
2012-05-30 07:00:00,285.45
2012-05-30 08:00:00,650.33
2012-05-30 09:00:00,335.91
2012-05-30 10:00:00,168.11
2012-05-30 11:00:00,223.98
2012-05-30 12:00:00,313.43
2012-05-30 13:00:00,309.68
2012-05-30 14:00:00,281.87
2012-05-30 15:00:00,273.36
2012-05-30 16:00:00,368.51
2012-05-30 17:00:00,805.77
2012-05-30 18:00:00,820.42
2012-05-30 19:00:00,528.92
2012-05-30 20:00:00,337.07
2012-05-30 21:00:00,320.63
2012-05-30 22:00:00,277.22
2012-05-30 23:00:00,139.31
2012-05-31 00:00:00,73.28
2012-05-31 01:00:00,22.98
2012-05-31 02:00:00,11.91
2012-05-31 03:00:00,7.02
2012-05-31 04:00:00,6.45
2012-05-31 05:00:00,29.05
2012-05-31 06:00:00,159.18
2012-05-31 07:00:00,463.77
2012-05-31 08:00:00,664.85
2012-05-31 09:00:00,314.59
2012-05-31 10:00:00,189.36
2012-05-31 11:00:00,251.79
2012-05-31 12:00:00,314.56
2012-05-31 13:00:00,308.55
2012-05-31 14:00:00,281.78
2012-05-31 15:00:00,285.71
2012-05-31 16:00:00,402.26
2012-05-31 17:00:00,820.17
2012-05-31 18:00:00,802.84
2012-05-31 19:00:00,532.41
2012-05-31 20:00:00,395.92
2012-05-31 21:00:00,314.88
2012-05-31 22:00:00,287.66
2012-05-31 23:00:00,179.1
2012-06-20 00:00:00,48.22
2012-06-20 01:00:00,17.58
2012-06-20 02:00:00,6.46
2012-06-20 03:00:00,7.26
2012-06-20 04:00:00,7.51
2012-06-20 05:00:00,39.23
2012-06-20 06:00:00,155.89
2012-06-20 07:00:00,409.88
2012-06-20 08:00:00,675.54
2012-06-20 09:00:00,344.32
2012-06-20 10:00:00,176.75
2012-06-20 11:00:00,213.23
2012-06-20 12:00:00,253.31
2012-06-20 13:00:00,252.32
2012-06-20 14:00:00,238.26
2012-06-20 15:00:00,254.31
2012-06-20 16:00:00,417.43
2012-06-20 17:00:00,734.59
2012-06-20 18:00:00,721.38
2012-06-20 19:00:00,560.8
2012-06-20 20:00:00,462.53
2012-06-20 21:00:00,397.04
2012-06-20 22:00:00,273.03
2012-06-20 23:00:00,139.15
2012-06-21 00:00:00,68.41
2012-06-21 01:00:00,25.6
2012-06-21 02:00:00,11.7
2012-06-21 03:00:00,7.63
2012-06-21 04:00:00,7.26
2012-06-21 05:00:00,37.59
2012-06-21 06:00:00,166.7
2012-06-21 07:00:00,415.37
2012-06-21 08:00:00,686.35
2012-06-21 09:00:00,300.97
2012-06-21 10:00:00,184.72
2012-06-21 11:00:00,215.08
2012-06-21 12:00:00,279.77
2012-06-21 13:00:00,276.72
2012-06-21 14:00:00,240.13
2012-06-21 15:00:00,255.11
2012-06-21 16:00:00,419.99
2012-06-21 17:00:00,715.17
2012-06-21 18:00:00,724.02
2012-06-21 19:00:00,552.62
2012-06-21 20:00:00,488.76
2012-06-21 21:00:00,343.19
2012-06-21 22:00:00,280.02
2012-06-21 23:00:00,150.01
2012-06-22 00:00:00,75.7
2012-06-22 01:00:00,39.99
2012-06-22 02:00:00,16.94
2012-06-22 03:00:00,9.06
2012-06-22 04:00:00,7.7
2012-06-22 05:00:00,36.75
2012-06-22 06:00:00,151.85
2012-06-22 07:00:00,410.49
2012-06-22 08:00:00,667.85
2012-06-22 09:00:00,362.05
2012-06-22 10:00:00,245.97
2012-06-22 11:00:00,266.95
2012-06-22 12:00:00,321.7
2012-06-22 13:00:00,309.79
2012-06-22 14:00:00,299.2
2012-06-22 15:00:00,287.24
2012-06-22 16:00:00,444.8
2012-06-22 17:00:00,789.12
2012-06-22 18:00:00,701.9
2012-06-22 19:00:00,501.27
2012-06-22 20:00:00,367.41
2012-06-22 21:00:00,188.98
2012-06-22 22:00:00,258.32
2012-06-22 23:00:00,173.34
2012-06-23 00:00:00,169.05
2012-06-23 01:00:00,110.9
2012-06-23 02:00:00,80.87
2012-06-23 03:00:00,27.45
2012-06-23 04:00:00,11.76
2012-06-23 05:00:00,12.06
2012-06-23 06:00:00,36.39
2012-06-23 07:00:00,69.24
2012-06-23 08:00:00,184.1
2012-06-23 09:00:00,279.38
2012-06-23 10:00:00,422.56
2012-06-23 11:00:00,516.67
2012-06-23 12:00:00,548.34
2012-06-23 13:00:00,576.37
2012-06-23 14:00:00,599.1
2012-06-23 15:00:00,534.64
2012-06-23 16:00:00,526.27
2012-06-23 17:00:00,459.09
2012-06-23 18:00:00,435.59
2012-06-23 19:00:00,362.18
2012-06-23 20:00:00,363.85
2012-06-23 21:00:00,261.92
2012-06-23 22:00:00,272.46
2012-06-23 23:00:00,211.2
2012-06-24 00:00:00,180.23
2012-06-24 01:00:00,131.36
2012-06-24 02:00:00,102.28
2012-06-24 03:00:00,33.14
2012-06-24 04:00:00,13.6
2012-06-24 05:00:00,14.3
2012-06-24 06:00:00,24.71
2012-06-24 07:00:00,58.41
2012-06-24 08:00:00,160.12
2012-06-24 09:00:00,246.33
2012-06-24 10:00:00,398.86
2012-06-24 11:00:00,495.25
2012-06-24 12:00:00,541.13
2012-06-24 13:00:00,552.39
2012-06-24 14:00:00,496.45
2012-06-24 15:00:00,487.83
2012-06-24 16:00:00,486.84
2012-06-24 17:00:00,488.42
2012-06-24 18:00:00,485.28
2012-06-24 19:00:00,384.02
2012-06-24 20:00:00,352.51
2012-06-24 21:00:00,242.76
2012-06-24 22:00:00,174.16
2012-06-24 23:00:00,106.24
2012-06-25 00:00:00,45.85
2012-06-25 01:00:00,16.29
2012-06-25 02:00:00,10.66
2012-06-25 03:00:00,9.29
2012-06-25 04:00:00,8.6
2012-06-25 05:00:00,39.42
2012-06-25 06:00:00,153.67
2012-06-25 07:00:00,468.22
2012-06-25 08:00:00,637.04
2012-06-25 09:00:00,332.39
2012-06-25 10:00:00,167.41
2012-06-25 11:00:00,216.99
2012-06-25 12:00:00,279.25
2012-06-25 13:00:00,273.86
2012-06-25 14:00:00,256.56
2012-06-25 15:00:00,277.66
2012-06-25 16:00:00,411.73
2012-06-25 17:00:00,791.58
2012-06-25 18:00:00,785.89
2012-06-25 19:00:00,619.07
2012-06-25 20:00:00,428.09
2012-06-25 21:00:00,296.16
2012-06-25 22:00:00,207.27
2012-06-25 23:00:00,132.48
2012-06-26 00:00:00,44.92
2012-06-26 01:00:00,20.46
2012-06-26 02:00:00,12.62
2012-06-26 03:00:00,8.44
2012-06-26 04:00:00,8.78
2012-06-26 05:00:00,43.24
2012-06-26 06:00:00,150.62
2012-06-26 07:00:00,477.04
2012-06-26 08:00:00,664.53
2012-06-26 09:00:00,302.36
2012-06-26 10:00:00,181.37
2012-06-26 11:00:00,241.52
2012-06-26 12:00:00,290.02
2012-06-26 13:00:00,285.84
2012-06-26 14:00:00,285.21
2012-06-26 15:00:00,287.72
2012-06-26 16:00:00,435.92
2012-06-26 17:00:00,813.8
2012-06-26 18:00:00,791.07
2012-06-26 19:00:00,589.98
2012-06-26 20:00:00,428.45
2012-06-26 21:00:00,298.76
2012-06-26 22:00:00,223.59
2012-06-26 23:00:00,147.46
2012-06-27 00:00:00,47.99
2012-06-27 01:00:00,15.18
2012-06-27 02:00:00,10.92
2012-06-27 03:00:00,8.12
2012-06-27 04:00:00,8.68
2012-06-27 05:00:00,43.49
2012-06-27 06:00:00,155.02
2012-06-27 07:00:00,439.75
2012-06-27 08:00:00,662.87
2012-06-27 09:00:00,310.49
2012-06-27 10:00:00,185.21
2012-06-27 11:00:00,243.59
2012-06-27 12:00:00,296.87
2012-06-27 13:00:00,290.0
2012-06-27 14:00:00,296.65
2012-06-27 15:00:00,288.27
2012-06-27 16:00:00,443.51
2012-06-27 17:00:00,795.78
2012-06-27 18:00:00,782.92
2012-06-27 19:00:00,605.5
2012-06-27 20:00:00,456.03
2012-06-27 21:00:00,333.32
2012-06-27 22:00:00,276.86
2012-06-27 23:00:00,158.15
2012-06-28 00:00:00,74.33
2012-06-28 01:00:00,22.77
2012-06-28 02:00:00,11.69
2012-06-28 03:00:00,8.68
2012-06-28 04:00:00,8.91
2012-06-28 05:00:00,38.68
2012-06-28 06:00:00,146.74
2012-06-28 07:00:00,489.46
2012-06-28 08:00:00,651.73
2012-06-28 09:00:00,321.92
2012-06-28 10:00:00,186.65
2012-06-28 11:00:00,234.68
2012-06-28 12:00:00,291.7
2012-06-28 13:00:00,288.97
2012-06-28 14:00:00,276.7
2012-06-28 15:00:00,281.9
2012-06-28 16:00:00,461.92
2012-06-28 17:00:00,742.14
2012-06-28 18:00:00,753.41
2012-06-28 19:00:00,580.74
2012-06-28 20:00:00,466.23
2012-06-28 21:00:00,331.2
2012-06-28 22:00:00,283.22
2012-06-28 23:00:00,192.03
2012-06-29 00:00:00,79.05
2012-06-29 01:00:00,33.81
2012-06-29 02:00:00,17.66
2012-06-29 03:00:00,7.93
2012-06-29 04:00:00,8.24
2012-06-29 05:00:00,35.29
2012-06-29 06:00:00,145.61
2012-06-29 07:00:00,414.09
2012-06-29 08:00:00,684.05
2012-06-29 09:00:00,367.71
2012-06-29 10:00:00,247.43
2012-06-29 11:00:00,264.65
2012-06-29 12:00:00,301.47
2012-06-29 13:00:00,299.89
2012-06-29 14:00:00,288.23
2012-06-29 15:00:00,302.86
2012-06-29 16:00:00,431.65
2012-06-29 17:00:00,661.68
2012-06-29 18:00:00,625.2
2012-06-29 19:00:00,459.32
2012-06-29 20:00:00,377.95
2012-06-29 21:00:00,409.23
2012-06-29 22:00:00,235.86
2012-06-29 23:00:00,133.4
2012-06-30 00:00:00,142.12
2012-06-30 01:00:00,112.91
2012-06-30 02:00:00,80.27
2012-06-30 03:00:00,28.72
2012-06-30 04:00:00,11.83
2012-06-30 05:00:00,12.71
2012-06-30 06:00:00,35.15
2012-06-30 07:00:00,70.82
2012-06-30 08:00:00,176.81
2012-06-30 09:00:00,283.85
2012-06-30 10:00:00,389.9
2012-06-30 11:00:00,473.35
2012-06-30 12:00:00,496.41
2012-06-30 13:00:00,514.24
2012-06-30 14:00:00,513.44
2012-06-30 15:00:00,502.87
2012-06-30 16:00:00,453.59
2012-06-30 17:00:00,411.88
2012-06-30 18:00:00,404.99
2012-06-30 19:00:00,379.52
2012-06-30 20:00:00,329.75
2012-06-30 21:00:00,274.54
2012-06-30 22:00:00,237.41
2012-06-30 23:00:00,202.14
2012-07-20 00:00:00,81.31
2012-07-20 01:00:00,34.62
2012-07-20 02:00:00,12.1
2012-07-20 03:00:00,7.41
2012-07-20 04:00:00,7.78
2012-07-20 05:00:00,40.28
2012-07-20 06:00:00,155.23
2012-07-20 07:00:00,393.7
2012-07-20 08:00:00,647.66
2012-07-20 09:00:00,336.67
2012-07-20 10:00:00,229.17
2012-07-20 11:00:00,251.44
2012-07-20 12:00:00,157.38
2012-07-20 13:00:00,151.11
2012-07-20 14:00:00,147.05
2012-07-20 15:00:00,279.57
2012-07-20 16:00:00,422.68
2012-07-20 17:00:00,443.01
2012-07-20 18:00:00,459.34
2012-07-20 19:00:00,332.77
2012-07-20 20:00:00,186.69
2012-07-20 21:00:00,116.41
2012-07-20 22:00:00,212.48
2012-07-20 23:00:00,174.38
2012-07-21 00:00:00,128.65
2012-07-21 01:00:00,111.41
2012-07-21 02:00:00,63.83
2012-07-21 03:00:00,29.1
2012-07-21 04:00:00,13.63
2012-07-21 05:00:00,14.21
2012-07-21 06:00:00,31.74
2012-07-21 07:00:00,68.04
2012-07-21 08:00:00,160.71
2012-07-21 09:00:00,272.22
2012-07-21 10:00:00,369.13
2012-07-21 11:00:00,431.16
2012-07-21 12:00:00,405.96
2012-07-21 13:00:00,325.83
2012-07-21 14:00:00,456.85
2012-07-21 15:00:00,407.88
2012-07-21 16:00:00,232.65
2012-07-21 17:00:00,207.33
2012-07-21 18:00:00,288.17
2012-07-21 19:00:00,267.28
2012-07-21 20:00:00,193.1
2012-07-21 21:00:00,183.59
2012-07-21 22:00:00,184.72
2012-07-21 23:00:00,141.27
2012-07-22 00:00:00,155.73
2012-07-22 01:00:00,107.73
2012-07-22 02:00:00,88.14
2012-07-22 03:00:00,29.78
2012-07-22 04:00:00,12.49
2012-07-22 05:00:00,14.55
2012-07-22 06:00:00,23.83
2012-07-22 07:00:00,49.11
2012-07-22 08:00:00,148.28
2012-07-22 09:00:00,274.02
2012-07-22 10:00:00,366.74
2012-07-22 11:00:00,383.02
2012-07-22 12:00:00,454.26
2012-07-22 13:00:00,466.57
2012-07-22 14:00:00,479.43
2012-07-22 15:00:00,470.79
2012-07-22 16:00:00,481.59
2012-07-22 17:00:00,462.05
2012-07-22 18:00:00,428.87
2012-07-22 19:00:00,351.42
2012-07-22 20:00:00,297.03
2012-07-22 21:00:00,209.45
2012-07-22 22:00:00,153.52
2012-07-22 23:00:00,101.76
2012-07-23 00:00:00,46.41
2012-07-23 01:00:00,16.45
2012-07-23 02:00:00,7.24
2012-07-23 03:00:00,7.04
2012-07-23 04:00:00,8.86
2012-07-23 05:00:00,35.63
2012-07-23 06:00:00,159.47
2012-07-23 07:00:00,401.19
2012-07-23 08:00:00,618.59
2012-07-23 09:00:00,327.88
2012-07-23 10:00:00,180.28
2012-07-23 11:00:00,214.69
2012-07-23 12:00:00,264.81
2012-07-23 13:00:00,266.63
2012-07-23 14:00:00,258.68
2012-07-23 15:00:00,267.52
2012-07-23 16:00:00,382.06
2012-07-23 17:00:00,782.51
2012-07-23 18:00:00,785.26
2012-07-23 19:00:00,593.13
2012-07-23 20:00:00,438.23
2012-07-23 21:00:00,302.66
2012-07-23 22:00:00,207.45
2012-07-23 23:00:00,148.69
2012-07-24 00:00:00,52.24
2012-07-24 01:00:00,18.21
2012-07-24 02:00:00,7.69
2012-07-24 03:00:00,6.89
2012-07-24 04:00:00,7.3
2012-07-24 05:00:00,40.17
2012-07-24 06:00:00,169.87
2012-07-24 07:00:00,494.93
2012-07-24 08:00:00,643.01
2012-07-24 09:00:00,306.27
2012-07-24 10:00:00,172.07
2012-07-24 11:00:00,208.32
2012-07-24 12:00:00,254.16
2012-07-24 13:00:00,253.26
2012-07-24 14:00:00,237.02
2012-07-24 15:00:00,273.79
2012-07-24 16:00:00,379.02
2012-07-24 17:00:00,772.14
2012-07-24 18:00:00,693.97
2012-07-24 19:00:00,582.75
2012-07-24 20:00:00,452.23
2012-07-24 21:00:00,311.51
2012-07-24 22:00:00,223.29
2012-07-24 23:00:00,131.91
2012-07-25 00:00:00,62.35
2012-07-25 01:00:00,15.41
2012-07-25 02:00:00,10.01
2012-07-25 03:00:00,7.68
2012-07-25 04:00:00,6.8
2012-07-25 05:00:00,39.56
2012-07-25 06:00:00,168.24
2012-07-25 07:00:00,427.52
2012-07-25 08:00:00,648.22
2012-07-25 09:00:00,308.14
2012-07-25 10:00:00,192.37
2012-07-25 11:00:00,239.45
2012-07-25 12:00:00,311.76
2012-07-25 13:00:00,290.25
2012-07-25 14:00:00,268.09
2012-07-25 15:00:00,288.97
2012-07-25 16:00:00,434.63
2012-07-25 17:00:00,809.06
2012-07-25 18:00:00,785.59
2012-07-25 19:00:00,606.94
2012-07-25 20:00:00,454.34
2012-07-25 21:00:00,339.68
2012-07-25 22:00:00,246.33
2012-07-25 23:00:00,142.33
2012-07-26 00:00:00,70.89
2012-07-26 01:00:00,24.31
2012-07-26 02:00:00,10.93
2012-07-26 03:00:00,8.15
2012-07-26 04:00:00,7.3
2012-07-26 05:00:00,38.93
2012-07-26 06:00:00,169.69
2012-07-26 07:00:00,487.91
2012-07-26 08:00:00,673.31
2012-07-26 09:00:00,329.21
2012-07-26 10:00:00,184.76
2012-07-26 11:00:00,221.49
2012-07-26 12:00:00,262.8
2012-07-26 13:00:00,259.68
2012-07-26 14:00:00,207.09
2012-07-26 15:00:00,210.15
2012-07-26 16:00:00,405.81
2012-07-26 17:00:00,675.99
2012-07-26 18:00:00,661.18
2012-07-26 19:00:00,568.16
2012-07-26 20:00:00,493.59
2012-07-26 21:00:00,355.51
2012-07-26 22:00:00,265.48
2012-07-26 23:00:00,164.45
2012-07-27 00:00:00,79.16
2012-07-27 01:00:00,41.63
2012-07-27 02:00:00,17.66
2012-07-27 03:00:00,8.57
2012-07-27 04:00:00,9.5
2012-07-27 05:00:00,38.01
2012-07-27 06:00:00,161.72
2012-07-27 07:00:00,416.17
2012-07-27 08:00:00,665.88
2012-07-27 09:00:00,351.87
2012-07-27 10:00:00,248.11
2012-07-27 11:00:00,261.24
2012-07-27 12:00:00,318.75
2012-07-27 13:00:00,328.72
2012-07-27 14:00:00,295.45
2012-07-27 15:00:00,299.78
2012-07-27 16:00:00,454.69
2012-07-27 17:00:00,699.66
2012-07-27 18:00:00,682.19
2012-07-27 19:00:00,482.47
2012-07-27 20:00:00,361.5
2012-07-27 21:00:00,304.92
2012-07-27 22:00:00,249.54
2012-07-27 23:00:00,197.7
2012-07-28 00:00:00,161.69
2012-07-28 01:00:00,94.74
2012-07-28 02:00:00,80.63
2012-07-28 03:00:00,33.16
2012-07-28 04:00:00,15.14
2012-07-28 05:00:00,16.59
2012-07-28 06:00:00,36.03
2012-07-28 07:00:00,69.38
2012-07-28 08:00:00,172.4
2012-07-28 09:00:00,258.34
2012-07-28 10:00:00,396.69
2012-07-28 11:00:00,506.25
2012-07-28 12:00:00,531.46
2012-07-28 13:00:00,488.67
2012-07-28 14:00:00,519.95
2012-07-28 15:00:00,497.96
2012-07-28 16:00:00,485.54
2012-07-28 17:00:00,453.01
2012-07-28 18:00:00,441.49
2012-07-28 19:00:00,342.59
2012-07-28 20:00:00,237.04
2012-07-28 21:00:00,244.54
2012-07-28 22:00:00,242.69
2012-07-28 23:00:00,206.32
2012-07-29 00:00:00,176.61
2012-07-29 01:00:00,121.83
2012-07-29 02:00:00,83.63
2012-07-29 03:00:00,38.83
2012-07-29 04:00:00,12.12
2012-07-29 05:00:00,19.83
2012-07-29 06:00:00,23.79
2012-07-29 07:00:00,58.62
2012-07-29 08:00:00,144.16
2012-07-29 09:00:00,274.05
2012-07-29 10:00:00,409.43
2012-07-29 11:00:00,486.07
2012-07-29 12:00:00,526.58
2012-07-29 13:00:00,515.57
2012-07-29 14:00:00,520.98
2012-07-29 15:00:00,509.45
2012-07-29 16:00:00,490.06
2012-07-29 17:00:00,454.14
2012-07-29 18:00:00,470.67
2012-07-29 19:00:00,349.38
2012-07-29 20:00:00,309.9
2012-07-29 21:00:00,214.84
2012-07-29 22:00:00,159.73
2012-07-29 23:00:00,100.0
2012-07-30 00:00:00,51.79
2012-07-30 01:00:00,21.52
2012-07-30 02:00:00,10.67
2012-07-30 03:00:00,6.97
2012-07-30 04:00:00,8.8
2012-07-30 05:00:00,37.58
2012-07-30 06:00:00,151.04
2012-07-30 07:00:00,452.21
2012-07-30 08:00:00,621.4
2012-07-30 09:00:00,341.06
2012-07-30 10:00:00,170.5
2012-07-30 11:00:00,218.12
2012-07-30 12:00:00,278.78
2012-07-30 13:00:00,261.06
2012-07-30 14:00:00,251.66
2012-07-30 15:00:00,265.51
2012-07-30 16:00:00,383.42
2012-07-30 17:00:00,748.58
2012-07-30 18:00:00,738.53
2012-07-30 19:00:00,589.95
2012-07-30 20:00:00,428.29
2012-07-30 21:00:00,301.58
2012-07-30 22:00:00,190.58
2012-07-30 23:00:00,143.32
2012-07-31 00:00:00,45.84
2012-07-31 01:00:00,17.21
2012-07-31 02:00:00,7.93
2012-07-31 03:00:00,6.95
2012-07-31 04:00:00,7.3
2012-07-31 05:00:00,38.99
2012-07-31 06:00:00,171.34
2012-07-31 07:00:00,402.69
2012-07-31 08:00:00,636.62
2012-07-31 09:00:00,330.53
2012-07-31 10:00:00,183.06
2012-07-31 11:00:00,215.47
2012-07-31 12:00:00,290.81
2012-07-31 13:00:00,267.33
2012-07-31 14:00:00,261.61
2012-07-31 15:00:00,270.72
2012-07-31 16:00:00,406.4
2012-07-31 17:00:00,794.77
2012-07-31 18:00:00,743.79
2012-07-31 19:00:00,518.67
2012-07-31 20:00:00,389.84
2012-07-31 21:00:00,287.22
2012-07-31 22:00:00,217.09
2012-07-31 23:00:00,130.2
2012-08-20 00:00:00,34.92
2012-08-20 01:00:00,13.93
2012-08-20 02:00:00,7.35
2012-08-20 03:00:00,7.03
2012-08-20 04:00:00,8.87
2012-08-20 05:00:00,35.76
2012-08-20 06:00:00,157.62
2012-08-20 07:00:00,464.24
2012-08-20 08:00:00,658.04
2012-08-20 09:00:00,342.91
2012-08-20 10:00:00,207.51
2012-08-20 11:00:00,236.98
2012-08-20 12:00:00,285.44
2012-08-20 13:00:00,287.38
2012-08-20 14:00:00,269.15
2012-08-20 15:00:00,279.52
2012-08-20 16:00:00,457.72
2012-08-20 17:00:00,848.43
2012-08-20 18:00:00,585.2
2012-08-20 19:00:00,408.3
2012-08-20 20:00:00,292.71
2012-08-20 21:00:00,229.26
2012-08-20 22:00:00,165.06
2012-08-20 23:00:00,88.85
2012-08-21 00:00:00,34.56
2012-08-21 01:00:00,14.95
2012-08-21 02:00:00,4.87
2012-08-21 03:00:00,6.81
2012-08-21 04:00:00,7.21
2012-08-21 05:00:00,37.84
2012-08-21 06:00:00,177.1
2012-08-21 07:00:00,511.92
2012-08-21 08:00:00,683.34
2012-08-21 09:00:00,355.98
2012-08-21 10:00:00,211.74
2012-08-21 11:00:00,237.26
2012-08-21 12:00:00,300.53
2012-08-21 13:00:00,301.75
2012-08-21 14:00:00,270.75
2012-08-21 15:00:00,292.44
2012-08-21 16:00:00,466.65
2012-08-21 17:00:00,848.15
2012-08-21 18:00:00,849.73
2012-08-21 19:00:00,461.87
2012-08-21 20:00:00,414.7
2012-08-21 21:00:00,304.3
2012-08-21 22:00:00,180.57
2012-08-21 23:00:00,112.57
2012-08-22 00:00:00,47.52
2012-08-22 01:00:00,16.25
2012-08-22 02:00:00,9.75
2012-08-22 03:00:00,6.95
2012-08-22 04:00:00,6.41
2012-08-22 05:00:00,41.31
2012-08-22 06:00:00,175.83
2012-08-22 07:00:00,517.87
2012-08-22 08:00:00,714.72
2012-08-22 09:00:00,348.44
2012-08-22 10:00:00,217.88
2012-08-22 11:00:00,243.11
2012-08-22 12:00:00,309.94
2012-08-22 13:00:00,296.26
2012-08-22 14:00:00,270.35
2012-08-22 15:00:00,280.86
2012-08-22 16:00:00,437.94
2012-08-22 17:00:00,796.81
2012-08-22 18:00:00,784.1
2012-08-22 19:00:00,520.19
2012-08-22 20:00:00,432.57
2012-08-22 21:00:00,328.22
2012-08-22 22:00:00,251.74
2012-08-22 23:00:00,136.03
2012-08-23 00:00:00,71.89
2012-08-23 01:00:00,25.16
2012-08-23 02:00:00,11.28
2012-08-23 03:00:00,7.26
2012-08-23 04:00:00,6.97
2012-08-23 05:00:00,42.32
2012-08-23 06:00:00,157.65
2012-08-23 07:00:00,446.14
2012-08-23 08:00:00,706.93
2012-08-23 09:00:00,358.17
2012-08-23 10:00:00,217.72
2012-08-23 11:00:00,233.29
2012-08-23 12:00:00,312.3
2012-08-23 13:00:00,290.14
2012-08-23 14:00:00,262.3
2012-08-23 15:00:00,279.23
2012-08-23 16:00:00,448.86
2012-08-23 17:00:00,850.73
2012-08-23 18:00:00,835.63
2012-08-23 19:00:00,619.49
2012-08-23 20:00:00,446.9
2012-08-23 21:00:00,325.46
2012-08-23 22:00:00,235.83
2012-08-23 23:00:00,149.22
2012-08-24 00:00:00,82.92
2012-08-24 01:00:00,35.85
2012-08-24 02:00:00,17.3
2012-08-24 03:00:00,10.63
2012-08-24 04:00:00,7.71
2012-08-24 05:00:00,40.74
2012-08-24 06:00:00,156.92
2012-08-24 07:00:00,421.49
2012-08-24 08:00:00,688.07
2012-08-24 09:00:00,369.77
2012-08-24 10:00:00,252.99
2012-08-24 11:00:00,281.79
2012-08-24 12:00:00,378.91
2012-08-24 13:00:00,353.29
2012-08-24 14:00:00,355.27
2012-08-24 15:00:00,365.69
2012-08-24 16:00:00,514.54
2012-08-24 17:00:00,813.63
2012-08-24 18:00:00,748.24
2012-08-24 19:00:00,502.46
2012-08-24 20:00:00,385.5
2012-08-24 21:00:00,296.69
2012-08-24 22:00:00,235.58
2012-08-24 23:00:00,182.87
2012-08-25 00:00:00,157.79
2012-08-25 01:00:00,117.3175
2012-08-25 02:00:00,93.58
2012-08-25 03:00:00,34.75
2012-08-25 04:00:00,10.41
2012-08-25 05:00:00,11.27
2012-08-25 06:00:00,30.07
2012-08-25 07:00:00,64.04
2012-08-25 08:00:00,169.63
2012-08-25 09:00:00,285.27
2012-08-25 10:00:00,452.77
2012-08-25 11:00:00,505.18
2012-08-25 12:00:00,498.0
2012-08-25 13:00:00,547.43
2012-08-25 14:00:00,430.62
2012-08-25 15:00:00,435.06
2012-08-25 16:00:00,526.38
2012-08-25 17:00:00,405.24
2012-08-25 18:00:00,436.53
2012-08-25 19:00:00,343.63
2012-08-25 20:00:00,178.54
2012-08-25 21:00:00,223.0
2012-08-25 22:00:00,194.76
2012-08-25 23:00:00,169.09
2012-08-26 00:00:00,152.42
2012-08-26 01:00:00,105.24
2012-08-26 02:00:00,92.38
2012-08-26 03:00:00,33.09
2012-08-26 04:00:00,12.63
2012-08-26 05:00:00,14.46
2012-08-26 06:00:00,21.59
2012-08-26 07:00:00,52.75
2012-08-26 08:00:00,144.51
2012-08-26 09:00:00,279.02
2012-08-26 10:00:00,408.53
2012-08-26 11:00:00,483.26
2012-08-26 12:00:00,409.28
2012-08-26 13:00:00,339.43
2012-08-26 14:00:00,376.37
2012-08-26 15:00:00,328.68
2012-08-26 16:00:00,261.96
2012-08-26 17:00:00,319.36
2012-08-26 18:00:00,309.74
2012-08-26 19:00:00,252.31
2012-08-26 20:00:00,198.69
2012-08-26 21:00:00,189.44
2012-08-26 22:00:00,179.62
2012-08-26 23:00:00,102.17
2012-08-27 00:00:00,46.14
2012-08-27 01:00:00,14.74
2012-08-27 02:00:00,6.88
2012-08-27 03:00:00,6.81
2012-08-27 04:00:00,8.11
2012-08-27 05:00:00,36.33
2012-08-27 06:00:00,158.33
2012-08-27 07:00:00,322.71
2012-08-27 08:00:00,565.6
2012-08-27 09:00:00,318.09
2012-08-27 10:00:00,215.39
2012-08-27 11:00:00,229.71
2012-08-27 12:00:00,292.88
2012-08-27 13:00:00,276.0
2012-08-27 14:00:00,266.31
2012-08-27 15:00:00,276.4
2012-08-27 16:00:00,428.07
2012-08-27 17:00:00,830.23
2012-08-27 18:00:00,825.49
2012-08-27 19:00:00,596.43
2012-08-27 20:00:00,437.72
2012-08-27 21:00:00,292.8
2012-08-27 22:00:00,198.39
2012-08-27 23:00:00,146.77
2012-08-28 00:00:00,47.05
2012-08-28 01:00:00,15.93
2012-08-28 02:00:00,7.53
2012-08-28 03:00:00,5.92
2012-08-28 04:00:00,6.48
2012-08-28 05:00:00,40.04
2012-08-28 06:00:00,172.65
2012-08-28 07:00:00,363.32
2012-08-28 08:00:00,593.66
2012-08-28 09:00:00,339.57
2012-08-28 10:00:00,222.43
2012-08-28 11:00:00,232.96
2012-08-28 12:00:00,276.26
2012-08-28 13:00:00,269.34
2012-08-28 14:00:00,254.97
2012-08-28 15:00:00,272.19
2012-08-28 16:00:00,455.67
2012-08-28 17:00:00,859.34
2012-08-28 18:00:00,840.72
2012-08-28 19:00:00,602.09
2012-08-28 20:00:00,429.29
2012-08-28 21:00:00,311.52
2012-08-28 22:00:00,219.64
2012-08-28 23:00:00,150.52
2012-08-29 00:00:00,48.6
2012-08-29 01:00:00,17.06
2012-08-29 02:00:00,8.16
2012-08-29 03:00:00,6.7
2012-08-29 04:00:00,5.47
2012-08-29 05:00:00,40.42
2012-08-29 06:00:00,169.57
2012-08-29 07:00:00,444.38
2012-08-29 08:00:00,683.32
2012-08-29 09:00:00,328.85
2012-08-29 10:00:00,217.32
2012-08-29 11:00:00,240.54
2012-08-29 12:00:00,309.97
2012-08-29 13:00:00,314.01
2012-08-29 14:00:00,277.66
2012-08-29 15:00:00,278.37
2012-08-29 16:00:00,463.46
2012-08-29 17:00:00,882.72
2012-08-29 18:00:00,855.11
2012-08-29 19:00:00,619.16
2012-08-29 20:00:00,429.63
2012-08-29 21:00:00,330.91
2012-08-29 22:00:00,254.88
2012-08-29 23:00:00,150.72
2012-08-30 00:00:00,71.46
2012-08-30 01:00:00,22.43
2012-08-30 02:00:00,10.04
2012-08-30 03:00:00,7.77
2012-08-30 04:00:00,7.21
2012-08-30 05:00:00,42.79
2012-08-30 06:00:00,164.54
2012-08-30 07:00:00,470.31
2012-08-30 08:00:00,696.23
2012-08-30 09:00:00,345.56
2012-08-30 10:00:00,203.12
2012-08-30 11:00:00,233.29
2012-08-30 12:00:00,298.13
2012-08-30 13:00:00,295.17
2012-08-30 14:00:00,269.43
2012-08-30 15:00:00,280.11
2012-08-30 16:00:00,442.72
2012-08-30 17:00:00,875.62
2012-08-30 18:00:00,837.31
2012-08-30 19:00:00,634.84
2012-08-30 20:00:00,480.89
2012-08-30 21:00:00,338.88
2012-08-30 22:00:00,258.4
2012-08-30 23:00:00,167.62
2012-08-31 00:00:00,83.54
2012-08-31 01:00:00,41.58
2012-08-31 02:00:00,12.18
2012-08-31 03:00:00,8.23
2012-08-31 04:00:00,8.57
2012-08-31 05:00:00,38.33
2012-08-31 06:00:00,157.13
2012-08-31 07:00:00,383.38
2012-08-31 08:00:00,687.99
2012-08-31 09:00:00,365.19
2012-08-31 10:00:00,245.94
2012-08-31 11:00:00,252.3
2012-08-31 12:00:00,321.77
2012-08-31 13:00:00,321.1
2012-08-31 14:00:00,297.6
2012-08-31 15:00:00,292.25
2012-08-31 16:00:00,459.15
2012-08-31 17:00:00,806.01
2012-08-31 18:00:00,774.91
2012-08-31 19:00:00,501.18
2012-08-31 20:00:00,368.5
2012-08-31 21:00:00,301.26
2012-08-31 22:00:00,242.11
2012-08-31 23:00:00,202.45
2012-09-20 00:00:00,63.67
2012-09-20 01:00:00,19.52
2012-09-20 02:00:00,12.92
2012-09-20 03:00:00,8.02
2012-09-20 04:00:00,7.17
2012-09-20 05:00:00,43.28
2012-09-20 06:00:00,187.35
2012-09-20 07:00:00,492.23
2012-09-20 08:00:00,780.28
2012-09-20 09:00:00,338.86
2012-09-20 10:00:00,203.89
2012-09-20 11:00:00,241.71
2012-09-20 12:00:00,321.23
2012-09-20 13:00:00,310.83
2012-09-20 14:00:00,301.46
2012-09-20 15:00:00,340.15
2012-09-20 16:00:00,457.66
2012-09-20 17:00:00,881.8
2012-09-20 18:00:00,850.3
2012-09-20 19:00:00,565.0
2012-09-20 20:00:00,421.17
2012-09-20 21:00:00,283.87
2012-09-20 22:00:00,228.28
2012-09-20 23:00:00,169.07
2012-09-21 00:00:00,81.62
2012-09-21 01:00:00,41.6
2012-09-21 02:00:00,17.03
2012-09-21 03:00:00,9.91
2012-09-21 04:00:00,10.91
2012-09-21 05:00:00,44.52
2012-09-21 06:00:00,171.88
2012-09-21 07:00:00,456.23
2012-09-21 08:00:00,766.32
2012-09-21 09:00:00,367.9
2012-09-21 10:00:00,250.99
2012-09-21 11:00:00,282.29
2012-09-21 12:00:00,380.74
2012-09-21 13:00:00,403.14
2012-09-21 14:00:00,386.96
2012-09-21 15:00:00,391.41
2012-09-21 16:00:00,550.73
2012-09-21 17:00:00,817.33
2012-09-21 18:00:00,778.86
2012-09-21 19:00:00,522.23
2012-09-21 20:00:00,373.69
2012-09-21 21:00:00,270.56
2012-09-21 22:00:00,221.08
2012-09-21 23:00:00,205.02
2012-09-22 00:00:00,150.37
2012-09-22 01:00:00,106.78
2012-09-22 02:00:00,73.34
2012-09-22 03:00:00,37.68
2012-09-22 04:00:00,15.75
2012-09-22 05:00:00,15.6
2012-09-22 06:00:00,32.07
2012-09-22 07:00:00,67.06
2012-09-22 08:00:00,194.01
2012-09-22 09:00:00,307.5
2012-09-22 10:00:00,499.5
2012-09-22 11:00:00,555.01
2012-09-22 12:00:00,602.89
2012-09-22 13:00:00,596.44
2012-09-22 14:00:00,594.85
2012-09-22 15:00:00,586.16
2012-09-22 16:00:00,587.75
2012-09-22 17:00:00,558.57
2012-09-22 18:00:00,533.57
2012-09-22 19:00:00,382.87
2012-09-22 20:00:00,341.08
2012-09-22 21:00:00,257.94
2012-09-22 22:00:00,248.96
2012-09-22 23:00:00,209.47
2012-09-23 00:00:00,174.23
2012-09-23 01:00:00,113.24
2012-09-23 02:00:00,84.7825
2012-09-23 03:00:00,35.13
2012-09-23 04:00:00,10.8
2012-09-23 05:00:00,11.46
2012-09-23 06:00:00,22.01
2012-09-23 07:00:00,58.86
2012-09-23 08:00:00,145.1
2012-09-23 09:00:00,260.03
2012-09-23 10:00:00,429.49
2012-09-23 11:00:00,545.95
2012-09-23 12:00:00,642.85
2012-09-23 13:00:00,668.08
2012-09-23 14:00:00,652.82
2012-09-23 15:00:00,633.67
2012-09-23 16:00:00,629.12
2012-09-23 17:00:00,524.83
2012-09-23 18:00:00,507.39
2012-09-23 19:00:00,346.16
2012-09-23 20:00:00,280.44
2012-09-23 21:00:00,184.88
2012-09-23 22:00:00,188.99
2012-09-23 23:00:00,85.94
2012-09-24 00:00:00,44.69
2012-09-24 01:00:00,15.16
2012-09-24 02:00:00,10.83
2012-09-24 03:00:00,7.61
2012-09-24 04:00:00,8.8
2012-09-24 05:00:00,41.8
2012-09-24 06:00:00,161.6
2012-09-24 07:00:00,480.53
2012-09-24 08:00:00,750.46
2012-09-24 09:00:00,332.42
2012-09-24 10:00:00,204.39
2012-09-24 11:00:00,253.86
2012-09-24 12:00:00,329.14
2012-09-24 13:00:00,319.59
2012-09-24 14:00:00,278.28
2012-09-24 15:00:00,300.46
2012-09-24 16:00:00,455.26
2012-09-24 17:00:00,872.9
2012-09-24 18:00:00,854.83
2012-09-24 19:00:00,546.42
2012-09-24 20:00:00,368.74
2012-09-24 21:00:00,275.8
2012-09-24 22:00:00,151.83
2012-09-24 23:00:00,90.21
2012-09-25 00:00:00,44.26
2012-09-25 01:00:00,13.8
2012-09-25 02:00:00,12.07
2012-09-25 03:00:00,5.35
2012-09-25 04:00:00,6.72
2012-09-25 05:00:00,41.72
2012-09-25 06:00:00,176.95
2012-09-25 07:00:00,491.47
2012-09-25 08:00:00,757.7
2012-09-25 09:00:00,337.23
2012-09-25 10:00:00,208.38
2012-09-25 11:00:00,245.08
2012-09-25 12:00:00,325.07
2012-09-25 13:00:00,315.17
2012-09-25 14:00:00,314.97
2012-09-25 15:00:00,329.28
2012-09-25 16:00:00,469.04
2012-09-25 17:00:00,922.31
2012-09-25 18:00:00,915.85
2012-09-25 19:00:00,581.6
2012-09-25 20:00:00,421.45
2012-09-25 21:00:00,294.95
2012-09-25 22:00:00,203.73
2012-09-25 23:00:00,116.89
2012-09-26 00:00:00,51.95
2012-09-26 01:00:00,15.73
2012-09-26 02:00:00,7.54
2012-09-26 03:00:00,6.76
2012-09-26 04:00:00,6.26
2012-09-26 05:00:00,43.44
2012-09-26 06:00:00,172.48
2012-09-26 07:00:00,526.42
2012-09-26 08:00:00,775.62
2012-09-26 09:00:00,340.68
2012-09-26 10:00:00,201.24
2012-09-26 11:00:00,243.99
2012-09-26 12:00:00,339.22
2012-09-26 13:00:00,309.79
2012-09-26 14:00:00,296.59
2012-09-26 15:00:00,310.9
2012-09-26 16:00:00,462.55
2012-09-26 17:00:00,877.76
2012-09-26 18:00:00,853.7
2012-09-26 19:00:00,601.21
2012-09-26 20:00:00,451.87
2012-09-26 21:00:00,321.51
2012-09-26 22:00:00,221.76
2012-09-26 23:00:00,105.37
2012-09-27 00:00:00,67.9
2012-09-27 01:00:00,25.2
2012-09-27 02:00:00,16.84
2012-09-27 03:00:00,9.23
2012-09-27 04:00:00,7.81
2012-09-27 05:00:00,44.24
2012-09-27 06:00:00,165.34
2012-09-27 07:00:00,533.5
2012-09-27 08:00:00,734.81
2012-09-27 09:00:00,352.94
2012-09-27 10:00:00,215.22
2012-09-27 11:00:00,246.29
2012-09-27 12:00:00,308.51
2012-09-27 13:00:00,300.08
2012-09-27 14:00:00,282.38
2012-09-27 15:00:00,309.98
2012-09-27 16:00:00,463.71
2012-09-27 17:00:00,813.01
2012-09-27 18:00:00,806.65
2012-09-27 19:00:00,573.32
2012-09-27 20:00:00,403.41
2012-09-27 21:00:00,138.38
2012-09-27 22:00:00,151.36
2012-09-27 23:00:00,91.98
2012-09-28 00:00:00,86.27
2012-09-28 01:00:00,24.7
2012-09-28 02:00:00,9.89
2012-09-28 03:00:00,6.45
2012-09-28 04:00:00,6.17
2012-09-28 05:00:00,39.95
2012-09-28 06:00:00,148.73
2012-09-28 07:00:00,414.94
2012-09-28 08:00:00,754.0
2012-09-28 09:00:00,353.19
2012-09-28 10:00:00,228.05
2012-09-28 11:00:00,272.45
2012-09-28 12:00:00,407.67
2012-09-28 13:00:00,401.61
2012-09-28 14:00:00,392.56
2012-09-28 15:00:00,387.5
2012-09-28 16:00:00,568.32
2012-09-28 17:00:00,819.5
2012-09-28 18:00:00,802.98
2012-09-28 19:00:00,474.24
2012-09-28 20:00:00,345.09
2012-09-28 21:00:00,191.5
2012-09-28 22:00:00,197.1
2012-09-28 23:00:00,173.04
2012-09-29 00:00:00,158.14
2012-09-29 01:00:00,106.41666666666669
2012-09-29 02:00:00,79.66
2012-09-29 03:00:00,37.5
2012-09-29 04:00:00,20.59
2012-09-29 05:00:00,23.8
2012-09-29 06:00:00,33.93
2012-09-29 07:00:00,74.98
2012-09-29 08:00:00,186.38
2012-09-29 09:00:00,282.17
2012-09-29 10:00:00,431.41
2012-09-29 11:00:00,556.55
2012-09-29 12:00:00,638.71
2012-09-29 13:00:00,654.79
2012-09-29 14:00:00,647.42
2012-09-29 15:00:00,609.73
2012-09-29 16:00:00,636.97
2012-09-29 17:00:00,551.28
2012-09-29 18:00:00,492.9
2012-09-29 19:00:00,338.23
2012-09-29 20:00:00,274.51
2012-09-29 21:00:00,215.73
2012-09-29 22:00:00,216.37
2012-09-29 23:00:00,194.24
2012-09-30 00:00:00,165.84
2012-09-30 01:00:00,108.9665
2012-09-30 02:00:00,75.96
2012-09-30 03:00:00,31.17
2012-09-30 04:00:00,11.35
2012-09-30 05:00:00,11.23
2012-09-30 06:00:00,27.07
2012-09-30 07:00:00,57.66
2012-09-30 08:00:00,145.63
2012-09-30 09:00:00,272.69
2012-09-30 10:00:00,431.39
2012-09-30 11:00:00,567.73
2012-09-30 12:00:00,627.92
2012-09-30 13:00:00,648.46
2012-09-30 14:00:00,627.11
2012-09-30 15:00:00,632.96
2012-09-30 16:00:00,643.55
2012-09-30 17:00:00,575.99
2012-09-30 18:00:00,478.17
2012-09-30 19:00:00,287.16
2012-09-30 20:00:00,242.21
2012-09-30 21:00:00,188.62
2012-09-30 22:00:00,146.84
2012-09-30 23:00:00,94.06
2012-10-20 00:00:00,149.09
2012-10-20 01:00:00,107.16166666666666
2012-10-20 02:00:00,70.87
2012-10-20 03:00:00,28.54
2012-10-20 04:00:00,10.6
2012-10-20 05:00:00,11.27
2012-10-20 06:00:00,29.4
2012-10-20 07:00:00,58.97
2012-10-20 08:00:00,171.98
2012-10-20 09:00:00,283.7
2012-10-20 10:00:00,433.09
2012-10-20 11:00:00,562.3
2012-10-20 12:00:00,636.47
2012-10-20 13:00:00,642.26
2012-10-20 14:00:00,653.74
2012-10-20 15:00:00,601.08
2012-10-20 16:00:00,602.01
2012-10-20 17:00:00,543.28
2012-10-20 18:00:00,502.76
2012-10-20 19:00:00,334.28
2012-10-20 20:00:00,266.6
2012-10-20 21:00:00,230.82
2012-10-20 22:00:00,175.73
2012-10-20 23:00:00,180.75
2012-10-21 00:00:00,153.5
2012-10-21 01:00:00,113.11
2012-10-21 02:00:00,69.59
2012-10-21 03:00:00,29.74
2012-10-21 04:00:00,12.41
2012-10-21 05:00:00,10.57
2012-10-21 06:00:00,24.92
2012-10-21 07:00:00,60.09
2012-10-21 08:00:00,146.07
2012-10-21 09:00:00,239.06
2012-10-21 10:00:00,422.77
2012-10-21 11:00:00,544.21
2012-10-21 12:00:00,623.54
2012-10-21 13:00:00,665.16
2012-10-21 14:00:00,650.01
2012-10-21 15:00:00,641.81
2012-10-21 16:00:00,620.07
2012-10-21 17:00:00,520.97
2012-10-21 18:00:00,487.33
2012-10-21 19:00:00,341.69
2012-10-21 20:00:00,254.79
2012-10-21 21:00:00,153.48
2012-10-21 22:00:00,133.46
2012-10-21 23:00:00,103.33
2012-10-22 00:00:00,42.85
2012-10-22 01:00:00,13.78
2012-10-22 02:00:00,6.89
2012-10-22 03:00:00,7.66
2012-10-22 04:00:00,8.12
2012-10-22 05:00:00,36.82
2012-10-22 06:00:00,139.21
2012-10-22 07:00:00,406.54
2012-10-22 08:00:00,722.69
2012-10-22 09:00:00,321.39
2012-10-22 10:00:00,191.35
2012-10-22 11:00:00,255.46
2012-10-22 12:00:00,305.42
2012-10-22 13:00:00,316.86
2012-10-22 14:00:00,300.11
2012-10-22 15:00:00,327.46
2012-10-22 16:00:00,468.01
2012-10-22 17:00:00,919.47
2012-10-22 18:00:00,758.56
2012-10-22 19:00:00,535.44
2012-10-22 20:00:00,363.8
2012-10-22 21:00:00,260.81
2012-10-22 22:00:00,133.75
2012-10-22 23:00:00,96.72
2012-10-23 00:00:00,42.25
2012-10-23 01:00:00,12.58
2012-10-23 02:00:00,6.78
2012-10-23 03:00:00,5.67
2012-10-23 04:00:00,7.22
2012-10-23 05:00:00,40.42
2012-10-23 06:00:00,150.46
2012-10-23 07:00:00,483.43
2012-10-23 08:00:00,760.01
2012-10-23 09:00:00,352.36
2012-10-23 10:00:00,193.91
2012-10-23 11:00:00,248.96
2012-10-23 12:00:00,321.32
2012-10-23 13:00:00,306.93
2012-10-23 14:00:00,283.03
2012-10-23 15:00:00,318.75
2012-10-23 16:00:00,470.01
2012-10-23 17:00:00,924.66
2012-10-23 18:00:00,868.58
2012-10-23 19:00:00,556.0
2012-10-23 20:00:00,433.29
2012-10-23 21:00:00,266.11
2012-10-23 22:00:00,208.38
2012-10-23 23:00:00,108.45
2012-10-24 00:00:00,47.09
2012-10-24 01:00:00,15.55
2012-10-24 02:00:00,9.37
2012-10-24 03:00:00,6.83
2012-10-24 04:00:00,6.72
2012-10-24 05:00:00,43.07
2012-10-24 06:00:00,186.28
2012-10-24 07:00:00,465.63
2012-10-24 08:00:00,790.94
2012-10-24 09:00:00,357.32
2012-10-24 10:00:00,197.61
2012-10-24 11:00:00,242.14
2012-10-24 12:00:00,329.55
2012-10-24 13:00:00,306.51
2012-10-24 14:00:00,303.78
2012-10-24 15:00:00,315.25
2012-10-24 16:00:00,472.02
2012-10-24 17:00:00,906.53
2012-10-24 18:00:00,920.82
2012-10-24 19:00:00,557.26
2012-10-24 20:00:00,391.74
2012-10-24 21:00:00,295.8
2012-10-24 22:00:00,231.18
2012-10-24 23:00:00,110.54
2012-10-25 00:00:00,68.75
2012-10-25 01:00:00,20.66
2012-10-25 02:00:00,14.27
2012-10-25 03:00:00,7.23
2012-10-25 04:00:00,7.59
2012-10-25 05:00:00,42.19
2012-10-25 06:00:00,156.91
2012-10-25 07:00:00,470.29
2012-10-25 08:00:00,788.68
2012-10-25 09:00:00,354.9
2012-10-25 10:00:00,178.47
2012-10-25 11:00:00,159.61
2012-10-25 12:00:00,283.83
2012-10-25 13:00:00,274.32
2012-10-25 14:00:00,275.9
2012-10-25 15:00:00,336.65
2012-10-25 16:00:00,438.99
2012-10-25 17:00:00,804.27
2012-10-25 18:00:00,435.46
2012-10-25 19:00:00,346.76
2012-10-25 20:00:00,288.47
2012-10-25 21:00:00,211.04
2012-10-25 22:00:00,221.58
2012-10-25 23:00:00,135.17
2012-10-26 00:00:00,85.14
2012-10-26 01:00:00,25.66
2012-10-26 02:00:00,10.05
2012-10-26 03:00:00,6.96
2012-10-26 04:00:00,6.7
2012-10-26 05:00:00,39.72
2012-10-26 06:00:00,150.1
2012-10-26 07:00:00,433.53
2012-10-26 08:00:00,761.63
2012-10-26 09:00:00,360.43
2012-10-26 10:00:00,231.42
2012-10-26 11:00:00,256.85
2012-10-26 12:00:00,343.17
2012-10-26 13:00:00,345.45
2012-10-26 14:00:00,362.65
2012-10-26 15:00:00,370.43
2012-10-26 16:00:00,499.03
2012-10-26 17:00:00,573.74
2012-10-26 18:00:00,457.6
2012-10-26 19:00:00,297.73
2012-10-26 20:00:00,213.68
2012-10-26 21:00:00,220.79
2012-10-26 22:00:00,213.49
2012-10-26 23:00:00,188.15
2012-10-27 00:00:00,164.92
2012-10-27 01:00:00,105.57666666666665
2012-10-27 02:00:00,68.17
2012-10-27 03:00:00,40.7
2012-10-27 04:00:00,18.13
2012-10-27 05:00:00,24.25
2012-10-27 06:00:00,29.22
2012-10-27 07:00:00,69.74
2012-10-27 08:00:00,185.64
2012-10-27 09:00:00,280.86
2012-10-27 10:00:00,416.45
2012-10-27 11:00:00,550.44
2012-10-27 12:00:00,620.54
2012-10-27 13:00:00,642.09
2012-10-27 14:00:00,613.78
2012-10-27 15:00:00,551.61
2012-10-27 16:00:00,556.87
2012-10-27 17:00:00,506.18
2012-10-27 18:00:00,472.38
2012-10-27 19:00:00,335.19
2012-10-27 20:00:00,265.35
2012-10-27 21:00:00,206.17
2012-10-27 22:00:00,178.43
2012-10-27 23:00:00,157.97
2012-10-28 00:00:00,128.66
2012-10-28 01:00:00,113.21333333333334
2012-10-28 02:00:00,83.73
2012-10-28 03:00:00,38.46
2012-10-28 04:00:00,17.33
2012-10-28 05:00:00,22.62
2012-10-28 06:00:00,24.12
2012-10-28 07:00:00,55.95
2012-10-28 08:00:00,150.34
2012-10-28 09:00:00,264.33
2012-10-28 10:00:00,381.44
2012-10-28 11:00:00,528.97
2012-10-28 12:00:00,553.0
2012-10-28 13:00:00,549.96
2012-10-28 14:00:00,555.83
2012-10-28 15:00:00,548.13
2012-10-28 16:00:00,380.96
2012-10-28 17:00:00,289.85
2012-10-28 18:00:00,224.78
2012-10-28 19:00:00,192.76
2012-10-28 20:00:00,155.56
2012-10-28 21:00:00,113.93
2012-10-28 22:00:00,89.72
2012-10-28 23:00:00,75.08
2012-10-29 00:00:00,28.83
2012-10-30 13:00:00,177.08
2012-10-30 14:00:00,173.95
2012-10-30 15:00:00,185.07
2012-10-30 16:00:00,266.52
2012-10-30 17:00:00,425.06
2012-10-30 18:00:00,426.72
2012-10-30 19:00:00,502.24
2012-10-30 20:00:00,268.96
2012-10-30 21:00:00,169.21
2012-10-30 22:00:00,127.81
2012-10-30 23:00:00,124.6
2012-10-31 00:00:00,42.59
2012-10-31 01:00:00,12.05
2012-10-31 02:00:00,5.65
2012-10-31 03:00:00,5.61
2012-10-31 04:00:00,6.16
2012-10-31 05:00:00,31.11
2012-10-31 06:00:00,130.53
2012-10-31 07:00:00,370.45
2012-10-31 08:00:00,622.27
2012-10-31 09:00:00,333.93
2012-10-31 10:00:00,163.44
2012-10-31 11:00:00,177.39
2012-10-31 12:00:00,236.02
2012-10-31 13:00:00,232.6
2012-10-31 14:00:00,203.48
2012-10-31 15:00:00,238.81
2012-10-31 16:00:00,365.59
2012-10-31 17:00:00,576.23
2012-10-31 18:00:00,576.05
2012-10-31 19:00:00,407.97
2012-10-31 20:00:00,285.35
2012-10-31 21:00:00,201.48
2012-10-31 22:00:00,165.6
2012-10-31 23:00:00,130.32
2012-11-20 00:00:00,30.48
2012-11-20 01:00:00,15.31
2012-11-20 02:00:00,8.15
2012-11-20 03:00:00,5.74
2012-11-20 04:00:00,7.97
2012-11-20 05:00:00,36.93
2012-11-20 06:00:00,132.15
2012-11-20 07:00:00,380.13
2012-11-20 08:00:00,629.12
2012-11-20 09:00:00,342.46
2012-11-20 10:00:00,171.34
2012-11-20 11:00:00,190.11
2012-11-20 12:00:00,233.42
2012-11-20 13:00:00,237.53
2012-11-20 14:00:00,226.12
2012-11-20 15:00:00,255.44
2012-11-20 16:00:00,367.45
2012-11-20 17:00:00,554.83
2012-11-20 18:00:00,526.9
2012-11-20 19:00:00,373.9
2012-11-20 20:00:00,285.63
2012-11-20 21:00:00,197.28
2012-11-20 22:00:00,166.85
2012-11-20 23:00:00,129.42
2012-11-21 00:00:00,38.72
2012-11-21 01:00:00,13.92
2012-11-21 02:00:00,5.58
2012-11-21 03:00:00,5.75
2012-11-21 04:00:00,5.89
2012-11-21 05:00:00,30.4
2012-11-21 06:00:00,126.41
2012-11-21 07:00:00,371.73
2012-11-21 08:00:00,578.24
2012-11-21 09:00:00,329.09
2012-11-21 10:00:00,174.69
2012-11-21 11:00:00,184.66
2012-11-21 12:00:00,232.19
2012-11-21 13:00:00,238.94
2012-11-21 14:00:00,254.31
2012-11-21 15:00:00,266.34
2012-11-21 16:00:00,382.27
2012-11-21 17:00:00,611.37
2012-11-21 18:00:00,557.91
2012-11-21 19:00:00,390.51
2012-11-21 20:00:00,266.29
2012-11-21 21:00:00,207.3
2012-11-21 22:00:00,144.46
2012-11-21 23:00:00,135.97
2012-11-22 00:00:00,78.43
2012-11-22 01:00:00,32.47
2012-11-22 02:00:00,17.94
2012-11-22 03:00:00,7.31
2012-11-22 04:00:00,6.33
2012-11-22 05:00:00,25.36
2012-11-22 06:00:00,51.83
2012-11-22 07:00:00,324.31
2012-11-22 08:00:00,414.08
2012-11-22 09:00:00,296.21
2012-11-22 10:00:00,313.45
2012-11-22 11:00:00,434.62
2012-11-22 12:00:00,516.66
2012-11-22 13:00:00,550.15
2012-11-22 14:00:00,523.9
2012-11-22 15:00:00,513.21
2012-11-22 16:00:00,451.25
2012-11-22 17:00:00,541.94
2012-11-22 18:00:00,477.12
2012-11-22 19:00:00,315.91
2012-11-22 20:00:00,231.53
2012-11-22 21:00:00,194.51
2012-11-22 22:00:00,153.22
2012-11-22 23:00:00,142.65
2012-11-23 00:00:00,48.96
2012-11-23 01:00:00,24.07
2012-11-23 02:00:00,13.11
2012-11-23 03:00:00,10.64
2012-11-23 04:00:00,9.22
2012-11-23 05:00:00,31.13
2012-11-23 06:00:00,128.02
2012-11-23 07:00:00,373.2
2012-11-23 08:00:00,533.05
2012-11-23 09:00:00,329.58
2012-11-23 10:00:00,192.14
2012-11-23 11:00:00,229.73
2012-11-23 12:00:00,292.45
2012-11-23 13:00:00,314.56
2012-11-23 14:00:00,381.49
2012-11-23 15:00:00,376.63
2012-11-23 16:00:00,467.12
2012-11-23 17:00:00,757.22
2012-11-23 18:00:00,698.74
2012-11-23 19:00:00,469.15
2012-11-23 20:00:00,303.62
2012-11-23 21:00:00,255.44
2012-11-23 22:00:00,161.37
2012-11-23 23:00:00,126.11
2012-11-24 00:00:00,120.73
2012-11-24 01:00:00,104.525
2012-11-24 02:00:00,47.22
2012-11-24 03:00:00,23.19
2012-11-24 04:00:00,6.89
2012-11-24 05:00:00,7.08
2012-11-24 06:00:00,22.41
2012-11-24 07:00:00,65.02
2012-11-24 08:00:00,173.21
2012-11-24 09:00:00,235.73
2012-11-24 10:00:00,296.26
2012-11-24 11:00:00,389.01
2012-11-24 12:00:00,455.67
2012-11-24 13:00:00,458.72
2012-11-24 14:00:00,460.53
2012-11-24 15:00:00,456.24
2012-11-24 16:00:00,406.97
2012-11-24 17:00:00,377.58
2012-11-24 18:00:00,333.96
2012-11-24 19:00:00,273.3
2012-11-24 20:00:00,168.98
2012-11-24 21:00:00,132.85
2012-11-24 22:00:00,115.26
2012-11-24 23:00:00,97.96
2012-11-25 00:00:00,113.47
2012-11-25 01:00:00,117.85
2012-11-25 02:00:00,48.62
2012-11-25 03:00:00,24.33
2012-11-25 04:00:00,6.94
2012-11-25 05:00:00,6.71
2012-11-25 06:00:00,18.56
2012-11-25 07:00:00,59.97
2012-11-25 08:00:00,158.88
2012-11-25 09:00:00,196.46
2012-11-25 10:00:00,303.95
2012-11-25 11:00:00,390.94
2012-11-25 12:00:00,413.9
2012-11-25 13:00:00,416.28
2012-11-25 14:00:00,423.38
2012-11-25 15:00:00,410.93
2012-11-25 16:00:00,390.67
2012-11-25 17:00:00,334.28
2012-11-25 18:00:00,286.58
2012-11-25 19:00:00,228.5
2012-11-25 20:00:00,139.36
2012-11-25 21:00:00,128.43
2012-11-25 22:00:00,102.54
2012-11-25 23:00:00,78.08
2012-11-26 00:00:00,23.47
2012-11-26 01:00:00,11.94
2012-11-26 02:00:00,5.37
2012-11-26 03:00:00,6.34
2012-11-26 04:00:00,7.99
2012-11-26 05:00:00,37.0
2012-11-26 06:00:00,132.85
2012-11-26 07:00:00,386.75
2012-11-26 08:00:00,629.79
2012-11-26 09:00:00,299.7
2012-11-26 10:00:00,194.4
2012-11-26 11:00:00,212.13
2012-11-26 12:00:00,246.99
2012-11-26 13:00:00,245.43
2012-11-26 14:00:00,238.41
2012-11-26 15:00:00,249.13
2012-11-26 16:00:00,385.29
2012-11-26 17:00:00,588.37
2012-11-26 18:00:00,551.01
2012-11-26 19:00:00,345.87
2012-11-26 20:00:00,261.79
2012-11-26 21:00:00,189.96
2012-11-26 22:00:00,129.95
2012-11-26 23:00:00,89.17
2012-11-27 00:00:00,27.87
2012-11-27 01:00:00,15.46
2012-11-27 02:00:00,7.1
2012-11-27 03:00:00,5.02
2012-11-27 04:00:00,6.25
2012-11-27 05:00:00,28.99
2012-11-27 06:00:00,127.63
2012-11-27 07:00:00,273.55
2012-11-27 08:00:00,357.74
2012-11-27 09:00:00,322.88
2012-11-27 10:00:00,142.27
2012-11-27 11:00:00,129.28
2012-11-27 12:00:00,168.54
2012-11-27 13:00:00,176.88
2012-11-27 14:00:00,167.11
2012-11-27 15:00:00,207.9
2012-11-27 16:00:00,329.6
2012-11-27 17:00:00,519.45
2012-11-27 18:00:00,474.12
2012-11-27 19:00:00,343.62
2012-11-27 20:00:00,237.22
2012-11-27 21:00:00,161.81
2012-11-27 22:00:00,124.97
2012-11-27 23:00:00,86.78
2012-11-28 00:00:00,36.28
2012-11-28 01:00:00,13.97
2012-11-28 02:00:00,7.87
2012-11-28 03:00:00,5.39
2012-11-28 04:00:00,6.46
2012-11-28 05:00:00,34.6
2012-11-28 06:00:00,132.87
2012-11-28 07:00:00,365.94
2012-11-28 08:00:00,676.98
2012-11-28 09:00:00,334.17
2012-11-28 10:00:00,193.96
2012-11-28 11:00:00,195.53
2012-11-28 12:00:00,208.14
2012-11-28 13:00:00,229.09
2012-11-28 14:00:00,222.88
2012-11-28 15:00:00,238.59
2012-11-28 16:00:00,370.89
2012-11-28 17:00:00,586.92
2012-11-28 18:00:00,558.27
2012-11-28 19:00:00,384.18
2012-11-28 20:00:00,248.25
2012-11-28 21:00:00,195.12
2012-11-28 22:00:00,117.61
2012-11-28 23:00:00,90.12
2012-11-29 00:00:00,33.03
2012-11-29 01:00:00,12.89
2012-11-29 02:00:00,6.92
2012-11-29 04:00:00,7.35
2012-11-29 05:00:00,35.66
2012-11-29 06:00:00,132.73
2012-11-29 07:00:00,391.61
2012-11-29 08:00:00,623.2
2012-11-29 09:00:00,335.59
2012-11-29 10:00:00,168.74
2012-11-29 11:00:00,207.0
2012-11-29 12:00:00,238.39
2012-11-29 13:00:00,241.75
2012-11-29 14:00:00,213.7
2012-11-29 15:00:00,242.39
2012-11-29 16:00:00,376.22
2012-11-29 17:00:00,586.92
2012-11-29 18:00:00,557.62
2012-11-29 19:00:00,368.16
2012-11-29 20:00:00,253.25
2012-11-29 21:00:00,169.73
2012-11-29 22:00:00,144.26
2012-11-29 23:00:00,138.42
2012-11-30 00:00:00,38.97
2012-11-30 01:00:00,24.46
2012-11-30 02:00:00,11.99
2012-11-30 03:00:00,11.13
2012-11-30 04:00:00,10.17
2012-11-30 05:00:00,31.82
2012-11-30 06:00:00,125.91
2012-11-30 07:00:00,370.17
2012-11-30 08:00:00,551.55
2012-11-30 09:00:00,336.55
2012-11-30 10:00:00,190.23
2012-11-30 11:00:00,197.56
2012-11-30 12:00:00,257.18
2012-11-30 13:00:00,283.63
2012-11-30 14:00:00,267.26
2012-11-30 15:00:00,269.55
2012-11-30 16:00:00,407.09
2012-11-30 17:00:00,588.58
2012-11-30 18:00:00,503.72
2012-11-30 19:00:00,340.64
2012-11-30 20:00:00,242.98
2012-11-30 21:00:00,181.02
2012-11-30 22:00:00,149.34
2012-11-30 23:00:00,137.73
2012-12-20 00:00:00,43.93
2012-12-20 01:00:00,15.76
2012-12-20 02:00:00,13.03
2012-12-20 03:00:00,6.22
2012-12-20 04:00:00,6.95
2012-12-20 05:00:00,34.23
2012-12-20 06:00:00,137.86
2012-12-20 07:00:00,387.32
2012-12-20 08:00:00,638.31
2012-12-20 09:00:00,331.73
2012-12-20 10:00:00,169.22
2012-12-20 11:00:00,168.87
2012-12-20 12:00:00,224.99
2012-12-20 13:00:00,229.18
2012-12-20 14:00:00,217.85
2012-12-20 15:00:00,226.91
2012-12-20 16:00:00,348.07
2012-12-20 17:00:00,542.41
2012-12-20 18:00:00,530.43
2012-12-20 19:00:00,346.94
2012-12-20 20:00:00,247.74
2012-12-20 21:00:00,172.53
2012-12-20 22:00:00,100.7
2012-12-20 23:00:00,83.04
2012-12-21 00:00:00,68.21
2012-12-21 01:00:00,21.9
2012-12-21 02:00:00,9.91
2012-12-21 03:00:00,7.29
2012-12-21 04:00:00,7.66
2012-12-21 05:00:00,30.35
2012-12-21 06:00:00,104.21
2012-12-21 07:00:00,330.8
2012-12-21 08:00:00,594.42
2012-12-21 09:00:00,289.49
2012-12-21 10:00:00,188.93
2012-12-21 11:00:00,188.12
2012-12-21 12:00:00,225.44
2012-12-21 13:00:00,227.31
2012-12-21 14:00:00,229.74
2012-12-21 15:00:00,244.1
2012-12-21 16:00:00,325.59
2012-12-21 17:00:00,462.58
2012-12-21 18:00:00,417.13
2012-12-21 19:00:00,310.08
2012-12-21 20:00:00,184.26
2012-12-21 21:00:00,150.13
2012-12-21 22:00:00,113.42
2012-12-21 23:00:00,85.6
2012-12-22 00:00:00,109.44
2012-12-22 01:00:00,98.33
2012-12-22 02:00:00,49.55
2012-12-22 03:00:00,28.17
2012-12-22 04:00:00,7.63
2012-12-22 05:00:00,6.8
2012-12-22 06:00:00,21.2
2012-12-22 07:00:00,56.14
2012-12-22 08:00:00,150.25
2012-12-22 09:00:00,185.19
2012-12-22 10:00:00,248.04
2012-12-22 11:00:00,314.98
2012-12-22 12:00:00,362.73
2012-12-22 13:00:00,379.13
2012-12-22 14:00:00,381.37
2012-12-22 15:00:00,374.76
2012-12-22 16:00:00,333.57
2012-12-22 17:00:00,315.42
2012-12-22 18:00:00,271.85
2012-12-22 19:00:00,226.37
2012-12-22 20:00:00,139.76
2012-12-22 21:00:00,108.57
2012-12-22 22:00:00,102.87
2012-12-22 23:00:00,85.42
2012-12-23 00:00:00,112.69
2012-12-23 01:00:00,115.63
2012-12-23 02:00:00,52.85
2012-12-23 03:00:00,39.78
2012-12-23 04:00:00,6.03
2012-12-23 05:00:00,7.48
2012-12-23 06:00:00,16.39
2012-12-23 07:00:00,44.98
2012-12-23 08:00:00,117.61
2012-12-23 09:00:00,172.78
2012-12-23 10:00:00,255.61
2012-12-23 11:00:00,302.76
2012-12-23 12:00:00,355.46
2012-12-23 13:00:00,367.75
2012-12-23 14:00:00,383.46
2012-12-23 15:00:00,376.65
2012-12-23 16:00:00,356.81
2012-12-23 17:00:00,298.08
2012-12-23 18:00:00,255.0
2012-12-23 19:00:00,197.31
2012-12-23 20:00:00,123.56
2012-12-23 21:00:00,121.8
2012-12-23 22:00:00,101.67
2012-12-23 23:00:00,79.15
2012-12-24 00:00:00,23.75
2012-12-24 01:00:00,10.89
2012-12-24 02:00:00,5.45
2012-12-24 03:00:00,6.09
2012-12-24 05:00:00,32.38
2012-12-24 06:00:00,117.95
2012-12-24 07:00:00,335.01
2012-12-24 08:00:00,546.83
2012-12-24 09:00:00,257.38
2012-12-24 10:00:00,148.4
2012-12-24 11:00:00,150.77
2012-12-24 12:00:00,174.56
2012-12-24 13:00:00,152.87
2012-12-24 14:00:00,140.01
2012-12-24 15:00:00,150.09
2012-12-24 16:00:00,196.21
2012-12-24 17:00:00,339.56
2012-12-24 18:00:00,324.98
2012-12-24 19:00:00,295.42
2012-12-24 20:00:00,196.32
2012-12-24 21:00:00,131.48
2012-12-24 22:00:00,106.84
2012-12-24 23:00:00,66.56
2012-12-25 00:00:00,46.71
2012-12-25 01:00:00,29.87
2012-12-25 02:00:00,19.98
2012-12-25 04:00:00,7.74
2012-12-25 05:00:00,22.67
2012-12-25 06:00:00,45.84
2012-12-25 07:00:00,222.68
2012-12-25 08:00:00,303.28
2012-12-25 09:00:00,201.75
2012-12-25 10:00:00,242.08
2012-12-25 11:00:00,286.77
2012-12-25 12:00:00,311.12
2012-12-25 13:00:00,341.42
2012-12-25 14:00:00,342.87
2012-12-25 15:00:00,330.18
2012-12-25 16:00:00,315.29
2012-12-25 17:00:00,391.54
2012-12-25 18:00:00,354.5
2012-12-25 19:00:00,264.15
2012-12-25 20:00:00,203.7
2012-12-25 21:00:00,156.59
2012-12-25 22:00:00,115.59
2012-12-25 23:00:00,67.21
2012-12-26 00:00:00,37.3
2012-12-26 01:00:00,12.02
2012-12-26 02:00:00,9.52
2012-12-26 03:00:00,5.92
2012-12-26 04:00:00,7.76
2012-12-26 05:00:00,33.5
2012-12-26 06:00:00,119.27
2012-12-26 07:00:00,283.43
2012-12-26 08:00:00,334.35
2012-12-26 09:00:00,246.42
2012-12-26 10:00:00,131.3
2012-12-26 11:00:00,136.58
2012-12-26 12:00:00,155.77
2012-12-26 13:00:00,154.74
2012-12-26 14:00:00,156.57
2012-12-26 15:00:00,155.52
2012-12-26 16:00:00,206.08
2012-12-26 17:00:00,344.51
2012-12-26 18:00:00,329.27
2012-12-26 19:00:00,252.07
2012-12-26 20:00:00,174.3
2012-12-26 21:00:00,151.47
2012-12-26 22:00:00,96.68
2012-12-26 23:00:00,54.54
2012-12-27 00:00:00,40.1
2012-12-27 01:00:00,11.93
2012-12-27 02:00:00,8.96
2012-12-27 03:00:00,4.2
2012-12-27 04:00:00,6.93
2012-12-27 05:00:00,34.32
2012-12-27 06:00:00,112.29
2012-12-27 07:00:00,343.67
2012-12-27 08:00:00,600.26
2012-12-27 09:00:00,301.89
2012-12-27 10:00:00,151.98
2012-12-27 11:00:00,150.33
2012-12-27 12:00:00,184.68
2012-12-27 13:00:00,182.59
2012-12-27 14:00:00,173.91
2012-12-27 15:00:00,185.19
2012-12-27 16:00:00,274.79
2012-12-27 17:00:00,457.46
2012-12-27 18:00:00,433.1
2012-12-27 19:00:00,303.14
2012-12-27 20:00:00,201.88
2012-12-27 21:00:00,148.04
2012-12-27 22:00:00,112.73
2012-12-27 23:00:00,82.05
2012-12-28 00:00:00,42.37
2012-12-28 01:00:00,19.82
2012-12-28 02:00:00,10.84
2012-12-28 03:00:00,7.455
2012-12-28 04:00:00,7.585
2012-12-28 05:00:00,32.74
2012-12-28 06:00:00,110.46
2012-12-28 07:00:00,327.09
2012-12-28 08:00:00,560.57
2012-12-28 09:00:00,290.49
2012-12-28 10:00:00,155.82
2012-12-28 11:00:00,171.17
2012-12-28 12:00:00,207.95
2012-12-28 13:00:00,209.17
2012-12-28 14:00:00,206.46
2012-12-28 15:00:00,221.23
2012-12-28 16:00:00,318.03
2012-12-28 17:00:00,459.36
2012-12-28 18:00:00,402.54
2012-12-28 19:00:00,299.8
2012-12-28 20:00:00,188.1
2012-12-28 21:00:00,149.05
2012-12-28 22:00:00,121.41
2012-12-28 23:00:00,95.77
2012-12-29 00:00:00,103.09
2012-12-29 01:00:00,104.985
2012-12-29 02:00:00,51.36
2012-12-29 03:00:00,36.51
2012-12-29 04:00:00,8.08
2012-12-29 05:00:00,8.16
2012-12-29 06:00:00,18.0
2012-12-29 07:00:00,50.36
2012-12-29 08:00:00,124.01
2012-12-29 09:00:00,174.41
2012-12-29 10:00:00,231.21
2012-12-29 11:00:00,272.64
2012-12-29 12:00:00,296.09
2012-12-29 13:00:00,292.79
2012-12-29 14:00:00,328.66
2012-12-29 15:00:00,324.94
2012-12-29 16:00:00,330.16
2012-12-29 17:00:00,269.07
2012-12-29 18:00:00,259.87
2012-12-29 19:00:00,216.88
2012-12-29 20:00:00,157.66
2012-12-29 21:00:00,121.08
2012-12-29 22:00:00,107.58
2012-12-29 23:00:00,97.21
2012-12-30 00:00:00,116.59
2012-12-30 01:00:00,115.51
2012-12-30 02:00:00,54.36
2012-12-30 03:00:00,28.28
2012-12-30 04:00:00,6.74
2012-12-30 05:00:00,6.53
2012-12-30 06:00:00,15.87
2012-12-30 07:00:00,43.01
2012-12-30 08:00:00,128.68
2012-12-30 09:00:00,162.27
2012-12-30 10:00:00,257.04
2012-12-30 11:00:00,308.07
2012-12-30 12:00:00,340.52
2012-12-30 13:00:00,348.29
2012-12-30 14:00:00,345.87
2012-12-30 15:00:00,343.1
2012-12-30 16:00:00,316.3
2012-12-30 17:00:00,274.79
2012-12-30 18:00:00,245.22
2012-12-30 19:00:00,213.84
2012-12-30 20:00:00,117.14
2012-12-30 21:00:00,85.7
2012-12-30 22:00:00,85.41
2012-12-30 23:00:00,58.25
2012-12-31 00:00:00,26.8
2012-12-31 01:00:00,10.24
2012-12-31 02:00:00,6.01
2012-12-31 03:00:00,6.52
2012-12-31 04:00:00,8.04
2012-12-31 05:00:00,36.06
2012-12-31 06:00:00,122.35
2012-12-31 07:00:00,334.14
2012-12-31 08:00:00,548.05
2012-12-31 09:00:00,261.73
2012-12-31 10:00:00,147.62
2012-12-31 11:00:00,159.53
2012-12-31 12:00:00,173.61
2012-12-31 13:00:00,181.29
2012-12-31 14:00:00,182.56
2012-12-31 15:00:00,194.51
2012-12-31 16:00:00,286.19
2012-12-31 17:00:00,461.22
2012-12-31 18:00:00,426.51
2012-12-31 19:00:00,304.2
2012-12-31 20:00:00,201.51
2012-12-31 21:00:00,142.34
2012-12-31 22:00:00,114.22
2012-12-31 23:00:00,64.12
