datetime,count
2011-01-20 00:00:00,7.061999999999999
2011-01-20 01:00:00,3.5579999999999994
2011-01-20 02:00:00,2.286
2011-01-20 03:00:00,1.5299999999999998
2011-01-20 04:00:00,1.3699999999999997
2011-01-20 05:00:00,3.7399999999999998
2011-01-20 06:00:00,21.830000000000002
2011-01-20 07:00:00,53.245999999999995
2011-01-20 08:00:00,131.32
2011-01-20 09:00:00,76.164
2011-01-20 10:00:00,33.988
2011-01-20 11:00:00,37.656
2011-01-20 12:00:00,46.062000000000005
2011-01-20 13:00:00,42.98599999999999
2011-01-20 14:00:00,43.97
2011-01-20 15:00:00,44.388
2011-01-20 16:00:00,50.592000000000006
2011-01-20 17:00:00,117.35600000000001
2011-01-20 18:00:00,103.42399999999999
2011-01-20 19:00:00,62.67399999999999
2011-01-20 20:00:00,44.083999999999996
2011-01-20 21:00:00,29.088
2011-01-20 22:00:00,25.72
2011-01-20 23:00:00,14.014
2011-01-21 00:00:00,10.074
2011-01-21 01:00:00,4.192
2011-01-21 02:00:00,3.4779999999999993
2011-01-21 03:00:00,1.0959999999999999
2011-01-21 04:00:00,1.0277333333333334
2011-01-21 05:00:00,2.4659999999999997
2011-01-21 06:00:00,18.014
2011-01-21 07:00:00,52.37599999999999
2011-01-21 08:00:00,117.214
2011-01-21 09:00:00,77.636
2011-01-21 10:00:00,28.687999999999995
2011-01-21 11:00:00,33.576
2011-01-21 12:00:00,43.611999999999995
2011-01-21 13:00:00,41.296
2011-01-21 14:00:00,40.24999999999999
2011-01-21 15:00:00,40.342
2011-01-21 16:00:00,50.878
2011-01-21 17:00:00,94.252
2011-01-21 18:00:00,91.96999999999998
2011-01-21 19:00:00,62.44199999999999
2011-01-21 20:00:00,41.474000000000004
2011-01-21 21:00:00,26.556
2011-01-21 22:00:00,19.601999999999997
2011-01-21 23:00:00,11.852
2011-01-22 00:00:00,15.584
2011-01-22 01:00:00,11.154000000000002
2011-01-22 02:00:00,8.554
2011-01-22 03:00:00,4.5440000000000005
2011-01-22 04:00:00,1.8059999999999998
2011-01-22 06:00:00,1.884
2011-01-22 07:00:00,6.694
2011-01-22 08:00:00,13.947999999999999
2011-01-22 09:00:00,16.798
2011-01-22 10:00:00,32.664
2011-01-22 11:00:00,34.706
2011-01-22 12:00:00,47.76
2011-01-22 13:00:00,50.74999999999999
2011-01-22 14:00:00,47.153999999999996
2011-01-22 15:00:00,47.262
2011-01-22 16:00:00,48.724000000000004
2011-01-22 17:00:00,50.62199999999999
2011-01-22 18:00:00,36.364
2011-01-22 19:00:00,22.468
2011-01-22 20:00:00,23.694
2011-01-22 21:00:00,23.764
2011-01-22 22:00:00,17.726
2011-01-22 23:00:00,10.899999999999999
2011-01-23 00:00:00,17.006
2011-01-23 01:00:00,11.698
2011-01-23 02:00:00,9.863999999999999
2011-01-23 03:00:00,7.156
2011-01-23 05:00:00,1.7659999999999998
2011-01-23 06:00:00,1.418
2011-01-23 07:00:00,4.119999999999999
2011-01-23 08:00:00,11.464000000000002
2011-01-23 09:00:00,15.583999999999998
2011-01-23 10:00:00,31.471999999999998
2011-01-23 11:00:00,34.798
2011-01-23 12:00:00,45.02199999999999
2011-01-23 13:00:00,44.623999999999995
2011-01-23 14:00:00,45.78399999999999
2011-01-23 15:00:00,45.642
2011-01-23 16:00:00,47.705999999999996
2011-01-23 17:00:00,44.062
2011-01-23 18:00:00,40.605999999999995
2011-01-23 19:00:00,23.164
2011-01-23 20:00:00,19.023999999999997
2011-01-23 21:00:00,17.56
2011-01-23 22:00:00,12.703999999999999
2011-01-23 23:00:00,8.18
2011-01-24 00:00:00,6.9079999999999995
2011-01-24 01:00:00,2.47
2011-01-24 03:00:00,1.25
2011-01-24 04:00:00,1.322
2011-01-24 05:00:00,3.526
2011-01-24 06:00:00,19.44
2011-01-24 07:00:00,48.942
2011-01-24 08:00:00,107.07799999999999
2011-01-24 09:00:00,61.19199999999999
2011-01-24 10:00:00,23.242
2011-01-24 11:00:00,21.497999999999998
2011-01-24 12:00:00,32.083999999999996
2011-01-24 13:00:00,31.087999999999997
2011-01-24 14:00:00,28.464
2011-01-24 15:00:00,31.8
2011-01-24 16:00:00,43.21999999999999
2011-01-24 17:00:00,92.956
2011-01-24 18:00:00,90.04799999999999
2011-01-24 19:00:00,57.396
2011-01-24 20:00:00,40.826
2011-01-24 21:00:00,25.054000000000002
2011-01-24 22:00:00,14.959999999999999
2011-01-24 23:00:00,11.086
2011-01-25 00:00:00,4.566
2011-01-25 01:00:00,1.98
2011-01-25 02:00:00,1.406
2011-01-25 04:00:00,0.786
2011-01-25 05:00:00,2.706
2011-01-25 06:00:00,21.04
2011-01-25 07:00:00,47.626
2011-01-25 08:00:00,106.57799999999999
2011-01-25 09:00:00,69.742
2011-01-25 10:00:00,30.701999999999998
2011-01-25 11:00:00,31.898
2011-01-25 12:00:00,40.664
2011-01-25 13:00:00,40.654
2011-01-25 14:00:00,41.589999999999996
2011-01-25 15:00:00,41.798
2011-01-25 16:00:00,56.273999999999994
2011-01-25 17:00:00,124.01599999999999
2011-01-25 18:00:00,117.02799999999999
2011-01-25 19:00:00,64.94
2011-01-25 20:00:00,44.332
2011-01-25 21:00:00,29.396
2011-01-25 22:00:00,23.49
2011-01-25 23:00:00,10.956
2011-01-26 00:00:00,4.779999999999999
2011-01-26 01:00:00,3.3199999999999994
2011-01-26 02:00:00,1.6019999999999999
2011-01-26 05:00:00,1.932
2011-01-26 06:00:00,16.927999999999997
2011-01-26 07:00:00,43.440000000000005
2011-01-26 08:00:00,98.026
2011-01-26 09:00:00,33.756
2011-01-26 10:00:00,18.026
2011-01-26 11:00:00,17.352
2011-01-26 12:00:00,16.932
2011-01-26 13:00:00,18.18
2011-01-26 14:00:00,16.692
2011-01-26 15:00:00,16.796
2011-01-26 16:00:00,31.91
2011-01-26 17:00:00,72.38799999999999
2011-01-27 16:00:00,44.698
2011-01-27 17:00:00,99.678
2011-01-27 18:00:00,81.42999999999999
2011-01-27 19:00:00,60.09199999999999
2011-01-27 20:00:00,44.674
2011-01-27 21:00:00,28.208
2011-01-27 22:00:00,23.953999999999997
2011-01-27 23:00:00,13.43
2011-01-28 00:00:00,8.796
2011-01-28 01:00:00,3.614
2011-01-28 02:00:00,1.472
2011-01-28 03:00:00,1.089
2011-01-28 05:00:00,3.4583999999999997
2011-01-28 06:00:00,17.062
2011-01-28 07:00:00,51.04
2011-01-28 08:00:00,117.24399999999999
2011-01-28 09:00:00,35.514
2011-01-28 10:00:00,19.794
2011-01-28 11:00:00,18.862
2011-01-28 12:00:00,21.37
2011-01-28 13:00:00,22.540000000000003
2011-01-28 14:00:00,23.262
2011-01-28 15:00:00,31.082
2011-01-28 16:00:00,43.99799999999999
2011-01-28 17:00:00,100.12
2011-01-28 18:00:00,92.324
2011-01-28 19:00:00,61.711999999999996
2011-01-28 20:00:00,43.324
2011-01-28 21:00:00,28.066
2011-01-28 22:00:00,24.72
2011-01-28 23:00:00,14.431999999999999
2011-01-29 00:00:00,18.442
2011-01-29 01:00:00,12.302
2011-01-29 02:00:00,10.116
2011-01-29 03:00:00,6.216
2011-01-29 04:00:00,2.0359999999999996
2011-01-29 06:00:00,1.5139999999999998
2011-01-29 07:00:00,5.973999999999999
2011-01-29 08:00:00,14.344
2011-01-29 09:00:00,24.022
2011-01-29 10:00:00,36.504
2011-01-29 11:00:00,36.082
2011-01-29 12:00:00,49.38999999999999
2011-01-29 13:00:00,50.936
2011-01-29 14:00:00,48.940000000000005
2011-01-29 15:00:00,44.2
2011-01-29 16:00:00,53.611999999999995
2011-01-29 17:00:00,44.814
2011-01-29 18:00:00,41.804
2011-01-29 19:00:00,32.37
2011-01-29 20:00:00,24.912
2011-01-29 21:00:00,24.593999999999998
2011-01-29 22:00:00,20.854
2011-01-29 23:00:00,13.866
2011-01-30 00:00:00,16.512
2011-01-30 01:00:00,14.254
2011-01-30 02:00:00,11.622
2011-01-30 03:00:00,5.624
2011-01-30 04:00:00,3.116
2011-01-30 05:00:00,2.784
2011-01-30 07:00:00,4.732
2011-01-30 08:00:00,11.012
2011-01-30 09:00:00,16.892
2011-01-30 10:00:00,34.602000000000004
2011-01-30 11:00:00,37.22
2011-01-30 12:00:00,63.916
2011-01-30 13:00:00,56.955999999999996
2011-01-30 14:00:00,57.832
2011-01-30 15:00:00,59.446
2011-01-30 16:00:00,57.11
2011-01-30 17:00:00,45.188
2011-01-30 18:00:00,41.268
2011-01-30 19:00:00,23.582
2011-01-30 20:00:00,18.634
2011-01-30 21:00:00,18.095999999999997
2011-01-30 22:00:00,13.52
2011-01-30 23:00:00,10.472
2011-01-31 00:00:00,6.194
2011-01-31 01:00:00,2.276
2011-01-31 02:00:00,1.7339999999999998
2011-01-31 03:00:00,1.1580000000000001
2011-01-31 04:00:00,0.95
2011-01-31 05:00:00,1.3579999999999999
2011-01-31 06:00:00,20.028
2011-01-31 07:00:00,48.646
2011-01-31 08:00:00,98.52399999999999
2011-01-31 09:00:00,54.482
2011-01-31 10:00:00,24.182
2011-01-31 11:00:00,22.738
2011-01-31 12:00:00,34.025999999999996
2011-01-31 13:00:00,33.074
2011-01-31 14:00:00,31.613999999999997
2011-01-31 15:00:00,29.958
2011-01-31 16:00:00,43.016
2011-01-31 17:00:00,94.266
2011-01-31 18:00:00,89.328
2011-01-31 19:00:00,78.10199999999999
2011-01-31 20:00:00,39.148
2011-01-31 21:00:00,18.514
2011-01-31 22:00:00,17.759999999999998
2011-01-31 23:00:00,11.198
2011-02-20 00:00:00,21.338
2011-02-20 01:00:00,15.776
2011-02-20 02:00:00,12.292
2011-02-20 03:00:00,4.928
2011-02-20 04:00:00,1.8739999999999999
2011-02-20 06:00:00,1.46
2011-02-20 07:00:00,5.093999999999999
2011-02-20 08:00:00,13.816
2011-02-20 09:00:00,24.016
2011-02-20 10:00:00,56.86
2011-02-20 11:00:00,70.924
2011-02-20 12:00:00,81.97
2011-02-20 13:00:00,86.462
2011-02-20 14:00:00,93.90799999999999
2011-02-20 15:00:00,100.786
2011-02-20 16:00:00,97.14800000000001
2011-02-20 17:00:00,71.118
2011-02-20 18:00:00,50.054
2011-02-20 19:00:00,40.284
2011-02-20 20:00:00,39.544
2011-02-20 21:00:00,35.25
2011-02-20 22:00:00,29.738
2011-02-20 23:00:00,22.306
2011-02-21 00:00:00,13.014000000000001
2011-02-21 01:00:00,10.918
2011-02-21 02:00:00,5.5120000000000005
2011-02-21 03:00:00,2.748
2011-02-21 04:00:00,2.33
2011-02-21 05:00:00,5.3999999999999995
2011-02-21 06:00:00,12.588
2011-02-21 07:00:00,61.59199999999999
2011-02-21 08:00:00,84.268
2011-02-21 09:00:00,46.349999999999994
2011-02-21 10:00:00,46.449999999999996
2011-02-21 11:00:00,48.37
2011-02-21 12:00:00,51.84
2011-02-21 13:00:00,38.18599999999999
2011-02-21 14:00:00,49.706
2011-02-21 15:00:00,47.35999999999999
2011-02-21 16:00:00,45.22
2011-02-21 17:00:00,54.87199999999999
2011-02-21 18:00:00,48.025999999999996
2011-02-21 19:00:00,38.943999999999996
2011-02-21 20:00:00,26.587999999999997
2011-02-21 21:00:00,22.043999999999997
2011-02-21 22:00:00,15.123999999999999
2011-02-21 23:00:00,10.956000000000001
2011-02-22 06:00:00,19.706
2011-02-22 07:00:00,53.296
2011-02-22 08:00:00,120.202
2011-02-22 09:00:00,65.57199999999999
2011-02-22 10:00:00,26.145999999999997
2011-02-22 11:00:00,29.086
2011-02-22 12:00:00,34.826
2011-02-22 13:00:00,42.480000000000004
2011-02-22 14:00:00,40.812
2011-02-22 15:00:00,42.484
2011-02-22 16:00:00,43.47599999999999
2011-02-22 17:00:00,100.41000000000001
2011-02-22 18:00:00,97.98799999999999
2011-02-22 19:00:00,58.971999999999994
2011-02-22 20:00:00,48.186
2011-02-22 21:00:00,33.004000000000005
2011-02-22 22:00:00,20.716
2011-02-22 23:00:00,13.622000000000002
2011-02-23 00:00:00,6.0840000000000005
2011-02-23 01:00:00,3.44
2011-02-23 02:00:00,0.9939999999999999
2011-02-23 03:00:00,0.8160000000000001
2011-02-23 05:00:00,3.646
2011-02-23 06:00:00,20.84
2011-02-23 07:00:00,51.324
2011-02-23 08:00:00,118.132
2011-02-23 09:00:00,73.316
2011-02-23 10:00:00,30.602
2011-02-23 11:00:00,34.461999999999996
2011-02-23 12:00:00,43.518
2011-02-23 13:00:00,42.698
2011-02-23 14:00:00,41.705999999999996
2011-02-23 15:00:00,41.702
2011-02-23 16:00:00,57.73799999999999
2011-02-23 17:00:00,127.35799999999998
2011-02-23 18:00:00,120.02
2011-02-23 19:00:00,80.89599999999999
2011-02-23 20:00:00,46.39
2011-02-23 21:00:00,38.332
2011-02-23 22:00:00,28.212
2011-02-23 23:00:00,17.647999999999996
2011-02-24 00:00:00,7.552
2011-02-24 01:00:00,3.8520000000000003
2011-02-24 02:00:00,1.376
2011-02-24 03:00:00,0.798
2011-02-24 05:00:00,3.554
2011-02-24 06:00:00,21.102
2011-02-24 07:00:00,56.093999999999994
2011-02-24 08:00:00,145.71
2011-02-24 09:00:00,76.44999999999999
2011-02-24 10:00:00,34.602
2011-02-24 11:00:00,40.808
2011-02-24 12:00:00,49.862
2011-02-24 13:00:00,48.9
2011-02-24 14:00:00,47.836
2011-02-24 15:00:00,25.75
2011-02-24 16:00:00,43.087999999999994
2011-02-24 17:00:00,109.76
2011-02-24 18:00:00,85.502
2011-02-24 19:00:00,56.948
2011-02-24 20:00:00,42.83
2011-02-24 21:00:00,39.116
2011-02-24 22:00:00,19.918
2011-02-24 23:00:00,20.930000000000003
2011-02-25 00:00:00,9.929999999999998
2011-02-25 01:00:00,6.591999999999999
2011-02-25 02:00:00,3.916
2011-02-25 03:00:00,1.528
2011-02-25 05:00:00,6.2379999999999995
2011-02-25 06:00:00,29.458
2011-02-25 07:00:00,56.686
2011-02-25 08:00:00,104.16799999999999
2011-02-25 09:00:00,40.775999999999996
2011-02-25 10:00:00,29.258
2011-02-25 11:00:00,61.226
2011-02-25 12:00:00,88.244
2011-02-25 13:00:00,88.15
2011-02-25 14:00:00,88.43
2011-02-25 15:00:00,79.71
2011-02-25 16:00:00,63.95399999999999
2011-02-25 17:00:00,112.696
2011-02-25 18:00:00,98.32600000000001
2011-02-25 19:00:00,66.29599999999999
2011-02-25 20:00:00,42.298
2011-02-25 21:00:00,31.166
2011-02-25 22:00:00,25.398000000000003
2011-02-25 23:00:00,20.428
2011-02-26 00:00:00,17.997999999999998
2011-02-26 01:00:00,11.411999999999999
2011-02-26 02:00:00,10.606
2011-02-26 03:00:00,5.918
2011-02-26 04:00:00,1.9979999999999998
2011-02-26 05:00:00,1.91
2011-02-26 06:00:00,1.784
2011-02-26 07:00:00,5.998000000000001
2011-02-26 08:00:00,15.462
2011-02-26 09:00:00,26.222
2011-02-26 10:00:00,62.434
2011-02-26 11:00:00,71.24
2011-02-26 12:00:00,78.096
2011-02-26 13:00:00,77.762
2011-02-26 14:00:00,78.24199999999999
2011-02-26 15:00:00,85.106
2011-02-26 16:00:00,79.67
2011-02-26 17:00:00,73.37199999999999
2011-02-26 18:00:00,50.316
2011-02-26 19:00:00,38.956
2011-02-26 20:00:00,31.916
2011-02-26 21:00:00,31.144
2011-02-26 22:00:00,29.349999999999998
2011-02-26 23:00:00,25.331999999999997
2011-02-27 00:00:00,19.098
2011-02-27 01:00:00,15.11
2011-02-27 02:00:00,13.491999999999999
2011-02-27 03:00:00,6.502
2011-02-27 04:00:00,3.4139999999999997
2011-02-27 06:00:00,1.3179999999999998
2011-02-27 07:00:00,5.593999999999999
2011-02-27 08:00:00,11.606
2011-02-27 09:00:00,27.372000000000003
2011-02-27 10:00:00,55.594
2011-02-27 11:00:00,77.468
2011-02-27 12:00:00,94.198
2011-02-27 13:00:00,88.722
2011-02-27 14:00:00,101.53999999999999
2011-02-27 15:00:00,105.04999999999998
2011-02-27 16:00:00,113.24600000000001
2011-02-27 17:00:00,71.856
2011-02-27 18:00:00,58.268
2011-02-27 19:00:00,45.242
2011-02-27 20:00:00,38.33
2011-02-27 21:00:00,34.296
2011-02-27 22:00:00,33.53
2011-02-27 23:00:00,23.808
2011-02-28 00:00:00,10.66
2011-02-28 01:00:00,3.2239999999999998
2011-02-28 03:00:00,1.0799999999999998
2011-02-28 05:00:00,6.4239999999999995
2011-02-28 06:00:00,26.328
2011-02-28 07:00:00,69.014
2011-02-28 08:00:00,139.464
2011-02-28 09:00:00,85.90799999999999
2011-02-28 10:00:00,46.646
2011-02-28 11:00:00,50.218
2011-02-28 12:00:00,69.882
2011-02-28 13:00:00,38.41
2011-02-28 14:00:00,26.009999999999998
2011-02-28 15:00:00,26.105999999999998
2011-02-28 16:00:00,45.652
2011-02-28 17:00:00,89.47999999999999
2011-02-28 18:00:00,132.496
2011-02-28 19:00:00,74.96799999999999
2011-02-28 20:00:00,74.596
2011-02-28 21:00:00,45.55599999999999
2011-02-28 22:00:00,21.156
2011-02-28 23:00:00,15.145999999999999
2011-03-20 00:00:00,23.837999999999997
2011-03-20 01:00:00,17.47
2011-03-20 02:00:00,14.298
2011-03-20 03:00:00,7.35
2011-03-20 04:00:00,2.346
2011-03-20 05:00:00,2.586
2011-03-20 06:00:00,3.4539999999999997
2011-03-20 07:00:00,9.154
2011-03-20 08:00:00,25.816
2011-03-20 09:00:00,38.286
2011-03-20 10:00:00,75.104
2011-03-20 11:00:00,87.376
2011-03-20 12:00:00,108.452
2011-03-20 13:00:00,107.64600000000002
2011-03-20 14:00:00,110.878
2011-03-20 15:00:00,119.94000000000001
2011-03-20 16:00:00,118.57600000000001
2011-03-20 17:00:00,97.646
2011-03-20 18:00:00,81.53
2011-03-20 19:00:00,52.528000000000006
2011-03-20 20:00:00,47.204
2011-03-20 21:00:00,37.87
2011-03-20 22:00:00,30.896
2011-03-20 23:00:00,23.284000000000002
2011-03-21 00:00:00,8.388
2011-03-21 01:00:00,4.062
2011-03-21 02:00:00,2.88
2011-03-21 03:00:00,1.626
2011-03-21 05:00:00,5.254
2011-03-21 06:00:00,28.518
2011-03-21 07:00:00,48.918
2011-03-21 08:00:00,143.136
2011-03-21 09:00:00,84.202
2011-03-21 10:00:00,37.388
2011-03-21 11:00:00,40.742
2011-03-21 12:00:00,43.896
2011-03-21 13:00:00,64.288
2011-03-21 14:00:00,68.228
2011-03-21 15:00:00,78.506
2011-03-21 16:00:00,96.86399999999999
2011-03-21 17:00:00,198.54
2011-03-21 18:00:00,182.182
2011-03-21 19:00:00,151.054
2011-03-21 20:00:00,102.89800000000001
2011-03-21 21:00:00,63.803999999999995
2011-03-21 22:00:00,57.013999999999996
2011-03-21 23:00:00,29.101999999999997
2011-03-22 00:00:00,18.314
2011-03-22 01:00:00,5.41
2011-03-22 02:00:00,3.546
2011-03-22 03:00:00,2.19
2011-03-22 04:00:00,1.868
2011-03-22 05:00:00,9.286
2011-03-22 06:00:00,30.616
2011-03-22 07:00:00,89.45400000000001
2011-03-22 08:00:00,164.948
2011-03-22 09:00:00,88.954
2011-03-22 10:00:00,45.211999999999996
2011-03-22 11:00:00,45.230000000000004
2011-03-22 12:00:00,64.426
2011-03-22 13:00:00,64.072
2011-03-22 14:00:00,62.102
2011-03-22 15:00:00,65.82600000000001
2011-03-22 16:00:00,88.448
2011-03-22 17:00:00,187.48
2011-03-22 18:00:00,174.11599999999999
2011-03-22 19:00:00,106.11599999999999
2011-03-22 20:00:00,80.19800000000001
2011-03-22 21:00:00,56.705999999999996
2011-03-22 22:00:00,39.885999999999996
2011-03-22 23:00:00,23.298
2011-03-23 00:00:00,10.864
2011-03-23 01:00:00,4.286
2011-03-23 02:00:00,2.684
2011-03-23 03:00:00,1.512
2011-03-23 05:00:00,5.294
2011-03-23 06:00:00,29.468
2011-03-23 07:00:00,71.82999999999998
2011-03-23 08:00:00,154.188
2011-03-23 09:00:00,90.14
2011-03-23 10:00:00,36.873999999999995
2011-03-23 11:00:00,35.004
2011-03-23 12:00:00,42.366
2011-03-23 13:00:00,28.126
2011-03-23 14:00:00,41.236
2011-03-23 15:00:00,44.20199999999999
2011-03-23 16:00:00,76.904
2011-03-23 17:00:00,152.72799999999998
2011-03-23 18:00:00,110.572
2011-03-23 19:00:00,79.45599999999999
2011-03-23 20:00:00,40.604
2011-03-23 21:00:00,30.436000000000003
2011-03-23 22:00:00,21.512
2011-03-23 23:00:00,16.128
2011-03-24 00:00:00,8.899999999999999
2011-03-24 01:00:00,4.103999999999999
2011-03-24 02:00:00,2.8979999999999997
2011-03-24 03:00:00,1.702
2011-03-24 04:00:00,1.444
2011-03-24 05:00:00,6.052
2011-03-24 06:00:00,25.273999999999997
2011-03-24 07:00:00,52.45
2011-03-24 08:00:00,94.552
2011-03-24 09:00:00,86.404
2011-03-24 10:00:00,32.298
2011-03-24 11:00:00,37.232
2011-03-24 12:00:00,44.672
2011-03-24 13:00:00,47.96000000000001
2011-03-24 14:00:00,43.964
2011-03-24 15:00:00,43.306
2011-03-24 16:00:00,54.48
2011-03-24 17:00:00,117.64399999999999
2011-03-24 18:00:00,108.032
2011-03-24 19:00:00,68.104
2011-03-24 20:00:00,46.034
2011-03-24 21:00:00,35.486
2011-03-24 22:00:00,28.642
2011-03-24 23:00:00,19.833999999999996
2011-03-25 00:00:00,10.454
2011-03-25 01:00:00,3.434
2011-03-25 02:00:00,2.02
2011-03-25 03:00:00,1.6429999999999998
2011-03-25 04:00:00,1.0724
2011-03-25 05:00:00,5.038
2011-03-25 06:00:00,20.939999999999998
2011-03-25 07:00:00,65.08200000000001
2011-03-25 08:00:00,144.606
2011-03-25 09:00:00,81.734
2011-03-25 10:00:00,43.22
2011-03-25 11:00:00,48.901999999999994
2011-03-25 12:00:00,54.99799999999999
2011-03-25 13:00:00,52.662000000000006
2011-03-25 14:00:00,54.27799999999999
2011-03-25 15:00:00,50.86000000000001
2011-03-25 16:00:00,69.324
2011-03-25 17:00:00,129.978
2011-03-25 18:00:00,118.318
2011-03-25 19:00:00,74.55199999999999
2011-03-25 20:00:00,48.962
2011-03-25 21:00:00,40.726
2011-03-25 22:00:00,27.066000000000003
2011-03-25 23:00:00,20.718
2011-03-26 00:00:00,22.034
2011-03-26 01:00:00,15.815999999999999
2011-03-26 02:00:00,11.004
2011-03-26 03:00:00,5.944
2011-03-26 04:00:00,2.496
2011-03-26 05:00:00,1.972
2011-03-26 06:00:00,5.4479999999999995
2011-03-26 07:00:00,10.01
2011-03-26 08:00:00,31.154
2011-03-26 09:00:00,41.06
2011-03-26 10:00:00,60.128
2011-03-26 11:00:00,64.568
2011-03-26 12:00:00,74.21
2011-03-26 13:00:00,78.676
2011-03-26 14:00:00,82.362
2011-03-26 15:00:00,86.062
2011-03-26 16:00:00,90.21000000000001
2011-03-26 17:00:00,87.068
2011-03-26 18:00:00,83.37599999999999
2011-03-26 19:00:00,40.55
2011-03-26 20:00:00,33.192
2011-03-26 21:00:00,33.364
2011-03-26 22:00:00,28.9
2011-03-26 23:00:00,21.186
2011-03-27 00:00:00,22.488
2011-03-27 01:00:00,12.985999999999999
2011-03-27 02:00:00,11.964
2011-03-27 03:00:00,6.6899999999999995
2011-03-27 04:00:00,3.2119999999999997
2011-03-27 06:00:00,5.308
2011-03-27 07:00:00,8.844
2011-03-27 08:00:00,24.834
2011-03-27 09:00:00,37.122
2011-03-27 10:00:00,50.934
2011-03-27 11:00:00,60.160000000000004
2011-03-27 12:00:00,69.614
2011-03-27 13:00:00,74.99199999999999
2011-03-27 14:00:00,83.702
2011-03-27 15:00:00,78.852
2011-03-27 16:00:00,87.486
2011-03-27 17:00:00,72.488
2011-03-27 18:00:00,60.536
2011-03-27 19:00:00,40.995999999999995
2011-03-27 20:00:00,31.766000000000002
2011-03-27 21:00:00,27.246
2011-03-27 22:00:00,24.424
2011-03-27 23:00:00,18.216
2011-03-28 00:00:00,7.138
2011-03-28 01:00:00,2.9939999999999998
2011-03-28 02:00:00,1.934
2011-03-28 03:00:00,1.25
2011-03-28 05:00:00,4.08
2011-03-28 06:00:00,22.299999999999997
2011-03-28 07:00:00,63.302
2011-03-28 08:00:00,136.016
2011-03-28 09:00:00,75.90799999999999
2011-03-28 10:00:00,34.361999999999995
2011-03-28 11:00:00,34.95
2011-03-28 12:00:00,45.12200000000001
2011-03-28 13:00:00,44.302
2011-03-28 14:00:00,43.617999999999995
2011-03-28 15:00:00,44.58
2011-03-28 16:00:00,61.483999999999995
2011-03-28 17:00:00,136.628
2011-03-28 18:00:00,130.972
2011-03-28 19:00:00,81.534
2011-03-28 20:00:00,58.43599999999999
2011-03-28 21:00:00,41.46
2011-03-28 22:00:00,29.678
2011-03-28 23:00:00,16.602
2011-03-29 00:00:00,7.994
2011-03-29 01:00:00,2.174
2011-03-29 02:00:00,2.008
2011-03-29 03:00:00,1.42
2011-03-29 04:00:00,1.254
2011-03-29 05:00:00,3.986
2011-03-29 06:00:00,24.849999999999998
2011-03-29 07:00:00,68.574
2011-03-29 08:00:00,148.24399999999997
2011-03-29 09:00:00,86.06400000000001
2011-03-29 10:00:00,37.455999999999996
2011-03-29 11:00:00,42.028
2011-03-29 12:00:00,49.166000000000004
2011-03-29 13:00:00,48.858000000000004
2011-03-29 14:00:00,50.56399999999999
2011-03-29 15:00:00,50.641999999999996
2011-03-29 16:00:00,62.234
2011-03-29 17:00:00,160.902
2011-03-29 18:00:00,145.02
2011-03-29 19:00:00,91.014
2011-03-29 20:00:00,70.12599999999999
2011-03-29 21:00:00,51.362
2011-03-29 22:00:00,35.878
2011-03-29 23:00:00,20.087999999999997
2011-03-30 00:00:00,10.443999999999999
2011-03-30 01:00:00,5.446
2011-03-30 02:00:00,2.606
2011-03-30 03:00:00,2.216
2011-03-30 04:00:00,1.8679999999999999
2011-03-30 05:00:00,6.711999999999999
2011-03-30 06:00:00,26.832
2011-03-30 07:00:00,82.526
2011-03-30 08:00:00,159.834
2011-03-30 09:00:00,91.60199999999999
2011-03-30 10:00:00,42.378
2011-03-30 11:00:00,42.837999999999994
2011-03-30 12:00:00,47.924
2011-03-30 13:00:00,51.04599999999999
2011-03-30 14:00:00,46.752
2011-03-30 15:00:00,27.069999999999997
2011-03-30 16:00:00,34.388
2011-03-30 17:00:00,86.528
2011-03-30 18:00:00,78.93
2011-03-30 19:00:00,47.104
2011-03-30 20:00:00,33.99399999999999
2011-03-30 21:00:00,34.254
2011-03-30 22:00:00,22.581999999999997
2011-03-30 23:00:00,15.133999999999999
2011-03-31 00:00:00,6.496
2011-03-31 01:00:00,3.3260000000000005
2011-03-31 02:00:00,2.356
2011-03-31 03:00:00,1.696
2011-03-31 04:00:00,1.468
2011-03-31 05:00:00,5.597999999999999
2011-03-31 06:00:00,17.683999999999997
2011-03-31 07:00:00,51.112
2011-03-31 08:00:00,135.378
2011-03-31 09:00:00,39.91
2011-03-31 10:00:00,20.448
2011-03-31 11:00:00,23.086000000000002
2011-03-31 12:00:00,28.163999999999998
2011-03-31 13:00:00,27.142000000000003
2011-03-31 14:00:00,23.924
2011-03-31 15:00:00,21.772
2011-03-31 16:00:00,48.964
2011-03-31 17:00:00,99.55600000000001
2011-03-31 18:00:00,97.67600000000002
2011-03-31 19:00:00,68.652
2011-03-31 20:00:00,35.19
2011-03-31 21:00:00,36.388
2011-03-31 22:00:00,22.18
2011-03-31 23:00:00,21.721999999999998
2011-04-20 00:00:00,20.488
2011-04-20 01:00:00,4.294
2011-04-20 02:00:00,3.4159999999999995
2011-04-20 03:00:00,2.106
2011-04-20 04:00:00,2.3699999999999997
2011-04-20 05:00:00,10.052
2011-04-20 06:00:00,33.809999999999995
2011-04-20 07:00:00,99.274
2011-04-20 08:00:00,190.874
2011-04-20 09:00:00,97.868
2011-04-20 10:00:00,60.178
2011-04-20 11:00:00,64.11
2011-04-20 12:00:00,73.02199999999999
2011-04-20 13:00:00,71.776
2011-04-20 14:00:00,73.40599999999999
2011-04-20 15:00:00,75.304
2011-04-20 16:00:00,111.73799999999999
2011-04-20 17:00:00,215.53799999999998
2011-04-20 18:00:00,210.52399999999997
2011-04-20 19:00:00,171.892
2011-04-20 20:00:00,113.038
2011-04-20 21:00:00,90.582
2011-04-20 22:00:00,66.672
2011-04-20 23:00:00,50.934
2011-04-21 00:00:00,21.436
2011-04-21 01:00:00,8.224
2011-04-21 02:00:00,6.1739999999999995
2011-04-21 03:00:00,2.4539999999999997
2011-04-21 04:00:00,2.088
2011-04-21 05:00:00,8.482
2011-04-21 06:00:00,27.182
2011-04-21 07:00:00,88.452
2011-04-21 08:00:00,166.464
2011-04-21 09:00:00,100.652
2011-04-21 10:00:00,50.642
2011-04-21 11:00:00,54.924
2011-04-21 12:00:00,74.75
2011-04-21 13:00:00,70.24199999999999
2011-04-21 14:00:00,66.036
2011-04-21 15:00:00,66.17
2011-04-21 16:00:00,92.344
2011-04-21 17:00:00,197.12199999999999
2011-04-21 18:00:00,188.33200000000002
2011-04-21 19:00:00,128.51
2011-04-21 20:00:00,110.18599999999999
2011-04-21 21:00:00,70.812
2011-04-21 22:00:00,60.455999999999996
2011-04-21 23:00:00,34.583999999999996
2011-04-22 00:00:00,19.073999999999998
2011-04-22 01:00:00,11.734
2011-04-22 02:00:00,4.746
2011-04-22 03:00:00,2.916
2011-04-22 04:00:00,2.3579999999999997
2011-04-22 05:00:00,6.9079999999999995
2011-04-22 06:00:00,31.880000000000003
2011-04-22 07:00:00,86.31599999999999
2011-04-22 08:00:00,165.56799999999998
2011-04-22 09:00:00,46.339999999999996
2011-04-22 10:00:00,48.504
2011-04-22 11:00:00,29.866
2011-04-22 12:00:00,32.598
2011-04-22 13:00:00,25.112000000000002
2011-04-22 14:00:00,14.684
2011-04-22 15:00:00,22.073999999999998
2011-04-22 16:00:00,46.814
2011-04-22 17:00:00,80.28800000000001
2011-04-22 18:00:00,58.804
2011-04-22 19:00:00,50.49399999999999
2011-04-22 20:00:00,42.75
2011-04-22 21:00:00,36.702
2011-04-22 22:00:00,28.791999999999998
2011-04-22 23:00:00,25.194
2011-04-23 00:00:00,18.291999999999998
2011-04-23 01:00:00,14.722
2011-04-23 02:00:00,13.328
2011-04-23 03:00:00,11.016
2011-04-23 04:00:00,3.7100000000000004
2011-04-23 05:00:00,3.794
2011-04-23 06:00:00,9.458
2011-04-23 07:00:00,11.324
2011-04-23 08:00:00,30.409999999999997
2011-04-23 09:00:00,38.339999999999996
2011-04-23 10:00:00,65.16199999999999
2011-04-23 11:00:00,52.896
2011-04-23 12:00:00,57.394
2011-04-23 13:00:00,62.208
2011-04-23 14:00:00,105.36999999999999
2011-04-23 15:00:00,129.604
2011-04-23 16:00:00,139.624
2011-04-23 17:00:00,170.78
2011-04-23 18:00:00,137.574
2011-04-23 19:00:00,111.286
2011-04-23 20:00:00,83.534
2011-04-23 21:00:00,83.27799999999999
2011-04-23 22:00:00,77.42
2011-04-23 23:00:00,56.902
2011-04-24 00:00:00,45.094
2011-04-24 01:00:00,33.106
2011-04-24 02:00:00,22.244
2011-04-24 03:00:00,14.742
2011-04-24 04:00:00,4.438
2011-04-24 05:00:00,4.964
2011-04-24 06:00:00,9.45
2011-04-24 07:00:00,22.178
2011-04-24 08:00:00,48.138
2011-04-24 09:00:00,71.046
2011-04-24 10:00:00,114.428
2011-04-24 11:00:00,136.286
2011-04-24 12:00:00,149.41199999999998
2011-04-24 13:00:00,149.01
2011-04-24 14:00:00,155.416
2011-04-24 15:00:00,152.31400000000002
2011-04-24 16:00:00,164.24880000000002
2011-04-24 17:00:00,188.338
2011-04-24 18:00:00,166.736
2011-04-24 19:00:00,104.244
2011-04-24 20:00:00,89.196
2011-04-24 21:00:00,44.38399999999999
2011-04-24 22:00:00,32.01
2011-04-24 23:00:00,34.256
2011-04-25 00:00:00,11.808
2011-04-25 01:00:00,7.026
2011-04-25 02:00:00,4.45
2011-04-25 03:00:00,2.412
2011-04-25 04:00:00,2.58
2011-04-25 05:00:00,6.964
2011-04-25 06:00:00,36.532
2011-04-25 07:00:00,106.31
2011-04-25 08:00:00,191.342
2011-04-25 09:00:00,90.724
2011-04-25 10:00:00,54.751999999999995
2011-04-25 11:00:00,57.443999999999996
2011-04-25 12:00:00,72.01
2011-04-25 13:00:00,80.62
2011-04-25 14:00:00,81.508
2011-04-25 15:00:00,82.484
2011-04-25 16:00:00,116.756
2011-04-25 17:00:00,223.20200000000003
2011-04-25 18:00:00,213.176
2011-04-25 19:00:00,159.328
2011-04-25 20:00:00,108.62
2011-04-25 21:00:00,88.496
2011-04-25 22:00:00,56.05799999999999
2011-04-25 23:00:00,34.732
2011-04-26 00:00:00,14.017999999999999
2011-04-26 01:00:00,7.300000000000001
2011-04-26 02:00:00,3.3019999999999996
2011-04-26 03:00:00,2.108
2011-04-26 04:00:00,2.178
2011-04-26 05:00:00,9.792
2011-04-26 06:00:00,37.818
2011-04-26 07:00:00,97.114
2011-04-26 08:00:00,183.41199999999998
2011-04-26 09:00:00,86.80600000000001
2011-04-26 10:00:00,52.584
2011-04-26 11:00:00,55.766
2011-04-26 12:00:00,73.14
2011-04-26 13:00:00,74.44
2011-04-26 14:00:00,73.63
2011-04-26 15:00:00,71.694
2011-04-26 16:00:00,114.38999999999999
2011-04-26 17:00:00,221.05399999999997
2011-04-26 18:00:00,216.61599999999999
2011-04-26 19:00:00,155.382
2011-04-26 20:00:00,102.534
2011-04-26 21:00:00,87.358
2011-04-26 22:00:00,67.518
2011-04-26 23:00:00,38.214
2011-04-27 00:00:00,17.506
2011-04-27 01:00:00,6.354
2011-04-27 02:00:00,4.038
2011-04-27 03:00:00,2.026
2011-04-27 04:00:00,2.386
2011-04-27 05:00:00,7.704
2011-04-27 06:00:00,38.89
2011-04-27 07:00:00,104.28200000000001
2011-04-27 08:00:00,182.034
2011-04-27 09:00:00,82.062
2011-04-27 10:00:00,51.14
2011-04-27 11:00:00,50.906
2011-04-27 12:00:00,58.128
2011-04-27 13:00:00,57.83
2011-04-27 14:00:00,65.882
2011-04-27 15:00:00,70.22200000000001
2011-04-27 16:00:00,105.446
2011-04-27 17:00:00,203.00399999999996
2011-04-27 18:00:00,197.84199999999998
2011-04-27 19:00:00,155.036
2011-04-27 20:00:00,105.07399999999998
2011-04-27 21:00:00,73.44
2011-04-27 22:00:00,57.012
2011-04-27 23:00:00,38.489999999999995
2011-04-28 00:00:00,24.238
2011-04-28 01:00:00,7.5840000000000005
2011-04-28 02:00:00,4.378
2011-04-28 03:00:00,2.9
2011-04-28 04:00:00,2.59
2011-04-28 05:00:00,9.148
2011-04-28 06:00:00,38.812
2011-04-28 07:00:00,97.884
2011-04-28 08:00:00,187.62
2011-04-28 09:00:00,84.11
2011-04-28 10:00:00,57.69
2011-04-28 11:00:00,57.242
2011-04-28 12:00:00,64.044
2011-04-28 13:00:00,62.554
2011-04-28 14:00:00,63.001999999999995
2011-04-28 15:00:00,74.66199999999999
2011-04-28 16:00:00,98.596
2011-04-28 17:00:00,216.14000000000001
2011-04-28 18:00:00,209.47400000000002
2011-04-28 19:00:00,149.794
2011-04-28 20:00:00,107.31
2011-04-28 21:00:00,88.72800000000001
2011-04-28 22:00:00,67.632
2011-04-28 23:00:00,62.748000000000005
2011-04-29 00:00:00,28.215999999999998
2011-04-29 01:00:00,15.108
2011-04-29 02:00:00,9.604
2011-04-29 03:00:00,3.1660000000000004
2011-04-29 04:00:00,2.996
2011-04-29 05:00:00,10.542000000000002
2011-04-29 06:00:00,37.474000000000004
2011-04-29 07:00:00,110.30999999999999
2011-04-29 08:00:00,193.00799999999998
2011-04-29 09:00:00,114.776
2011-04-29 10:00:00,75.794
2011-04-29 11:00:00,86.224
2011-04-29 12:00:00,97.858
2011-04-29 13:00:00,98.854
2011-04-29 14:00:00,103.944
2011-04-29 15:00:00,95.66999999999999
2011-04-29 16:00:00,109.13600000000001
2011-04-29 17:00:00,206.794
2011-04-29 18:00:00,200.952
2011-04-29 19:00:00,121.878
2011-04-29 20:00:00,95.82600000000001
2011-04-29 21:00:00,75.83399999999999
2011-04-29 22:00:00,61.638
2011-04-29 23:00:00,51.86599999999999
2011-04-30 00:00:00,28.848
2011-04-30 01:00:00,23.650000000000002
2011-04-30 02:00:00,18.259999999999998
2011-04-30 03:00:00,11.046
2011-04-30 04:00:00,3.3139999999999996
2011-04-30 05:00:00,2.8400000000000003
2011-04-30 06:00:00,10.44
2011-04-30 07:00:00,15.819999999999999
2011-04-30 08:00:00,32.766
2011-04-30 09:00:00,64.196
2011-04-30 10:00:00,117.4
2011-04-30 11:00:00,129.06799999999998
2011-04-30 12:00:00,145.602
2011-04-30 13:00:00,145.124
2011-04-30 14:00:00,133.952
2011-04-30 15:00:00,140.878
2011-04-30 16:00:00,148.112
2011-04-30 17:00:00,166.39799999999997
2011-04-30 18:00:00,150.66
2011-04-30 19:00:00,126.36399999999999
2011-04-30 20:00:00,62.0
2011-04-30 21:00:00,61.812
2011-04-30 22:00:00,55.92400000000001
2011-04-30 23:00:00,42.245999999999995
2011-05-20 00:00:00,21.548
2011-05-20 01:00:00,12.260000000000002
2011-05-20 02:00:00,7.982
2011-05-20 03:00:00,3.472
2011-05-20 04:00:00,2.772
2011-05-20 05:00:00,14.633999999999999
2011-05-20 06:00:00,51.474000000000004
2011-05-20 07:00:00,149.386
2011-05-20 08:00:00,270.022
2011-05-20 09:00:00,123.34599999999999
2011-05-20 10:00:00,85.748
2011-05-20 11:00:00,99.99599999999998
2011-05-20 12:00:00,136.08399999999997
2011-05-20 13:00:00,128.712
2011-05-20 14:00:00,131.43800000000002
2011-05-20 15:00:00,137.28199999999998
2011-05-20 16:00:00,198.994
2011-05-20 17:00:00,298.18399999999997
2011-05-20 18:00:00,273.68
2011-05-20 19:00:00,188.10799999999998
2011-05-20 20:00:00,125.474
2011-05-20 21:00:00,106.354
2011-05-20 22:00:00,85.05199999999999
2011-05-20 23:00:00,70.514
2011-05-21 00:00:00,58.44
2011-05-21 01:00:00,44.98
2011-05-21 02:00:00,32.37
2011-05-21 03:00:00,13.355999999999998
2011-05-21 04:00:00,4.508
2011-05-21 05:00:00,5.752
2011-05-21 06:00:00,10.234
2011-05-21 07:00:00,30.312
2011-05-21 08:00:00,63.495999999999995
2011-05-21 09:00:00,121.45799999999998
2011-05-21 10:00:00,152.03199999999998
2011-05-21 11:00:00,193.134
2011-05-21 12:00:00,200.718
2011-05-21 13:00:00,209.07600000000002
2011-05-21 14:00:00,210.916
2011-05-21 15:00:00,207.726
2011-05-21 16:00:00,209.59799999999998
2011-05-21 17:00:00,187.18179999999998
2011-05-21 18:00:00,181.8818
2011-05-21 19:00:00,170.97
2011-05-21 20:00:00,136.102
2011-05-21 21:00:00,108.496
2011-05-21 22:00:00,86.984
2011-05-21 23:00:00,78.654
2011-05-22 00:00:00,59.215999999999994
2011-05-22 01:00:00,42.754
2011-05-22 02:00:00,30.246
2011-05-22 03:00:00,16.488
2011-05-22 04:00:00,5.84
2011-05-22 05:00:00,6.611999999999999
2011-05-22 06:00:00,6.966
2011-05-22 07:00:00,21.526
2011-05-22 08:00:00,48.182
2011-05-22 09:00:00,92.536
2011-05-22 10:00:00,143.918
2011-05-22 11:00:00,198.124
2011-05-22 12:00:00,202.86599999999999
2011-05-22 13:00:00,205.334
2011-05-22 14:00:00,187.56599999999997
2011-05-22 15:00:00,192.29199999999997
2011-05-22 16:00:00,210.07799999999997
2011-05-22 17:00:00,198.96699999999998
2011-05-22 18:00:00,184.905
2011-05-22 19:00:00,171.969
2011-05-22 20:00:00,137.194
2011-05-22 21:00:00,93.884
2011-05-22 22:00:00,69.84
2011-05-22 23:00:00,46.583999999999996
2011-05-23 00:00:00,16.418
2011-05-23 01:00:00,10.344000000000001
2011-05-23 02:00:00,3.99
2011-05-23 03:00:00,2.3
2011-05-23 04:00:00,2.58
2011-05-23 05:00:00,11.158
2011-05-23 06:00:00,56.882
2011-05-23 07:00:00,148.01799999999997
2011-05-23 08:00:00,228.662
2011-05-23 09:00:00,104.952
2011-05-23 10:00:00,64.19200000000001
2011-05-23 11:00:00,84.628
2011-05-23 12:00:00,103.934
2011-05-23 13:00:00,96.472
2011-05-23 14:00:00,88.036
2011-05-23 15:00:00,90.832
2011-05-23 16:00:00,155.224
2011-05-23 17:00:00,255.866
2011-05-23 18:00:00,285.984
2011-05-23 19:00:00,220.478
2011-05-23 20:00:00,123.774
2011-05-23 21:00:00,78.128
2011-05-23 22:00:00,67.548
2011-05-23 23:00:00,38.217999999999996
2011-05-24 00:00:00,12.718
2011-05-24 01:00:00,5.838
2011-05-24 02:00:00,4.87
2011-05-24 03:00:00,2.298
2011-05-24 04:00:00,3.1839999999999997
2011-05-24 05:00:00,11.308000000000002
2011-05-24 06:00:00,59.036
2011-05-24 07:00:00,71.486
2011-05-24 08:00:00,174.00799999999998
2011-05-24 09:00:00,120.43799999999999
2011-05-24 10:00:00,69.732
2011-05-24 11:00:00,79.886
2011-05-24 12:00:00,101.16
2011-05-24 13:00:00,103.03800000000001
2011-05-24 14:00:00,86.762
2011-05-24 15:00:00,92.16
2011-05-24 16:00:00,162.964
2011-05-24 17:00:00,264.544
2011-05-24 18:00:00,290.324
2011-05-24 19:00:00,208.85799999999998
2011-05-24 20:00:00,167.016
2011-05-24 21:00:00,126.90199999999999
2011-05-24 22:00:00,44.568
2011-05-24 23:00:00,42.288000000000004
2011-05-25 00:00:00,16.136
2011-05-25 01:00:00,6.292
2011-05-25 02:00:00,5.236000000000001
2011-05-25 03:00:00,2.582
2011-05-25 04:00:00,3.21
2011-05-25 05:00:00,14.848
2011-05-25 06:00:00,60.88
2011-05-25 07:00:00,182.92200000000003
2011-05-25 08:00:00,258.812
2011-05-25 09:00:00,123.65
2011-05-25 10:00:00,79.20400000000001
2011-05-25 11:00:00,80.11600000000001
2011-05-25 12:00:00,104.706
2011-05-25 13:00:00,97.926
2011-05-25 14:00:00,84.85799999999999
2011-05-25 15:00:00,91.166
2011-05-25 16:00:00,162.844
2011-05-25 17:00:00,305.586
2011-05-25 18:00:00,295.186
2011-05-25 19:00:00,228.152
2011-05-25 20:00:00,182.234
2011-05-25 21:00:00,127.616
2011-05-25 22:00:00,87.61800000000001
2011-05-25 23:00:00,49.87199999999999
2011-05-26 00:00:00,27.317999999999998
2011-05-26 01:00:00,12.474
2011-05-26 02:00:00,5.178
2011-05-26 03:00:00,2.978
2011-05-26 04:00:00,3.122
2011-05-26 05:00:00,12.452
2011-05-26 06:00:00,53.587999999999994
2011-05-26 07:00:00,124.582
2011-05-26 08:00:00,257.93399999999997
2011-05-26 09:00:00,117.038
2011-05-26 10:00:00,66.71000000000001
2011-05-26 11:00:00,83.336
2011-05-26 12:00:00,102.35
2011-05-26 13:00:00,91.8
2011-05-26 14:00:00,85.782
2011-05-26 15:00:00,87.68
2011-05-26 16:00:00,147.608
2011-05-26 17:00:00,308.17
2011-05-26 18:00:00,286.732
2011-05-26 19:00:00,207.676
2011-05-26 20:00:00,174.864
2011-05-26 21:00:00,120.68
2011-05-26 22:00:00,82.602
2011-05-26 23:00:00,65.94200000000001
2011-05-27 00:00:00,37.336
2011-05-27 01:00:00,13.1
2011-05-27 02:00:00,8.528
2011-05-27 03:00:00,3.604
2011-05-27 04:00:00,3.342
2011-05-27 05:00:00,15.533999999999999
2011-05-27 06:00:00,59.41
2011-05-27 07:00:00,153.724
2011-05-27 08:00:00,268.336
2011-05-27 09:00:00,124.402
2011-05-27 10:00:00,87.368
2011-05-27 11:00:00,90.342
2011-05-27 12:00:00,120.152
2011-05-27 13:00:00,122.89999999999999
2011-05-27 14:00:00,120.586
2011-05-27 15:00:00,123.014
2011-05-27 16:00:00,185.80400000000003
2011-05-27 17:00:00,300.22999999999996
2011-05-27 18:00:00,259.098
2011-05-27 19:00:00,164.37800000000001
2011-05-27 20:00:00,124.39399999999999
2011-05-27 21:00:00,98.018
2011-05-27 22:00:00,86.528
2011-05-27 23:00:00,71.792
2011-05-28 00:00:00,60.111999999999995
2011-05-28 01:00:00,50.22
2011-05-28 02:00:00,31.578000000000003
2011-05-28 03:00:00,14.072
2011-05-28 04:00:00,4.2940000000000005
2011-05-28 05:00:00,5.026
2011-05-28 06:00:00,10.394
2011-05-28 07:00:00,29.729999999999997
2011-05-28 08:00:00,64.05799999999999
2011-05-28 09:00:00,117.75200000000001
2011-05-28 10:00:00,153.894
2011-05-28 11:00:00,198.226
2011-05-28 12:00:00,201.982
2011-05-28 13:00:00,204.97
2011-05-28 14:00:00,205.998
2011-05-28 15:00:00,219.07999999999998
2011-05-28 16:00:00,219.47199999999998
2011-05-28 17:00:00,206.795
2011-05-28 18:00:00,174.24
2011-05-28 19:00:00,155.874
2011-05-28 20:00:00,137.338
2011-05-28 21:00:00,104.84
2011-05-28 22:00:00,97.74199999999999
2011-05-28 23:00:00,80.87799999999999
2011-05-29 00:00:00,66.994
2011-05-29 01:00:00,51.616
2011-05-29 02:00:00,34.534
2011-05-29 03:00:00,14.361999999999998
2011-05-29 04:00:00,5.554
2011-05-29 05:00:00,7.024
2011-05-29 06:00:00,8.178
2011-05-29 07:00:00,15.752
2011-05-29 08:00:00,47.934
2011-05-29 09:00:00,74.13799999999999
2011-05-29 10:00:00,132.928
2011-05-29 11:00:00,162.99200000000002
2011-05-29 12:00:00,165.378
2011-05-29 13:00:00,202.452
2011-05-29 14:00:00,191.49800000000002
2011-05-29 15:00:00,194.43
2011-05-29 16:00:00,183.474
2011-05-29 17:00:00,174.954
2011-05-29 18:00:00,144.30599999999998
2011-05-29 19:00:00,141.08
2011-05-29 20:00:00,115.48799999999999
2011-05-29 21:00:00,84.30600000000001
2011-05-29 22:00:00,71.27
2011-05-29 23:00:00,55.966
2011-05-30 00:00:00,43.814
2011-05-30 01:00:00,35.468
2011-05-30 02:00:00,22.028
2011-05-30 03:00:00,8.194
2011-05-30 04:00:00,6.266
2011-05-30 05:00:00,6.518
2011-05-30 06:00:00,21.71
2011-05-30 07:00:00,60.800000000000004
2011-05-30 08:00:00,111.71
2011-05-30 09:00:00,110.636
2011-05-30 10:00:00,131.688
2011-05-30 11:00:00,183.068
2011-05-30 12:00:00,189.86599999999999
2011-05-30 13:00:00,190.252
2011-05-30 14:00:00,193.608
2011-05-30 15:00:00,192.606
2011-05-30 16:00:00,198.368
2011-05-30 17:00:00,224.06400000000002
2011-05-30 18:00:00,217.358
2011-05-30 19:00:00,155.692
2011-05-30 20:00:00,169.712
2011-05-30 21:00:00,178.998
2011-05-30 22:00:00,106.13199999999999
2011-05-30 23:00:00,55.958000000000006
2011-05-31 00:00:00,14.428
2011-05-31 01:00:00,7.702
2011-05-31 02:00:00,4.529999999999999
2011-05-31 03:00:00,2.036
2011-05-31 04:00:00,3.564
2011-05-31 05:00:00,14.15
2011-05-31 06:00:00,62.97
2011-05-31 07:00:00,178.64600000000002
2011-05-31 08:00:00,262.072
2011-05-31 09:00:00,113.95800000000001
2011-05-31 10:00:00,71.324
2011-05-31 11:00:00,69.868
2011-05-31 12:00:00,91.30199999999999
2011-05-31 13:00:00,87.21
2011-05-31 14:00:00,78.46799999999999
2011-05-31 15:00:00,78.936
2011-05-31 16:00:00,131.592
2011-05-31 17:00:00,296.334
2011-05-31 18:00:00,293.50800000000004
2011-05-31 19:00:00,215.91400000000002
2011-05-31 20:00:00,164.232
2011-05-31 21:00:00,121.71199999999999
2011-05-31 22:00:00,83.0
2011-05-31 23:00:00,44.257999999999996
2011-06-20 00:00:00,16.637999999999998
2011-06-20 01:00:00,6.926
2011-06-20 02:00:00,4.994
2011-06-20 03:00:00,2.4160000000000004
2011-06-20 04:00:00,2.918
2011-06-20 05:00:00,9.626
2011-06-20 06:00:00,56.76999999999999
2011-06-20 07:00:00,67.608
2011-06-20 08:00:00,167.23
2011-06-20 09:00:00,115.57
2011-06-20 10:00:00,61.681999999999995
2011-06-20 11:00:00,72.22399999999999
2011-06-20 12:00:00,96.45
2011-06-20 13:00:00,101.32400000000001
2011-06-20 14:00:00,92.60799999999999
2011-06-20 15:00:00,92.93599999999999
2011-06-20 16:00:00,163.32600000000002
2011-06-20 17:00:00,325.374
2011-06-20 18:00:00,309.41999999999996
2011-06-20 19:00:00,223.03199999999998
2011-06-20 20:00:00,172.524
2011-06-20 21:00:00,117.744
2011-06-20 22:00:00,67.45599999999999
2011-06-20 23:00:00,47.672
2011-06-21 00:00:00,15.54
2011-06-21 01:00:00,6.4319999999999995
2011-06-21 02:00:00,3.586
2011-06-21 03:00:00,2.824
2011-06-21 04:00:00,2.9579999999999997
2011-06-21 05:00:00,11.208
2011-06-21 06:00:00,68.118
2011-06-21 07:00:00,143.946
2011-06-21 08:00:00,245.106
2011-06-21 09:00:00,117.4
2011-06-21 10:00:00,58.83800000000001
2011-06-21 11:00:00,62.614000000000004
2011-06-21 12:00:00,94.08800000000001
2011-06-21 13:00:00,90.88199999999999
2011-06-21 14:00:00,83.818
2011-06-21 15:00:00,90.51199999999999
2011-06-21 16:00:00,153.126
2011-06-21 17:00:00,306.626
2011-06-21 18:00:00,287.06600000000003
2011-06-21 19:00:00,199.19
2011-06-21 20:00:00,127.534
2011-06-21 21:00:00,123.998
2011-06-21 22:00:00,82.392
2011-06-21 23:00:00,45.056
2011-06-22 00:00:00,19.823999999999998
2011-06-22 01:00:00,8.882
2011-06-22 02:00:00,3.8099999999999996
2011-06-22 03:00:00,2.9779999999999998
2011-06-22 04:00:00,3.2159999999999997
2011-06-22 05:00:00,16.634
2011-06-22 06:00:00,64.63199999999999
2011-06-22 07:00:00,175.92000000000002
2011-06-22 08:00:00,256.848
2011-06-22 09:00:00,113.25199999999998
2011-06-22 10:00:00,65.954
2011-06-22 11:00:00,78.618
2011-06-22 12:00:00,93.15599999999999
2011-06-22 13:00:00,87.974
2011-06-22 14:00:00,82.534
2011-06-22 15:00:00,83.786
2011-06-22 16:00:00,145.046
2011-06-22 17:00:00,279.88399999999996
2011-06-22 18:00:00,277.184
2011-06-22 19:00:00,206.26799999999997
2011-06-22 20:00:00,166.892
2011-06-22 21:00:00,123.662
2011-06-22 22:00:00,96.048
2011-06-22 23:00:00,52.07
2011-06-23 00:00:00,23.671999999999997
2011-06-23 01:00:00,10.774
2011-06-23 02:00:00,5.204
2011-06-23 03:00:00,2.608
2011-06-23 04:00:00,3.4239999999999995
2011-06-23 05:00:00,14.703999999999999
2011-06-23 06:00:00,69.99000000000001
2011-06-23 07:00:00,185.666
2011-06-23 08:00:00,252.776
2011-06-23 09:00:00,116.36200000000001
2011-06-23 10:00:00,67.41
2011-06-23 11:00:00,77.98599999999999
2011-06-23 12:00:00,97.858
2011-06-23 13:00:00,97.178
2011-06-23 14:00:00,85.63999999999999
2011-06-23 15:00:00,92.05
2011-06-23 16:00:00,159.498
2011-06-23 17:00:00,259.496
2011-06-23 18:00:00,287.46799999999996
2011-06-23 19:00:00,206.634
2011-06-23 20:00:00,176.144
2011-06-23 21:00:00,122.756
2011-06-23 22:00:00,93.142
2011-06-23 23:00:00,67.502
2011-06-24 00:00:00,35.88799999999999
2011-06-24 01:00:00,12.240000000000002
2011-06-24 02:00:00,7.132
2011-06-24 03:00:00,3.242
2011-06-24 04:00:00,3.2319999999999998
2011-06-24 05:00:00,14.898
2011-06-24 06:00:00,58.050000000000004
2011-06-24 07:00:00,155.97799999999998
2011-06-24 08:00:00,261.4
2011-06-24 09:00:00,125.53399999999999
2011-06-24 10:00:00,77.02799999999999
2011-06-24 11:00:00,90.588
2011-06-24 12:00:00,123.25
2011-06-24 13:00:00,122.464
2011-06-24 14:00:00,123.75399999999999
2011-06-24 15:00:00,120.85799999999999
2011-06-24 16:00:00,189.89000000000001
2011-06-24 17:00:00,315.34799999999996
2011-06-24 18:00:00,276.556
2011-06-24 19:00:00,204.476
2011-06-24 20:00:00,152.86
2011-06-24 21:00:00,119.38999999999999
2011-06-24 22:00:00,107.764
2011-06-24 23:00:00,81.842
2011-06-25 00:00:00,64.692
2011-06-25 01:00:00,48.385999999999996
2011-06-25 02:00:00,29.14
2011-06-25 03:00:00,15.362
2011-06-25 04:00:00,5.854
2011-06-25 05:00:00,5.676
2011-06-25 06:00:00,16.618000000000002
2011-06-25 07:00:00,36.1
2011-06-25 08:00:00,84.43799999999999
2011-06-25 09:00:00,125.50399999999999
2011-06-25 10:00:00,164.12199999999999
2011-06-25 11:00:00,198.93
2011-06-25 12:00:00,214.808
2011-06-25 13:00:00,212.11599999999999
2011-06-25 14:00:00,212.526
2011-06-25 15:00:00,208.731
2011-06-25 16:00:00,225.809
2011-06-25 17:00:00,212.358
2011-06-25 18:00:00,200.647
2011-06-25 19:00:00,176.524
2011-06-25 20:00:00,138.948
2011-06-25 21:00:00,112.448
2011-06-25 22:00:00,106.24999999999999
2011-06-25 23:00:00,71.102
2011-06-26 00:00:00,58.294
2011-06-26 01:00:00,48.672
2011-06-26 02:00:00,38.762
2011-06-26 03:00:00,18.240000000000002
2011-06-26 04:00:00,5.989999999999999
2011-06-26 05:00:00,7.421999999999999
2011-06-26 06:00:00,12.346
2011-06-26 07:00:00,27.872
2011-06-26 08:00:00,55.22399999999999
2011-06-26 09:00:00,102.222
2011-06-26 10:00:00,159.6608
2011-06-26 11:00:00,200.4708
2011-06-26 12:00:00,210.9248
2011-06-26 13:00:00,203.40479999999997
2011-06-26 14:00:00,201.16080000000002
2011-06-26 15:00:00,201.5838
2011-06-26 16:00:00,207.2458
2011-06-26 17:00:00,192.20899999999997
2011-06-26 18:00:00,194.49
2011-06-26 19:00:00,172.566
2011-06-26 20:00:00,126.14
2011-06-26 21:00:00,95.58399999999999
2011-06-26 22:00:00,84.74
2011-06-26 23:00:00,50.147999999999996
2011-06-27 00:00:00,19.112
2011-06-27 01:00:00,8.816
2011-06-27 02:00:00,5.508
2011-06-27 03:00:00,2.89
2011-06-27 04:00:00,3.222
2011-06-27 05:00:00,11.648
2011-06-27 06:00:00,65.168
2011-06-27 07:00:00,182.12599999999998
2011-06-27 08:00:00,230.36399999999998
2011-06-27 09:00:00,109.476
2011-06-27 10:00:00,62.168000000000006
2011-06-27 11:00:00,83.92800000000001
2011-06-27 12:00:00,98.87
2011-06-27 13:00:00,94.46
2011-06-27 14:00:00,91.258
2011-06-27 15:00:00,90.102
2011-06-27 16:00:00,164.302
2011-06-27 17:00:00,322.19
2011-06-27 18:00:00,314.01800000000003
2011-06-27 19:00:00,227.356
2011-06-27 20:00:00,176.046
2011-06-27 21:00:00,112.608
2011-06-27 22:00:00,70.238
2011-06-27 23:00:00,52.513999999999996
2011-06-28 00:00:00,15.116
2011-06-28 01:00:00,8.286000000000001
2011-06-28 02:00:00,5.398000000000001
2011-06-28 03:00:00,3.502
2011-06-28 04:00:00,3.328
2011-06-28 05:00:00,14.396
2011-06-28 06:00:00,64.082
2011-06-28 07:00:00,172.018
2011-06-28 08:00:00,251.226
2011-06-28 09:00:00,112.75
2011-06-28 10:00:00,65.50399999999999
2011-06-28 11:00:00,74.02799999999999
2011-06-28 12:00:00,92.63799999999999
2011-06-28 13:00:00,89.02999999999999
2011-06-28 14:00:00,80.806
2011-06-28 15:00:00,84.47
2011-06-28 16:00:00,136.00799999999998
2011-06-28 17:00:00,250.44599999999997
2011-06-28 18:00:00,246.52800000000002
2011-06-28 19:00:00,192.054
2011-06-28 20:00:00,177.314
2011-06-28 21:00:00,116.464
2011-06-28 22:00:00,82.06
2011-06-28 23:00:00,53.072
2011-06-29 00:00:00,19.02
2011-06-29 01:00:00,8.954
2011-06-29 02:00:00,4.2299999999999995
2011-06-29 03:00:00,2.8679999999999994
2011-06-29 04:00:00,3.3859999999999997
2011-06-29 05:00:00,14.968
2011-06-29 06:00:00,65.00599999999999
2011-06-29 07:00:00,178.036
2011-06-29 08:00:00,270.822
2011-06-29 09:00:00,119.27
2011-06-29 10:00:00,66.092
2011-06-29 11:00:00,82.564
2011-06-29 12:00:00,113.89399999999999
2011-06-29 13:00:00,108.088
2011-06-29 14:00:00,85.584
2011-06-29 15:00:00,94.408
2011-06-29 16:00:00,168.524
2011-06-29 17:00:00,324.994
2011-06-29 18:00:00,318.388
2011-06-29 19:00:00,216.51399999999998
2011-06-29 20:00:00,171.33800000000002
2011-06-29 21:00:00,133.434
2011-06-29 22:00:00,104.14
2011-06-29 23:00:00,54.56799999999999
2011-06-30 00:00:00,27.466
2011-06-30 01:00:00,10.942
2011-06-30 02:00:00,4.472
2011-06-30 03:00:00,3.888
2011-06-30 04:00:00,3.8359999999999994
2011-06-30 05:00:00,14.883999999999999
2011-06-30 06:00:00,69.75999999999999
2011-06-30 07:00:00,193.04799999999997
2011-06-30 08:00:00,263.414
2011-06-30 09:00:00,123.804
2011-06-30 10:00:00,74.332
2011-06-30 11:00:00,84.952
2011-06-30 12:00:00,111.69400000000002
2011-06-30 13:00:00,109.224
2011-06-30 14:00:00,88.19
2011-06-30 15:00:00,102.064
2011-06-30 16:00:00,169.58599999999998
2011-06-30 17:00:00,322.24199999999996
2011-06-30 18:00:00,315.444
2011-06-30 19:00:00,217.182
2011-06-30 20:00:00,172.77999999999997
2011-06-30 21:00:00,127.87199999999999
2011-06-30 22:00:00,104.006
2011-06-30 23:00:00,68.038
2011-07-20 00:00:00,18.016
2011-07-20 01:00:00,8.244
2011-07-20 02:00:00,3.7260000000000004
2011-07-20 03:00:00,3.1300000000000003
2011-07-20 04:00:00,3.748
2011-07-20 05:00:00,17.844
2011-07-20 06:00:00,71.498
2011-07-20 07:00:00,183.75799999999998
2011-07-20 08:00:00,253.14800000000002
2011-07-20 09:00:00,112.52199999999999
2011-07-20 10:00:00,60.576
2011-07-20 11:00:00,73.99799999999999
2011-07-20 12:00:00,88.268
2011-07-20 13:00:00,86.898
2011-07-20 14:00:00,78.674
2011-07-20 15:00:00,79.014
2011-07-20 16:00:00,142.06599999999997
2011-07-20 17:00:00,294.396
2011-07-20 18:00:00,290.546
2011-07-20 19:00:00,211.83800000000002
2011-07-20 20:00:00,163.882
2011-07-20 21:00:00,123.94
2011-07-20 22:00:00,98.19399999999999
2011-07-20 23:00:00,64.006
2011-07-21 00:00:00,24.83
2011-07-21 01:00:00,10.154
2011-07-21 02:00:00,4.486
2011-07-21 03:00:00,2.79
2011-07-21 04:00:00,3.0079999999999996
2011-07-21 05:00:00,12.966
2011-07-21 06:00:00,72.04400000000001
2011-07-21 07:00:00,181.59199999999998
2011-07-21 08:00:00,254.964
2011-07-21 09:00:00,111.38
2011-07-21 10:00:00,67.21000000000001
2011-07-21 11:00:00,70.86399999999999
2011-07-21 12:00:00,87.84
2011-07-21 13:00:00,84.916
2011-07-21 14:00:00,80.428
2011-07-21 15:00:00,82.606
2011-07-21 16:00:00,134.12199999999999
2011-07-21 17:00:00,269.058
2011-07-21 18:00:00,264.436
2011-07-21 19:00:00,209.326
2011-07-21 20:00:00,165.174
2011-07-21 21:00:00,125.786
2011-07-21 22:00:00,99.818
2011-07-21 23:00:00,68.52600000000001
2011-07-22 00:00:00,31.278
2011-07-22 01:00:00,16.308
2011-07-22 02:00:00,10.515999999999998
2011-07-22 03:00:00,3.8419999999999996
2011-07-22 04:00:00,4.208
2011-07-22 05:00:00,14.566
2011-07-22 06:00:00,61.568
2011-07-22 07:00:00,170.944
2011-07-22 08:00:00,261.51599999999996
2011-07-22 09:00:00,117.868
2011-07-22 10:00:00,80.18599999999999
2011-07-22 11:00:00,82.74
2011-07-22 12:00:00,105.91999999999999
2011-07-22 13:00:00,105.30799999999999
2011-07-22 14:00:00,106.112
2011-07-22 15:00:00,99.78399999999999
2011-07-22 16:00:00,158.16
2011-07-22 17:00:00,278.74199999999996
2011-07-22 18:00:00,255.864
2011-07-22 19:00:00,186.178
2011-07-22 20:00:00,154.82999999999998
2011-07-22 21:00:00,125.198
2011-07-22 22:00:00,107.60000000000001
2011-07-22 23:00:00,77.402
2011-07-23 00:00:00,69.362
2011-07-23 01:00:00,46.01800000000001
2011-07-23 02:00:00,34.44199999999999
2011-07-23 03:00:00,15.161999999999999
2011-07-23 04:00:00,5.066
2011-07-23 05:00:00,6.008
2011-07-23 06:00:00,18.706
2011-07-23 07:00:00,36.861999999999995
2011-07-23 08:00:00,83.60199999999999
2011-07-23 09:00:00,122.294
2011-07-23 10:00:00,154.258
2011-07-23 11:00:00,174.196
2011-07-23 12:00:00,188.156
2011-07-23 13:00:00,191.87599999999998
2011-07-23 14:00:00,190.50400000000002
2011-07-23 15:00:00,189.07999999999998
2011-07-23 16:00:00,191.252
2011-07-23 17:00:00,200.98399999999998
2011-07-23 18:00:00,197.508
2011-07-23 19:00:00,175.04399999999998
2011-07-23 20:00:00,155.546
2011-07-23 21:00:00,128.8
2011-07-23 22:00:00,121.988
2011-07-23 23:00:00,97.554
2011-07-24 00:00:00,64.512
2011-07-24 01:00:00,48.148
2011-07-24 02:00:00,42.394
2011-07-24 03:00:00,16.288
2011-07-24 04:00:00,4.584
2011-07-24 05:00:00,5.603999999999999
2011-07-24 06:00:00,13.722
2011-07-24 07:00:00,30.471999999999998
2011-07-24 08:00:00,53.248
2011-07-24 09:00:00,101.47600000000001
2011-07-24 10:00:00,159.32999999999998
2011-07-24 11:00:00,177.864
2011-07-24 12:00:00,189.752
2011-07-24 13:00:00,187.606
2011-07-24 14:00:00,189.20799999999997
2011-07-24 15:00:00,179.864
2011-07-24 16:00:00,183.06799999999998
2011-07-24 17:00:00,197.85999999999999
2011-07-24 18:00:00,193.02800000000002
2011-07-24 19:00:00,176.85399999999998
2011-07-24 20:00:00,144.13
2011-07-24 21:00:00,114.36
2011-07-24 22:00:00,83.096
2011-07-24 23:00:00,72.226
2011-07-25 00:00:00,23.34
2011-07-25 01:00:00,10.405999999999999
2011-07-25 02:00:00,5.046
2011-07-25 03:00:00,2.746
2011-07-25 04:00:00,3.5140000000000002
2011-07-25 05:00:00,13.892
2011-07-25 06:00:00,69.282
2011-07-25 07:00:00,181.374
2011-07-25 08:00:00,231.99399999999997
2011-07-25 09:00:00,111.67399999999999
2011-07-25 10:00:00,64.28200000000001
2011-07-25 11:00:00,69.756
2011-07-25 12:00:00,88.772
2011-07-25 13:00:00,85.05599999999998
2011-07-25 14:00:00,71.842
2011-07-25 15:00:00,78.25
2011-07-25 16:00:00,85.486
2011-07-25 17:00:00,293.902
2011-07-25 18:00:00,277.662
2011-07-25 19:00:00,221.37
2011-07-25 20:00:00,168.38
2011-07-25 21:00:00,95.58399999999999
2011-07-25 22:00:00,77.80799999999999
2011-07-25 23:00:00,38.504000000000005
2011-07-26 00:00:00,14.696
2011-07-26 01:00:00,7.526
2011-07-26 02:00:00,4.6419999999999995
2011-07-26 03:00:00,3.0839999999999996
2011-07-26 04:00:00,3.6339999999999995
2011-07-26 05:00:00,15.042
2011-07-26 06:00:00,64.644
2011-07-26 07:00:00,182.698
2011-07-26 08:00:00,247.94599999999997
2011-07-26 09:00:00,112.792
2011-07-26 10:00:00,68.52799999999999
2011-07-26 11:00:00,78.592
2011-07-26 12:00:00,101.032
2011-07-26 13:00:00,104.75
2011-07-26 14:00:00,91.262
2011-07-26 15:00:00,87.044
2011-07-26 16:00:00,150.958
2011-07-26 17:00:00,320.32
2011-07-26 18:00:00,315.404
2011-07-26 19:00:00,215.602
2011-07-26 20:00:00,167.08599999999998
2011-07-26 21:00:00,132.632
2011-07-26 22:00:00,90.61399999999999
2011-07-26 23:00:00,44.82600000000001
2011-07-27 00:00:00,24.92
2011-07-27 01:00:00,8.41
2011-07-27 02:00:00,5.368
2011-07-27 03:00:00,2.544
2011-07-27 04:00:00,3.306
2011-07-27 05:00:00,15.681999999999999
2011-07-27 06:00:00,66.136
2011-07-27 07:00:00,181.952
2011-07-27 08:00:00,263.14
2011-07-27 09:00:00,116.022
2011-07-27 10:00:00,67.42
2011-07-27 11:00:00,82.60199999999999
2011-07-27 12:00:00,109.53599999999999
2011-07-27 13:00:00,108.73200000000001
2011-07-27 14:00:00,89.798
2011-07-27 15:00:00,96.598
2011-07-27 16:00:00,152.72
2011-07-27 17:00:00,329.39599999999996
2011-07-27 18:00:00,322.85799999999995
2011-07-27 19:00:00,221.13600000000002
2011-07-27 20:00:00,176.44
2011-07-27 21:00:00,127.26599999999999
2011-07-27 22:00:00,93.648
2011-07-27 23:00:00,53.013999999999996
2011-07-28 00:00:00,28.214
2011-07-28 01:00:00,11.258
2011-07-28 02:00:00,5.304
2011-07-28 03:00:00,3.13
2011-07-28 04:00:00,3.624
2011-07-28 05:00:00,16.804
2011-07-28 06:00:00,68.132
2011-07-28 07:00:00,181.142
2011-07-28 08:00:00,263.18999999999994
2011-07-28 09:00:00,110.626
2011-07-28 10:00:00,60.730000000000004
2011-07-28 11:00:00,70.346
2011-07-28 12:00:00,86.958
2011-07-28 13:00:00,81.64
2011-07-28 14:00:00,85.232
2011-07-28 15:00:00,82.728
2011-07-28 16:00:00,135.542
2011-07-28 17:00:00,292.664
2011-07-28 18:00:00,285.546
2011-07-28 19:00:00,205.76199999999997
2011-07-28 20:00:00,160.06799999999998
2011-07-28 21:00:00,121.31799999999998
2011-07-28 22:00:00,96.458
2011-07-28 23:00:00,68.56
2011-07-29 00:00:00,33.114
2011-07-29 01:00:00,16.052
2011-07-29 02:00:00,10.52
2011-07-29 03:00:00,3.7780000000000005
2011-07-29 04:00:00,3.958
2011-07-29 05:00:00,14.459999999999999
2011-07-29 06:00:00,62.88199999999999
2011-07-29 07:00:00,171.25799999999998
2011-07-29 08:00:00,255.82599999999996
2011-07-29 09:00:00,117.388
2011-07-29 10:00:00,78.348
2011-07-29 11:00:00,82.89
2011-07-29 12:00:00,110.606
2011-07-29 13:00:00,107.19800000000001
2011-07-29 14:00:00,106.11800000000001
2011-07-29 15:00:00,103.774
2011-07-29 16:00:00,169.20999999999998
2011-07-29 17:00:00,290.22399999999993
2011-07-29 18:00:00,258.18
2011-07-29 19:00:00,196.05200000000002
2011-07-29 20:00:00,150.704
2011-07-29 21:00:00,120.5
2011-07-29 22:00:00,116.756
2011-07-29 23:00:00,79.17399999999999
2011-07-30 00:00:00,69.96
2011-07-30 01:00:00,47.08
2011-07-30 02:00:00,36.898
2011-07-30 03:00:00,16.072
2011-07-30 04:00:00,5.337999999999999
2011-07-30 05:00:00,5.77
2011-07-30 06:00:00,17.343999999999998
2011-07-30 07:00:00,32.954
2011-07-30 08:00:00,77.632
2011-07-30 09:00:00,129.074
2011-07-30 10:00:00,158.61599999999999
2011-07-30 11:00:00,179.764
2011-07-30 12:00:00,196.684
2011-07-30 13:00:00,195.936
2011-07-30 14:00:00,191.124
2011-07-30 15:00:00,190.786
2011-07-30 16:00:00,198.036
2011-07-30 17:00:00,189.72000000000003
2011-07-30 18:00:00,182.144
2011-07-30 19:00:00,166.872
2011-07-30 20:00:00,151.90800000000002
2011-07-30 21:00:00,127.21
2011-07-30 22:00:00,121.126
2011-07-30 23:00:00,98.764
2011-07-31 00:00:00,64.89
2011-07-31 01:00:00,50.074
2011-07-31 02:00:00,45.374
2011-07-31 03:00:00,16.344
2011-07-31 04:00:00,5.016
2011-07-31 05:00:00,5.585999999999999
2011-07-31 06:00:00,14.236
2011-07-31 07:00:00,30.456
2011-07-31 08:00:00,58.03
2011-07-31 09:00:00,107.506
2011-07-31 10:00:00,150.41
2011-07-31 11:00:00,178.074
2011-07-31 12:00:00,190.418
2011-07-31 13:00:00,188.56399999999996
2011-07-31 14:00:00,186.36
2011-07-31 15:00:00,182.756
2011-07-31 16:00:00,188.32999999999998
2011-07-31 17:00:00,183.68
2011-07-31 18:00:00,192.63799999999998
2011-07-31 19:00:00,172.292
2011-07-31 20:00:00,141.04
2011-07-31 21:00:00,117.60799999999999
2011-07-31 22:00:00,82.738
2011-07-31 23:00:00,54.339999999999996
2011-08-20 00:00:00,58.92
2011-08-20 01:00:00,42.186
2011-08-20 02:00:00,34.178
2011-08-20 03:00:00,16.766
2011-08-20 04:00:00,4.385999999999999
2011-08-20 05:00:00,10.081999999999999
2011-08-20 06:00:00,12.136000000000001
2011-08-20 07:00:00,28.799999999999997
2011-08-20 08:00:00,67.728
2011-08-20 09:00:00,120.442
2011-08-20 10:00:00,152.278
2011-08-20 11:00:00,188.92000000000002
2011-08-20 12:00:00,200.67
2011-08-20 13:00:00,190.3168
2011-08-20 14:00:00,197.916
2011-08-20 15:00:00,194.88799999999998
2011-08-20 16:00:00,197.35399999999998
2011-08-20 17:00:00,202.81400000000002
2011-08-20 18:00:00,196.654
2011-08-20 19:00:00,177.72
2011-08-20 20:00:00,145.602
2011-08-20 21:00:00,111.256
2011-08-20 22:00:00,100.83800000000001
2011-08-20 23:00:00,75.072
2011-08-21 00:00:00,64.686
2011-08-21 01:00:00,45.866
2011-08-21 02:00:00,40.02
2011-08-21 03:00:00,20.446
2011-08-21 04:00:00,4.402
2011-08-21 05:00:00,4.09
2011-08-21 06:00:00,7.648
2011-08-21 07:00:00,21.253999999999998
2011-08-21 08:00:00,51.226
2011-08-21 09:00:00,98.076
2011-08-21 10:00:00,135.784
2011-08-21 11:00:00,159.828
2011-08-21 12:00:00,178.618
2011-08-21 13:00:00,201.388
2011-08-21 14:00:00,141.824
2011-08-21 15:00:00,157.97199999999998
2011-08-21 16:00:00,151.08800000000002
2011-08-21 17:00:00,122.776
2011-08-21 18:00:00,126.864
2011-08-21 19:00:00,153.034
2011-08-21 20:00:00,106.792
2011-08-21 21:00:00,97.75599999999999
2011-08-21 22:00:00,77.746
2011-08-21 23:00:00,45.986
2011-08-22 00:00:00,16.81
2011-08-22 01:00:00,7.853999999999999
2011-08-22 02:00:00,6.032
2011-08-22 03:00:00,3.4619999999999997
2011-08-22 04:00:00,3.762
2011-08-22 05:00:00,15.855999999999998
2011-08-22 06:00:00,60.553999999999995
2011-08-22 07:00:00,166.202
2011-08-22 08:00:00,229.878
2011-08-22 09:00:00,109.276
2011-08-22 10:00:00,65.72200000000001
2011-08-22 11:00:00,83.87599999999999
2011-08-22 12:00:00,111.36
2011-08-22 13:00:00,113.776
2011-08-22 14:00:00,99.12400000000001
2011-08-22 15:00:00,99.99599999999998
2011-08-22 16:00:00,172.49
2011-08-22 17:00:00,329.39599999999996
2011-08-22 18:00:00,321.794
2011-08-22 19:00:00,230.44
2011-08-22 20:00:00,168.9
2011-08-22 21:00:00,119.506
2011-08-22 22:00:00,70.69
2011-08-22 23:00:00,52.522
2011-08-23 00:00:00,17.8
2011-08-23 01:00:00,8.186
2011-08-23 02:00:00,4.932
2011-08-23 03:00:00,2.6999999999999997
2011-08-23 04:00:00,2.8400000000000003
2011-08-23 05:00:00,14.138
2011-08-23 06:00:00,66.178
2011-08-23 07:00:00,192.398
2011-08-23 08:00:00,256.036
2011-08-23 09:00:00,118.03999999999999
2011-08-23 10:00:00,70.26
2011-08-23 11:00:00,85.59
2011-08-23 12:00:00,116.586
2011-08-23 13:00:00,113.52000000000001
2011-08-23 14:00:00,97.81200000000001
2011-08-23 15:00:00,97.18
2011-08-23 16:00:00,172.06
2011-08-23 17:00:00,337.44199999999995
2011-08-23 18:00:00,330.326
2011-08-23 19:00:00,227.16000000000003
2011-08-23 20:00:00,162.892
2011-08-23 21:00:00,129.426
2011-08-23 22:00:00,91.732
2011-08-23 23:00:00,45.760000000000005
2011-08-24 00:00:00,23.067999999999998
2011-08-24 01:00:00,9.43
2011-08-24 02:00:00,5.194
2011-08-24 03:00:00,3.3519999999999994
2011-08-24 04:00:00,4.236
2011-08-24 05:00:00,14.466000000000001
2011-08-24 06:00:00,66.77600000000001
2011-08-24 07:00:00,191.938
2011-08-24 08:00:00,256.132
2011-08-24 09:00:00,119.318
2011-08-24 10:00:00,72.258
2011-08-24 11:00:00,89.172
2011-08-24 12:00:00,105.41999999999999
2011-08-24 13:00:00,106.452
2011-08-24 14:00:00,89.13199999999999
2011-08-24 15:00:00,92.922
2011-08-24 16:00:00,162.516
2011-08-24 17:00:00,328.798
2011-08-24 18:00:00,313.41999999999996
2011-08-24 19:00:00,213.44199999999998
2011-08-24 20:00:00,162.582
2011-08-24 21:00:00,122.29599999999999
2011-08-24 22:00:00,85.16199999999999
2011-08-24 23:00:00,55.779999999999994
2011-08-25 00:00:00,24.663999999999998
2011-08-25 01:00:00,11.632
2011-08-25 02:00:00,4.554
2011-08-25 03:00:00,3.9879999999999995
2011-08-25 04:00:00,3.71
2011-08-25 05:00:00,16.032
2011-08-25 06:00:00,63.042
2011-08-25 07:00:00,154.32799999999997
2011-08-25 08:00:00,248.97599999999997
2011-08-25 09:00:00,118.762
2011-08-25 10:00:00,67.81
2011-08-25 11:00:00,58.604
2011-08-25 12:00:00,64.196
2011-08-25 13:00:00,76.692
2011-08-25 14:00:00,80.66
2011-08-25 15:00:00,91.108
2011-08-25 16:00:00,94.046
2011-08-25 17:00:00,241.07799999999997
2011-08-25 18:00:00,234.51799999999997
2011-08-25 19:00:00,157.438
2011-08-25 20:00:00,132.384
2011-08-25 21:00:00,117.33999999999999
2011-08-25 22:00:00,80.34599999999999
2011-08-25 23:00:00,70.468
2011-08-26 00:00:00,30.204
2011-08-26 01:00:00,12.978
2011-08-26 02:00:00,7.902
2011-08-26 03:00:00,3.456
2011-08-26 04:00:00,3.5020000000000002
2011-08-26 05:00:00,11.813999999999998
2011-08-26 06:00:00,51.577999999999996
2011-08-26 07:00:00,153.606
2011-08-26 08:00:00,248.546
2011-08-26 09:00:00,116.804
2011-08-26 10:00:00,84.122
2011-08-26 11:00:00,86.762
2011-08-26 12:00:00,122.276
2011-08-26 13:00:00,126.996
2011-08-26 14:00:00,111.95599999999999
2011-08-26 15:00:00,112.422
2011-08-26 16:00:00,178.988
2011-08-26 17:00:00,291.012
2011-08-26 18:00:00,227.27800000000002
2011-08-26 19:00:00,171.12400000000002
2011-08-26 20:00:00,142.05399999999997
2011-08-26 21:00:00,102.76800000000001
2011-08-26 22:00:00,91.136
2011-08-26 23:00:00,75.264
2011-08-27 00:00:00,60.284
2011-08-27 01:00:00,41.989999999999995
2011-08-27 02:00:00,35.724
2011-08-27 03:00:00,18.336
2011-08-27 04:00:00,4.348
2011-08-27 05:00:00,4.684
2011-08-27 06:00:00,13.73
2011-08-27 07:00:00,35.476
2011-08-27 08:00:00,78.97200000000001
2011-08-27 09:00:00,108.70800000000001
2011-08-27 10:00:00,126.914
2011-08-27 11:00:00,121.85999999999999
2011-08-27 12:00:00,142.668
2011-08-27 13:00:00,147.92
2011-08-27 14:00:00,133.184
2011-08-27 15:00:00,136.694
2011-08-27 16:00:00,127.39599999999999
2011-08-27 17:00:00,96.104
2011-08-28 07:00:00,22.208
2011-08-28 08:00:00,44.50599999999999
2011-08-28 09:00:00,101.238
2011-08-28 10:00:00,158.56799999999998
2011-08-28 11:00:00,189.12199999999999
2011-08-28 12:00:00,211.406
2011-08-28 13:00:00,222.79399999999998
2011-08-28 14:00:00,200.24400000000003
2011-08-28 15:00:00,195.964
2011-08-28 16:00:00,194.398
2011-08-28 17:00:00,208.107
2011-08-28 18:00:00,201.134
2011-08-28 19:00:00,175.742
2011-08-28 20:00:00,129.558
2011-08-28 21:00:00,96.332
2011-08-28 22:00:00,75.928
2011-08-28 23:00:00,45.048
2011-08-29 00:00:00,19.802
2011-08-29 01:00:00,11.19
2011-08-29 02:00:00,4.26
2011-08-29 03:00:00,3.7359999999999998
2011-08-29 04:00:00,3.51
2011-08-29 05:00:00,13.052
2011-08-29 06:00:00,62.81199999999999
2011-08-29 07:00:00,184.57999999999998
2011-08-29 08:00:00,236.87
2011-08-29 09:00:00,111.376
2011-08-29 10:00:00,67.648
2011-08-29 11:00:00,84.75
2011-08-29 12:00:00,111.782
2011-08-29 13:00:00,116.142
2011-08-29 14:00:00,93.636
2011-08-29 15:00:00,97.624
2011-08-29 16:00:00,170.91
2011-08-29 17:00:00,319.56399999999996
2011-08-29 18:00:00,311.664
2011-08-29 19:00:00,231.08599999999998
2011-08-29 20:00:00,165.63400000000001
2011-08-29 21:00:00,116.29599999999999
2011-08-29 22:00:00,84.302
2011-08-29 23:00:00,41.28
2011-08-30 00:00:00,17.74
2011-08-30 01:00:00,8.395999999999999
2011-08-30 02:00:00,3.884
2011-08-30 03:00:00,2.456
2011-08-30 04:00:00,3.6479999999999997
2011-08-30 05:00:00,12.524
2011-08-30 06:00:00,66.14599999999999
2011-08-30 07:00:00,198.92000000000002
2011-08-30 08:00:00,267.024
2011-08-30 09:00:00,118.206
2011-08-30 10:00:00,69.908
2011-08-30 11:00:00,85.40199999999999
2011-08-30 12:00:00,110.862
2011-08-30 13:00:00,113.77199999999999
2011-08-30 14:00:00,96.58599999999998
2011-08-30 15:00:00,96.95200000000001
2011-08-30 16:00:00,170.908
2011-08-30 17:00:00,329.978
2011-08-30 18:00:00,322.784
2011-08-30 19:00:00,220.56
2011-08-30 20:00:00,166.45999999999998
2011-08-30 21:00:00,122.496
2011-08-30 22:00:00,93.79999999999998
2011-08-30 23:00:00,46.00599999999999
2011-08-31 00:00:00,20.988
2011-08-31 01:00:00,8.666
2011-08-31 02:00:00,4.116
2011-08-31 03:00:00,3.252
2011-08-31 04:00:00,3.7880000000000003
2011-08-31 05:00:00,15.04
2011-08-31 06:00:00,65.604
2011-08-31 07:00:00,196.464
2011-08-31 08:00:00,255.738
2011-08-31 09:00:00,120.27999999999999
2011-08-31 10:00:00,71.796
2011-08-31 11:00:00,85.74
2011-08-31 12:00:00,109.512
2011-08-31 13:00:00,113.216
2011-08-31 14:00:00,92.734
2011-08-31 15:00:00,94.99
2011-08-31 16:00:00,167.398
2011-08-31 17:00:00,335.156
2011-08-31 18:00:00,310.86199999999997
2011-08-31 19:00:00,209.05
2011-08-31 20:00:00,168.668
2011-08-31 21:00:00,123.86800000000001
2011-08-31 22:00:00,90.578
2011-08-31 23:00:00,48.618
2011-09-20 00:00:00,16.84
2011-09-20 01:00:00,6.618
2011-09-20 02:00:00,2.376
2011-09-20 03:00:00,2.53
2011-09-20 04:00:00,3.01
2011-09-20 05:00:00,13.065999999999999
2011-09-20 06:00:00,63.04599999999999
2011-09-20 07:00:00,174.27599999999998
2011-09-20 08:00:00,161.298
2011-09-20 09:00:00,73.56400000000001
2011-09-20 10:00:00,40.482
2011-09-20 11:00:00,42.204
2011-09-20 12:00:00,35.426
2011-09-20 13:00:00,37.33
2011-09-20 14:00:00,55.856
2011-09-20 15:00:00,94.566
2011-09-20 16:00:00,103.74599999999998
2011-09-20 17:00:00,219.83200000000002
2011-09-20 18:00:00,219.04999999999998
2011-09-20 19:00:00,169.742
2011-09-20 20:00:00,112.47
2011-09-20 21:00:00,75.322
2011-09-20 22:00:00,72.142
2011-09-20 23:00:00,40.958
2011-09-21 00:00:00,14.855999999999998
2011-09-21 01:00:00,5.694
2011-09-21 02:00:00,3.814
2011-09-21 03:00:00,2.336
2011-09-21 04:00:00,2.614
2011-09-21 05:00:00,9.036000000000001
2011-09-21 06:00:00,57.53399999999999
2011-09-21 07:00:00,145.606
2011-09-21 08:00:00,214.726
2011-09-21 09:00:00,72.076
2011-09-21 10:00:00,50.024
2011-09-21 11:00:00,56.199999999999996
2011-09-21 12:00:00,92.446
2011-09-21 13:00:00,90.976
2011-09-21 14:00:00,87.22999999999999
2011-09-21 15:00:00,90.59599999999999
2011-09-21 16:00:00,155.394
2011-09-21 17:00:00,257.1
2011-09-21 18:00:00,231.80200000000002
2011-09-21 19:00:00,98.41199999999999
2011-09-21 20:00:00,64.74999999999999
2011-09-21 21:00:00,63.778
2011-09-21 22:00:00,58.808
2011-09-21 23:00:00,43.5
2011-09-22 00:00:00,14.759999999999998
2011-09-22 01:00:00,6.529999999999999
2011-09-22 02:00:00,4.154
2011-09-22 03:00:00,2.658
2011-09-22 04:00:00,2.5919999999999996
2011-09-22 05:00:00,10.19
2011-09-22 06:00:00,56.92
2011-09-22 07:00:00,164.76
2011-09-22 08:00:00,196.158
2011-09-22 09:00:00,95.23
2011-09-22 10:00:00,61.786
2011-09-22 11:00:00,60.3
2011-09-22 12:00:00,74.176
2011-09-22 13:00:00,75.986
2011-09-22 14:00:00,74.05
2011-09-22 15:00:00,78.924
2011-09-22 16:00:00,155.796
2011-09-22 17:00:00,215.11200000000002
2011-09-22 18:00:00,197.31
2011-09-22 19:00:00,134.88400000000001
2011-09-22 20:00:00,81.536
2011-09-22 21:00:00,70.49199999999999
2011-09-22 22:00:00,65.226
2011-09-22 23:00:00,48.328
2011-09-23 00:00:00,18.22
2011-09-23 01:00:00,9.872
2011-09-23 02:00:00,7.3839999999999995
2011-09-23 03:00:00,3.322
2011-09-23 04:00:00,2.9139999999999997
2011-09-23 05:00:00,9.799999999999999
2011-09-23 06:00:00,45.69599999999999
2011-09-23 07:00:00,85.396
2011-09-23 08:00:00,138.93599999999998
2011-09-23 09:00:00,60.519999999999996
2011-09-23 10:00:00,40.355999999999995
2011-09-23 11:00:00,41.906
2011-09-23 12:00:00,47.544
2011-09-23 13:00:00,48.79
2011-09-23 14:00:00,48.562000000000005
2011-09-23 15:00:00,49.75399999999999
2011-09-23 16:00:00,106.056
2011-09-23 17:00:00,110.036
2011-09-23 18:00:00,108.72200000000001
2011-09-23 19:00:00,129.422
2011-09-23 20:00:00,105.00999999999999
2011-09-23 21:00:00,79.166
2011-09-23 22:00:00,75.14
2011-09-23 23:00:00,51.150000000000006
2011-09-24 00:00:00,46.90599999999999
2011-09-24 01:00:00,46.028
2011-09-24 02:00:00,37.446
2011-09-24 03:00:00,16.589999999999996
2011-09-24 04:00:00,4.48
2011-09-24 05:00:00,6.732
2011-09-24 06:00:00,8.335999999999999
2011-09-24 07:00:00,29.823999999999998
2011-09-24 08:00:00,64.62599999999999
2011-09-24 09:00:00,93.622
2011-09-24 10:00:00,127.362
2011-09-24 11:00:00,162.292
2011-09-24 12:00:00,174.23399999999998
2011-09-24 13:00:00,182.272
2011-09-24 14:00:00,173.15800000000002
2011-09-24 15:00:00,175.31799999999998
2011-09-24 16:00:00,165.258
2011-09-24 17:00:00,156.35399999999998
2011-09-24 18:00:00,145.01600000000002
2011-09-24 19:00:00,114.584
2011-09-24 20:00:00,102.98
2011-09-24 21:00:00,90.346
2011-09-24 22:00:00,76.624
2011-09-24 23:00:00,69.712
2011-09-25 00:00:00,55.954
2011-09-25 01:00:00,41.327999999999996
2011-09-25 02:00:00,33.996
2011-09-25 03:00:00,17.458000000000002
2011-09-25 04:00:00,4.933999999999999
2011-09-25 05:00:00,9.762
2011-09-25 06:00:00,7.704000000000001
2011-09-25 07:00:00,22.886
2011-09-25 08:00:00,47.438
2011-09-25 09:00:00,101.04
2011-09-25 10:00:00,141.024
2011-09-25 11:00:00,159.856
2011-09-25 12:00:00,171.576
2011-09-25 13:00:00,175.954
2011-09-25 14:00:00,171.86
2011-09-25 15:00:00,174.22
2011-09-25 16:00:00,185.99
2011-09-25 17:00:00,156.768
2011-09-25 18:00:00,153.756
2011-09-25 19:00:00,112.01799999999999
2011-09-25 20:00:00,109.39
2011-09-25 21:00:00,76.138
2011-09-25 22:00:00,74.192
2011-09-25 23:00:00,49.498
2011-09-26 00:00:00,13.588
2011-09-26 01:00:00,6.036
2011-09-26 02:00:00,3.18
2011-09-26 03:00:00,2.476
2011-09-26 04:00:00,3.476
2011-09-26 05:00:00,11.546
2011-09-26 06:00:00,57.394
2011-09-26 07:00:00,158.41
2011-09-26 08:00:00,209.254
2011-09-26 09:00:00,107.42800000000001
2011-09-26 10:00:00,54.718
2011-09-26 11:00:00,65.97800000000001
2011-09-26 12:00:00,76.934
2011-09-26 13:00:00,91.818
2011-09-26 14:00:00,93.292
2011-09-26 15:00:00,95.29599999999999
2011-09-26 16:00:00,162.706
2011-09-26 17:00:00,320.11999999999995
2011-09-26 18:00:00,221.35200000000003
2011-09-26 19:00:00,143.96599999999998
2011-09-26 20:00:00,106.062
2011-09-26 21:00:00,79.306
2011-09-26 22:00:00,72.70599999999999
2011-09-26 23:00:00,41.9
2011-09-27 00:00:00,13.975999999999999
2011-09-27 01:00:00,6.1579999999999995
2011-09-27 02:00:00,3.1980000000000004
2011-09-27 03:00:00,1.946
2011-09-27 04:00:00,2.534
2011-09-27 05:00:00,7.89
2011-09-27 06:00:00,59.779999999999994
2011-09-27 07:00:00,170.08
2011-09-27 08:00:00,239.64399999999998
2011-09-27 09:00:00,107.07
2011-09-27 10:00:00,36.517999999999994
2011-09-27 11:00:00,61.892
2011-09-27 12:00:00,70.14999999999999
2011-09-27 13:00:00,94.19600000000001
2011-09-27 14:00:00,73.076
2011-09-27 15:00:00,72.65799999999999
2011-09-27 16:00:00,99.95200000000001
2011-09-27 17:00:00,138.482
2011-09-27 18:00:00,147.31799999999998
2011-09-27 19:00:00,140.484
2011-09-27 20:00:00,132.564
2011-09-27 21:00:00,96.936
2011-09-27 22:00:00,75.76599999999999
2011-09-27 23:00:00,41.599999999999994
2011-09-28 00:00:00,18.16
2011-09-28 01:00:00,7.132
2011-09-28 02:00:00,3.1000000000000005
2011-09-28 03:00:00,2.616
2011-09-28 04:00:00,3.6839999999999997
2011-09-28 05:00:00,10.146
2011-09-28 06:00:00,36.158
2011-09-28 07:00:00,59.82
2011-09-28 08:00:00,148.064
2011-09-28 09:00:00,74.322
2011-09-28 10:00:00,36.126
2011-09-28 11:00:00,59.012
2011-09-28 12:00:00,72.356
2011-09-28 13:00:00,95.036
2011-09-28 14:00:00,89.904
2011-09-28 15:00:00,93.064
2011-09-28 16:00:00,164.486
2011-09-28 17:00:00,316.772
2011-09-28 18:00:00,210.078
2011-09-28 19:00:00,141.44
2011-09-28 20:00:00,76.794
2011-09-28 21:00:00,57.988
2011-09-28 22:00:00,75.88199999999999
2011-09-28 23:00:00,43.268
2011-09-29 00:00:00,14.396
2011-09-29 01:00:00,6.468
2011-09-29 02:00:00,3.714
2011-09-29 03:00:00,2.888
2011-09-29 04:00:00,3.37
2011-09-29 05:00:00,12.76
2011-09-29 06:00:00,70.336
2011-09-29 07:00:00,186.04
2011-09-29 08:00:00,254.944
2011-09-29 09:00:00,122.30600000000001
2011-09-29 10:00:00,75.154
2011-09-29 11:00:00,91.83800000000001
2011-09-29 12:00:00,110.99600000000001
2011-09-29 13:00:00,106.36
2011-09-29 14:00:00,100.08599999999998
2011-09-29 15:00:00,98.476
2011-09-29 16:00:00,168.932
2011-09-29 17:00:00,324.488
2011-09-29 18:00:00,310.71
2011-09-29 19:00:00,208.898
2011-09-29 20:00:00,156.626
2011-09-29 21:00:00,119.97
2011-09-29 22:00:00,85.518
2011-09-29 23:00:00,63.944
2011-09-30 00:00:00,26.817999999999998
2011-09-30 01:00:00,14.818000000000001
2011-09-30 02:00:00,8.186
2011-09-30 03:00:00,3.4
2011-09-30 04:00:00,3.386
2011-09-30 05:00:00,15.451999999999998
2011-09-30 06:00:00,52.059999999999995
2011-09-30 07:00:00,149.96
2011-09-30 08:00:00,260.858
2011-09-30 09:00:00,124.982
2011-09-30 10:00:00,87.81199999999998
2011-09-30 11:00:00,107.446
2011-09-30 12:00:00,133.744
2011-09-30 13:00:00,131.67
2011-09-30 14:00:00,133.71200000000002
2011-09-30 15:00:00,132.91199999999998
2011-09-30 16:00:00,198.676
2011-09-30 17:00:00,294.26
2011-09-30 18:00:00,260.826
2011-09-30 19:00:00,169.72
2011-09-30 20:00:00,117.934
2011-09-30 21:00:00,93.798
2011-09-30 22:00:00,75.294
2011-09-30 23:00:00,62.78
2011-10-20 00:00:00,13.297999999999998
2011-10-20 01:00:00,8.654
2011-10-20 02:00:00,3.8819999999999997
2011-10-20 03:00:00,2.6260000000000003
2011-10-20 04:00:00,3.004
2011-10-20 05:00:00,15.669999999999998
2011-10-20 06:00:00,59.373999999999995
2011-10-20 07:00:00,163.16
2011-10-20 08:00:00,256.902
2011-10-20 09:00:00,125.04399999999998
2011-10-20 10:00:00,69.704
2011-10-20 11:00:00,82.6
2011-10-20 12:00:00,108.87800000000001
2011-10-20 13:00:00,104.65400000000001
2011-10-20 14:00:00,86.46
2011-10-20 15:00:00,86.282
2011-10-20 16:00:00,136.32399999999998
2011-10-20 17:00:00,259.968
2011-10-20 18:00:00,247.40999999999997
2011-10-20 19:00:00,146.91
2011-10-20 20:00:00,132.602
2011-10-20 21:00:00,85.154
2011-10-20 22:00:00,68.532
2011-10-20 23:00:00,46.459999999999994
2011-10-21 00:00:00,27.595999999999997
2011-10-21 01:00:00,14.14
2011-10-21 02:00:00,6.8999999999999995
2011-10-21 03:00:00,3.7200000000000006
2011-10-21 04:00:00,3.426
2011-10-21 05:00:00,15.188
2011-10-21 06:00:00,52.602
2011-10-21 07:00:00,151.59799999999998
2011-10-21 08:00:00,259.08799999999997
2011-10-21 09:00:00,122.18800000000002
2011-10-21 10:00:00,83.994
2011-10-21 11:00:00,96.27000000000001
2011-10-21 12:00:00,127.634
2011-10-21 13:00:00,119.514
2011-10-21 14:00:00,121.39399999999999
2011-10-21 15:00:00,123.94999999999999
2011-10-21 16:00:00,187.98
2011-10-21 17:00:00,268.826
2011-10-21 18:00:00,242.364
2011-10-21 19:00:00,137.442
2011-10-21 20:00:00,119.30000000000001
2011-10-21 21:00:00,88.51399999999998
2011-10-21 22:00:00,74.686
2011-10-21 23:00:00,48.123999999999995
2011-10-22 00:00:00,42.96
2011-10-22 01:00:00,38.297999999999995
2011-10-22 02:00:00,31.131999999999998
2011-10-22 03:00:00,14.09
2011-10-22 04:00:00,4.513999999999999
2011-10-22 05:00:00,4.308
2011-10-22 06:00:00,9.718
2011-10-22 07:00:00,24.401999999999997
2011-10-22 08:00:00,51.632000000000005
2011-10-22 09:00:00,98.508
2011-10-22 10:00:00,141.52999999999997
2011-10-22 11:00:00,169.89399999999998
2011-10-22 12:00:00,179.674
2011-10-22 13:00:00,186.214
2011-10-22 14:00:00,175.64999999999998
2011-10-22 15:00:00,178.006
2011-10-22 16:00:00,181.612
2011-10-22 17:00:00,139.51600000000002
2011-10-22 18:00:00,116.80799999999999
2011-10-22 19:00:00,98.728
2011-10-22 20:00:00,68.312
2011-10-22 21:00:00,52.894
2011-10-22 22:00:00,51.792
2011-10-22 23:00:00,43.897999999999996
2011-10-23 00:00:00,39.196
2011-10-23 01:00:00,33.867999999999995
2011-10-23 02:00:00,27.086000000000002
2011-10-23 03:00:00,14.89
2011-10-23 04:00:00,4.916
2011-10-23 05:00:00,4.684
2011-10-23 06:00:00,8.822
2011-10-23 07:00:00,20.41
2011-10-23 08:00:00,41.379999999999995
2011-10-23 09:00:00,85.58200000000001
2011-10-23 10:00:00,141.04399999999998
2011-10-23 11:00:00,145.10399999999998
2011-10-23 12:00:00,181.148
2011-10-23 13:00:00,184.792
2011-10-23 14:00:00,191.96
2011-10-23 15:00:00,180.792
2011-10-23 16:00:00,196.50599999999997
2011-10-23 17:00:00,161.34599999999998
2011-10-23 18:00:00,146.746
2011-10-23 19:00:00,101.154
2011-10-23 20:00:00,69.74
2011-10-23 21:00:00,58.57599999999999
2011-10-23 22:00:00,51.285999999999994
2011-10-23 23:00:00,47.606
2011-10-24 00:00:00,27.836
2011-10-24 01:00:00,7.442
2011-10-24 02:00:00,3.378
2011-10-24 03:00:00,4.036
2011-10-24 04:00:00,3.6759999999999997
2011-10-24 05:00:00,14.878
2011-10-24 06:00:00,59.134
2011-10-24 07:00:00,169.488
2011-10-24 08:00:00,238.13400000000001
2011-10-24 09:00:00,105.36
2011-10-24 10:00:00,57.406
2011-10-24 11:00:00,72.374
2011-10-24 12:00:00,98.148
2011-10-24 13:00:00,95.80199999999999
2011-10-24 14:00:00,90.50200000000001
2011-10-24 15:00:00,106.36800000000001
2011-10-24 16:00:00,163.66000000000003
2011-10-24 17:00:00,306.53799999999995
2011-10-24 18:00:00,302.74
2011-10-24 19:00:00,145.304
2011-10-24 20:00:00,129.146
2011-10-24 21:00:00,95.05599999999998
2011-10-24 22:00:00,66.146
2011-10-24 23:00:00,37.459999999999994
2011-10-25 00:00:00,31.682
2011-10-25 01:00:00,7.226
2011-10-25 02:00:00,2.4899999999999998
2011-10-25 03:00:00,3.4339999999999997
2011-10-25 04:00:00,3.2479999999999998
2011-10-25 05:00:00,14.241999999999999
2011-10-25 06:00:00,61.196000000000005
2011-10-25 07:00:00,167.052
2011-10-25 08:00:00,240.44600000000003
2011-10-25 09:00:00,119.802
2011-10-25 10:00:00,70.24
2011-10-25 11:00:00,77.948
2011-10-25 12:00:00,110.75
2011-10-25 13:00:00,105.34400000000001
2011-10-25 14:00:00,93.17800000000001
2011-10-25 15:00:00,101.358
2011-10-25 16:00:00,170.976
2011-10-25 17:00:00,323.5
2011-10-25 18:00:00,295.92799999999994
2011-10-25 19:00:00,177.426
2011-10-25 20:00:00,131.454
2011-10-25 21:00:00,92.38
2011-10-25 22:00:00,72.59799999999998
2011-10-25 23:00:00,40.706
2011-10-26 00:00:00,28.318
2011-10-26 01:00:00,7.3020000000000005
2011-10-26 02:00:00,6.308
2011-10-26 03:00:00,2.6180000000000003
2011-10-26 04:00:00,2.504
2011-10-26 05:00:00,15.036
2011-10-26 06:00:00,64.986
2011-10-26 07:00:00,179.316
2011-10-26 08:00:00,256.296
2011-10-26 09:00:00,120.98400000000001
2011-10-26 10:00:00,73.264
2011-10-26 11:00:00,80.324
2011-10-26 12:00:00,110.03999999999999
2011-10-26 13:00:00,93.49600000000001
2011-10-26 14:00:00,83.364
2011-10-26 15:00:00,89.086
2011-10-26 16:00:00,132.11599999999999
2011-10-26 17:00:00,247.40799999999996
2011-10-26 18:00:00,274.11999999999995
2011-10-26 19:00:00,165.958
2011-10-26 20:00:00,126.05199999999999
2011-10-26 21:00:00,95.946
2011-10-26 22:00:00,73.304
2011-10-26 23:00:00,37.983999999999995
2011-10-27 00:00:00,19.11
2011-10-27 01:00:00,7.45
2011-10-27 02:00:00,3.4979999999999998
2011-10-27 03:00:00,2.186
2011-10-27 04:00:00,2.618
2011-10-27 05:00:00,10.627999999999998
2011-10-27 06:00:00,35.988
2011-10-27 07:00:00,170.90800000000002
2011-10-27 08:00:00,151.98399999999998
2011-10-27 09:00:00,122.84799999999998
2011-10-27 10:00:00,57.370000000000005
2011-10-27 11:00:00,56.657999999999994
2011-10-27 12:00:00,50.099999999999994
2011-10-27 13:00:00,69.738
2011-10-27 14:00:00,73.98400000000001
2011-10-27 15:00:00,75.124
2011-10-27 16:00:00,167.65599999999998
2011-10-27 17:00:00,234.85399999999998
2011-10-27 18:00:00,219.93999999999997
2011-10-27 19:00:00,134.516
2011-10-27 20:00:00,117.03200000000001
2011-10-27 21:00:00,76.97399999999999
2011-10-27 22:00:00,52.02799999999999
2011-10-27 23:00:00,37.903999999999996
2011-10-28 00:00:00,23.116
2011-10-28 01:00:00,10.126000000000001
2011-10-28 02:00:00,5.106
2011-10-28 03:00:00,2.149
2011-10-28 04:00:00,2.1419999999999995
2011-10-28 05:00:00,12.493999999999998
2011-10-28 06:00:00,51.962
2011-10-28 07:00:00,144.774
2011-10-28 08:00:00,262.07599999999996
2011-10-28 09:00:00,119.454
2011-10-28 10:00:00,78.658
2011-10-28 11:00:00,90.52399999999999
2011-10-28 12:00:00,112.488
2011-10-28 13:00:00,105.542
2011-10-28 14:00:00,100.832
2011-10-28 15:00:00,100.564
2011-10-28 16:00:00,135.26
2011-10-28 17:00:00,232.214
2011-10-28 18:00:00,219.09199999999998
2011-10-28 19:00:00,128.76999999999998
2011-10-28 20:00:00,72.348
2011-10-28 21:00:00,56.76
2011-10-28 22:00:00,41.23
2011-10-28 23:00:00,31.872
2011-10-29 00:00:00,29.298000000000002
2011-10-29 01:00:00,22.639999999999997
2011-10-29 02:00:00,20.162
2011-10-29 03:00:00,6.7620000000000005
2011-10-29 04:00:00,2.9079999999999995
2011-10-29 05:00:00,2.824
2011-10-29 06:00:00,8.18
2011-10-29 07:00:00,24.45
2011-10-29 08:00:00,55.056000000000004
2011-10-29 09:00:00,77.20599999999999
2011-10-29 10:00:00,81.24799999999999
2011-10-29 11:00:00,84.378
2011-10-29 12:00:00,84.368
2011-10-29 13:00:00,81.29
2011-10-29 14:00:00,85.15599999999999
2011-10-29 15:00:00,85.784
2011-10-29 16:00:00,81.37599999999999
2011-10-29 17:00:00,70.57999999999998
2011-10-29 18:00:00,65.11599999999999
2011-10-29 19:00:00,60.75399999999999
2011-10-29 20:00:00,49.248
2011-10-29 21:00:00,38.797999999999995
2011-10-29 22:00:00,37.980000000000004
2011-10-29 23:00:00,31.291999999999998
2011-10-30 00:00:00,34.214
2011-10-30 01:00:00,27.296000000000003
2011-10-30 02:00:00,22.22
2011-10-30 03:00:00,7.772
2011-10-30 04:00:00,2.534
2011-10-30 05:00:00,2.4939999999999998
2011-10-30 06:00:00,6.556
2011-10-30 07:00:00,18.375999999999998
2011-10-30 08:00:00,40.331999999999994
2011-10-30 09:00:00,76.418
2011-10-30 10:00:00,121.01199999999999
2011-10-30 11:00:00,145.41799999999998
2011-10-30 12:00:00,171.74999999999997
2011-10-30 13:00:00,175.36599999999999
2011-10-30 14:00:00,188.492
2011-10-30 15:00:00,197.718
2011-10-30 16:00:00,193.346
2011-10-30 17:00:00,144.602
2011-10-30 18:00:00,110.018
2011-10-30 19:00:00,151.86399999999998
2011-10-30 20:00:00,66.116
2011-10-30 21:00:00,50.912000000000006
2011-10-30 22:00:00,40.976
2011-10-30 23:00:00,23.864
2011-10-31 00:00:00,10.19
2011-10-31 01:00:00,4.3180000000000005
2011-10-31 02:00:00,1.6920000000000002
2011-10-31 03:00:00,2.167566666666666
2011-10-31 04:00:00,2.9619999999999993
2011-10-31 05:00:00,12.548666666666666
2011-10-31 06:00:00,54.87199999999999
2011-10-31 07:00:00,159.30199999999996
2011-10-31 08:00:00,239.18599999999998
2011-10-31 09:00:00,108.13000000000001
2011-10-31 10:00:00,66.38199999999999
2011-10-31 11:00:00,75.57000000000001
2011-10-31 12:00:00,94.06400000000001
2011-10-31 13:00:00,93.118
2011-10-31 14:00:00,87.394
2011-10-31 15:00:00,95.882
2011-10-31 16:00:00,136.28
2011-10-31 17:00:00,285.472
2011-10-31 18:00:00,244.382
2011-10-31 19:00:00,171.94799999999998
2011-10-31 20:00:00,116.118
2011-10-31 21:00:00,74.80199999999999
2011-10-31 22:00:00,53.056
2011-10-31 23:00:00,30.562
2011-11-20 00:00:00,41.674
2011-11-20 01:00:00,37.187999999999995
2011-11-20 02:00:00,32.126
2011-11-20 03:00:00,12.77
2011-11-20 04:00:00,3.662
2011-11-20 05:00:00,3.6879999999999997
2011-11-20 06:00:00,9.559999999999999
2011-11-20 07:00:00,22.34
2011-11-20 08:00:00,39.0
2011-11-20 09:00:00,89.15799999999999
2011-11-20 10:00:00,138.942
2011-11-20 11:00:00,169.192
2011-11-20 12:00:00,176.87400000000002
2011-11-20 13:00:00,179.42199999999997
2011-11-20 14:00:00,182.62599999999998
2011-11-20 15:00:00,175.814
2011-11-20 16:00:00,186.07999999999998
2011-11-20 17:00:00,166.81799999999998
2011-11-20 18:00:00,167.74
2011-11-20 19:00:00,115.584
2011-11-20 20:00:00,100.33200000000001
2011-11-20 21:00:00,64.318
2011-11-20 22:00:00,43.126
2011-11-20 23:00:00,36.756
2011-11-21 00:00:00,25.317999999999998
2011-11-21 01:00:00,8.718
2011-11-21 02:00:00,5.006
2011-11-21 03:00:00,2.612
2011-11-21 04:00:00,2.7720000000000002
2011-11-21 05:00:00,8.855999999999998
2011-11-21 06:00:00,54.132
2011-11-21 07:00:00,152.172
2011-11-21 08:00:00,231.076
2011-11-21 09:00:00,104.25
2011-11-21 10:00:00,61.852000000000004
2011-11-21 11:00:00,64.42399999999999
2011-11-21 12:00:00,87.08
2011-11-21 13:00:00,86.106
2011-11-21 14:00:00,64.518
2011-11-21 15:00:00,30.02
2011-11-21 16:00:00,51.032000000000004
2011-11-21 17:00:00,81.27999999999999
2011-11-21 18:00:00,128.142
2011-11-21 19:00:00,114.362
2011-11-21 20:00:00,82.236
2011-11-21 21:00:00,66.306
2011-11-21 22:00:00,50.064
2011-11-21 23:00:00,31.252
2011-11-22 00:00:00,8.654
2011-11-22 01:00:00,4.92
2011-11-22 02:00:00,2.886
2011-11-22 03:00:00,2.9319999999999995
2011-11-22 04:00:00,2.614
2011-11-22 05:00:00,7.7459999999999996
2011-11-22 06:00:00,48.324
2011-11-22 07:00:00,71.506
2011-11-22 08:00:00,142.084
2011-11-22 09:00:00,66.862
2011-11-22 10:00:00,35.775999999999996
2011-11-22 11:00:00,37.303999999999995
2011-11-22 12:00:00,39.744
2011-11-22 13:00:00,30.237999999999996
2011-11-22 14:00:00,28.896
2011-11-22 15:00:00,24.08
2011-11-22 16:00:00,62.754
2011-11-22 17:00:00,122.5
2011-11-22 18:00:00,124.40599999999999
2011-11-22 19:00:00,128.646
2011-11-22 20:00:00,98.382
2011-11-22 21:00:00,66.936
2011-11-22 22:00:00,62.73199999999999
2011-11-22 23:00:00,38.848
2011-11-23 00:00:00,14.363999999999999
2011-11-23 01:00:00,5.433999999999999
2011-11-23 02:00:00,2.634
2011-11-23 03:00:00,2.2399999999999998
2011-11-23 04:00:00,3.058
2011-11-23 05:00:00,10.362
2011-11-23 06:00:00,54.344
2011-11-23 07:00:00,171.7
2011-11-23 08:00:00,235.394
2011-11-23 09:00:00,102.114
2011-11-23 10:00:00,45.932
2011-11-23 11:00:00,70.566
2011-11-23 12:00:00,102.03
2011-11-23 13:00:00,88.19200000000001
2011-11-23 14:00:00,81.63600000000001
2011-11-23 15:00:00,85.06
2011-11-23 16:00:00,132.412
2011-11-23 17:00:00,167.81599999999997
2011-11-23 18:00:00,230.62599999999998
2011-11-23 19:00:00,141.69
2011-11-23 20:00:00,98.95999999999998
2011-11-23 21:00:00,76.51599999999999
2011-11-23 22:00:00,57.898
2011-11-23 23:00:00,32.968
2011-11-24 00:00:00,24.362000000000002
2011-11-24 01:00:00,13.52
2011-11-24 02:00:00,7.533999999999999
2011-11-24 03:00:00,4.266
2011-11-24 04:00:00,3.8659999999999997
2011-11-24 05:00:00,9.686
2011-11-24 06:00:00,21.158
2011-11-24 07:00:00,70.008
2011-11-24 08:00:00,107.18
2011-11-24 09:00:00,105.69399999999999
2011-11-24 10:00:00,100.526
2011-11-24 11:00:00,124.09599999999999
2011-11-24 12:00:00,146.474
2011-11-24 13:00:00,152.53
2011-11-24 14:00:00,152.394
2011-11-24 15:00:00,153.10000000000002
2011-11-24 16:00:00,158.27800000000002
2011-11-24 17:00:00,178.20999999999998
2011-11-24 18:00:00,148.394
2011-11-24 19:00:00,119.99
2011-11-24 20:00:00,79.69
2011-11-24 21:00:00,57.304
2011-11-24 22:00:00,51.792
2011-11-24 23:00:00,46.486
2011-11-25 00:00:00,22.97
2011-11-25 01:00:00,10.914000000000001
2011-11-25 02:00:00,6.752
2011-11-25 03:00:00,2.4958666666666662
2011-11-25 04:00:00,2.490666666666667
2011-11-25 05:00:00,12.878
2011-11-25 06:00:00,50.608
2011-11-25 07:00:00,140.262
2011-11-25 08:00:00,245.938
2011-11-25 09:00:00,122.63999999999999
2011-11-25 10:00:00,80.41
2011-11-25 11:00:00,91.178
2011-11-25 12:00:00,120.696
2011-11-25 13:00:00,123.47599999999998
2011-11-25 14:00:00,118.97
2011-11-25 15:00:00,123.32
2011-11-25 16:00:00,180.40800000000002
2011-11-25 17:00:00,284.644
2011-11-25 18:00:00,255.79
2011-11-25 19:00:00,141.35199999999998
2011-11-25 20:00:00,111.32199999999999
2011-11-25 21:00:00,82.434
2011-11-25 22:00:00,63.842
2011-11-25 23:00:00,47.922
2011-11-26 00:00:00,39.366
2011-11-26 01:00:00,41.542
2011-11-26 02:00:00,25.712
2011-11-26 03:00:00,15.386000000000001
2011-11-26 04:00:00,3.89
2011-11-26 05:00:00,3.406
2011-11-26 06:00:00,8.834
2011-11-26 07:00:00,18.881999999999998
2011-11-26 08:00:00,47.907999999999994
2011-11-26 09:00:00,93.93199999999999
2011-11-26 10:00:00,130.196
2011-11-26 11:00:00,159.416
2011-11-26 12:00:00,178.52599999999998
2011-11-26 13:00:00,181.146
2011-11-26 14:00:00,169.796
2011-11-26 15:00:00,175.30599999999998
2011-11-26 16:00:00,177.502
2011-11-26 17:00:00,143.93
2011-11-26 18:00:00,112.482
2011-11-26 19:00:00,105.444
2011-11-26 20:00:00,77.66799999999999
2011-11-26 21:00:00,53.814
2011-11-26 22:00:00,54.117999999999995
2011-11-26 23:00:00,47.428
2011-11-27 00:00:00,44.263999999999996
2011-11-27 01:00:00,39.48
2011-11-27 02:00:00,29.594
2011-11-27 03:00:00,15.152000000000001
2011-11-27 04:00:00,4.884
2011-11-27 05:00:00,3.83
2011-11-27 06:00:00,8.73
2011-11-27 07:00:00,21.422
2011-11-27 08:00:00,34.644
2011-11-27 09:00:00,82.978
2011-11-27 10:00:00,135.122
2011-11-27 11:00:00,169.08
2011-11-27 12:00:00,193.232
2011-11-27 13:00:00,185.39000000000001
2011-11-27 14:00:00,221.11200000000002
2011-11-27 15:00:00,218.216
2011-11-27 16:00:00,204.30599999999998
2011-11-27 17:00:00,191.63400000000001
2011-11-27 18:00:00,146.088
2011-11-27 19:00:00,106.86399999999999
2011-11-27 20:00:00,93.518
2011-11-27 21:00:00,59.606
2011-11-27 22:00:00,54.78999999999999
2011-11-27 23:00:00,40.91
2011-11-28 00:00:00,30.823999999999998
2011-11-28 01:00:00,12.302
2011-11-28 03:00:00,3.104
2011-11-28 04:00:00,4.094
2011-11-28 05:00:00,14.812000000000001
2011-11-28 06:00:00,59.05
2011-11-28 07:00:00,168.81799999999998
2011-11-28 08:00:00,230.302
2011-11-28 09:00:00,109.38600000000001
2011-11-28 10:00:00,62.983999999999995
2011-11-28 11:00:00,75.24
2011-11-28 12:00:00,104.04599999999999
2011-11-28 13:00:00,104.18200000000002
2011-11-28 14:00:00,103.182
2011-11-28 15:00:00,100.044
2011-11-28 16:00:00,154.06799999999998
2011-11-28 17:00:00,311.864
2011-11-28 18:00:00,296.284
2011-11-28 19:00:00,186.422
2011-11-28 20:00:00,133.398
2011-11-28 21:00:00,111.54599999999999
2011-11-28 22:00:00,74.56599999999999
2011-11-28 23:00:00,37.534
2011-11-29 00:00:00,16.352
2011-11-29 01:00:00,6.045999999999999
2011-11-29 02:00:00,2.744
2011-11-29 03:00:00,1.998
2011-11-29 04:00:00,2.9119999999999995
2011-11-29 05:00:00,14.956000000000001
2011-11-29 06:00:00,64.734
2011-11-29 07:00:00,185.748
2011-11-29 08:00:00,255.272
2011-11-29 09:00:00,114.984
2011-11-29 10:00:00,68.57
2011-11-29 11:00:00,48.438
2011-11-29 12:00:00,52.018
2011-11-29 13:00:00,64.35
2011-11-29 14:00:00,33.467999999999996
2011-11-29 15:00:00,45.83
2011-11-29 16:00:00,50.83
2011-11-29 17:00:00,150.92
2011-11-29 18:00:00,171.252
2011-11-29 19:00:00,146.13799999999998
2011-11-29 20:00:00,89.242
2011-11-29 21:00:00,77.44
2011-11-29 22:00:00,59.402
2011-11-29 23:00:00,31.787999999999997
2011-11-30 00:00:00,15.697999999999999
2011-11-30 01:00:00,6.07
2011-11-30 02:00:00,2.866
2011-11-30 03:00:00,2.354
2011-11-30 04:00:00,2.9759999999999995
2011-11-30 05:00:00,13.512
2011-11-30 06:00:00,52.864
2011-11-30 07:00:00,148.35999999999999
2011-11-30 08:00:00,250.468
2011-11-30 09:00:00,121.66799999999999
2011-11-30 10:00:00,64.02
2011-11-30 11:00:00,74.53399999999999
2011-11-30 12:00:00,82.008
2011-11-30 13:00:00,84.214
2011-11-30 14:00:00,83.244
2011-11-30 15:00:00,79.824
2011-11-30 16:00:00,127.942
2011-11-30 17:00:00,213.596
2011-11-30 18:00:00,209.77
2011-11-30 19:00:00,138.08999999999997
2011-11-30 20:00:00,94.05399999999999
2011-11-30 21:00:00,67.94
2011-11-30 22:00:00,52.634
2011-11-30 23:00:00,28.746000000000002
2011-12-20 00:00:00,14.136
2011-12-20 01:00:00,7.462
2011-12-20 02:00:00,4.068
2011-12-20 03:00:00,2.766
2011-12-20 04:00:00,3.484
2011-12-20 05:00:00,13.26
2011-12-20 06:00:00,56.126000000000005
2011-12-20 07:00:00,155.76
2011-12-20 08:00:00,272.212
2011-12-20 09:00:00,130.36399999999998
2011-12-20 10:00:00,73.106
2011-12-20 11:00:00,74.548
2011-12-20 12:00:00,95.93
2011-12-20 13:00:00,92.21199999999999
2011-12-20 14:00:00,85.10600000000001
2011-12-20 15:00:00,92.45599999999999
2011-12-20 16:00:00,133.542
2011-12-20 17:00:00,251.554
2011-12-20 18:00:00,223.082
2011-12-20 19:00:00,158.262
2011-12-20 20:00:00,111.93599999999999
2011-12-20 21:00:00,89.05
2011-12-20 22:00:00,60.066
2011-12-20 23:00:00,33.466
2011-12-21 00:00:00,14.352
2011-12-21 01:00:00,7.969999999999999
2011-12-21 02:00:00,3.868
2011-12-21 03:00:00,2.618
2011-12-21 04:00:00,2.7439999999999998
2011-12-21 05:00:00,12.645999999999999
2011-12-21 06:00:00,55.525999999999996
2011-12-21 07:00:00,163.482
2011-12-21 08:00:00,108.63000000000001
2011-12-21 09:00:00,120.844
2011-12-21 10:00:00,61.916000000000004
2011-12-21 11:00:00,60.774
2011-12-21 12:00:00,45.897999999999996
2011-12-21 13:00:00,24.662
2011-12-21 14:00:00,63.838
2011-12-21 15:00:00,65.10199999999999
2011-12-21 16:00:00,54.501999999999995
2011-12-21 17:00:00,93.648
2011-12-21 18:00:00,146.27
2011-12-21 19:00:00,118.95799999999998
2011-12-21 20:00:00,102.86599999999999
2011-12-21 21:00:00,70.68799999999999
2011-12-21 22:00:00,68.40799999999999
2011-12-21 23:00:00,44.72
2011-12-22 00:00:00,29.438
2011-12-22 01:00:00,7.204000000000001
2011-12-22 02:00:00,4.859999999999999
2011-12-22 03:00:00,3.216
2011-12-22 04:00:00,2.88
2011-12-22 05:00:00,15.154
2011-12-22 06:00:00,56.608
2011-12-22 07:00:00,153.1
2011-12-22 08:00:00,249.98
2011-12-22 09:00:00,125.83
2011-12-22 10:00:00,58.91199999999999
2011-12-22 11:00:00,63.397999999999996
2011-12-22 12:00:00,100.25
2011-12-22 13:00:00,88.36999999999999
2011-12-22 14:00:00,78.854
2011-12-22 15:00:00,83.12
2011-12-22 16:00:00,124.68199999999999
2011-12-22 17:00:00,230.66799999999998
2011-12-22 18:00:00,225.572
2011-12-22 19:00:00,145.79
2011-12-22 20:00:00,93.13199999999999
2011-12-22 21:00:00,69.99
2011-12-22 22:00:00,48.147999999999996
2011-12-22 23:00:00,41.306
2011-12-23 00:00:00,22.744
2011-12-23 01:00:00,12.581999999999999
2011-12-23 02:00:00,6.886
2011-12-23 03:00:00,2.71
2011-12-23 04:00:00,2.046
2011-12-23 05:00:00,13.542000000000002
2011-12-23 06:00:00,49.0
2011-12-23 07:00:00,143.14
2011-12-23 08:00:00,240.856
2011-12-23 09:00:00,130.38400000000001
2011-12-23 10:00:00,79.718
2011-12-23 11:00:00,86.806
2011-12-23 12:00:00,104.07199999999999
2011-12-23 13:00:00,100.13
2011-12-23 14:00:00,99.78000000000002
2011-12-23 15:00:00,100.764
2011-12-23 16:00:00,132.08399999999997
2011-12-23 17:00:00,199.76
2011-12-23 18:00:00,187.984
2011-12-23 19:00:00,120.65999999999998
2011-12-23 20:00:00,77.228
2011-12-23 21:00:00,73.402
2011-12-23 22:00:00,57.452
2011-12-23 23:00:00,45.09599999999999
2011-12-24 00:00:00,41.147999999999996
2011-12-24 01:00:00,37.568
2011-12-24 02:00:00,32.048
2011-12-24 03:00:00,15.347999999999999
2011-12-24 04:00:00,4.064
2011-12-24 05:00:00,3.636
2011-12-24 06:00:00,6.184
2011-12-24 07:00:00,23.89
2011-12-24 08:00:00,41.112
2011-12-24 09:00:00,88.154
2011-12-24 10:00:00,105.684
2011-12-24 11:00:00,121.398
2011-12-24 12:00:00,150.566
2011-12-24 13:00:00,148.514
2011-12-24 14:00:00,146.10399999999998
2011-12-24 15:00:00,130.438
2011-12-24 16:00:00,133.358
2011-12-24 17:00:00,89.554
2011-12-24 18:00:00,98.67999999999999
2011-12-24 19:00:00,90.688
2011-12-24 20:00:00,57.16799999999999
2011-12-24 21:00:00,46.37199999999999
2011-12-24 22:00:00,43.483999999999995
2011-12-24 23:00:00,29.442
2011-12-25 00:00:00,38.76599999999999
2011-12-25 01:00:00,29.976000000000003
2011-12-25 02:00:00,29.154
2011-12-25 03:00:00,9.604
2011-12-25 05:00:00,3.6159999999999997
2011-12-25 06:00:00,4.138
2011-12-25 07:00:00,12.37
2011-12-25 08:00:00,31.942
2011-12-25 09:00:00,64.852
2011-12-25 10:00:00,91.588
2011-12-25 11:00:00,116.9
2011-12-25 12:00:00,118.924
2011-12-25 13:00:00,129.27
2011-12-25 14:00:00,144.88799999999998
2011-12-25 15:00:00,147.148
2011-12-25 16:00:00,155.26
2011-12-25 17:00:00,107.06199999999998
2011-12-25 18:00:00,89.79599999999999
2011-12-25 19:00:00,90.484
2011-12-25 20:00:00,70.65
2011-12-25 21:00:00,46.616
2011-12-25 22:00:00,36.855999999999995
2011-12-25 23:00:00,27.03
2011-12-26 00:00:00,18.12
2011-12-26 01:00:00,14.659999999999998
2011-12-26 02:00:00,8.98
2011-12-26 04:00:00,4.196
2011-12-26 05:00:00,8.646
2011-12-26 06:00:00,17.186
2011-12-26 07:00:00,60.342
2011-12-26 08:00:00,84.48400000000001
2011-12-26 09:00:00,107.02
2011-12-26 10:00:00,93.478
2011-12-26 11:00:00,104.5
2011-12-26 12:00:00,118.68599999999999
2011-12-26 13:00:00,119.166
2011-12-26 14:00:00,118.734
2011-12-26 15:00:00,122.328
2011-12-26 16:00:00,126.28799999999998
2011-12-26 17:00:00,140.336
2011-12-26 18:00:00,133.416
2011-12-26 19:00:00,104.08399999999999
2011-12-26 20:00:00,66.914
2011-12-26 21:00:00,51.662
2011-12-26 22:00:00,45.273999999999994
2011-12-26 23:00:00,29.57
2011-12-27 00:00:00,9.446
2011-12-27 01:00:00,3.5279999999999996
2011-12-27 02:00:00,2.082
2011-12-27 03:00:00,2.2680000000000002
2011-12-27 04:00:00,2.5180000000000002
2011-12-27 05:00:00,10.391999999999998
2011-12-27 06:00:00,44.952
2011-12-27 07:00:00,135.39399999999998
2011-12-27 08:00:00,248.088
2011-12-27 09:00:00,96.966
2011-12-27 10:00:00,64.77
2011-12-27 11:00:00,57.94
2011-12-27 12:00:00,45.416
2011-12-27 13:00:00,42.870000000000005
2011-12-27 14:00:00,44.26199999999999
2011-12-27 15:00:00,43.870000000000005
2011-12-27 16:00:00,57.354
2011-12-27 17:00:00,127.32000000000001
2011-12-27 18:00:00,149.404
2011-12-27 19:00:00,120.534
2011-12-27 20:00:00,74.32
2011-12-27 21:00:00,78.81
2011-12-27 22:00:00,57.922
2011-12-27 23:00:00,30.657999999999994
2011-12-28 00:00:00,13.168
2011-12-28 01:00:00,5.87
2011-12-28 02:00:00,3.2119999999999997
2011-12-28 03:00:00,2.3579999999999997
2011-12-28 05:00:00,11.152000000000001
2011-12-28 06:00:00,47.839999999999996
2011-12-28 07:00:00,139.316
2011-12-28 08:00:00,258.24199999999996
2011-12-28 09:00:00,129.162
2011-12-28 10:00:00,64.38
2011-12-28 11:00:00,70.844
2011-12-28 12:00:00,82.676
2011-12-28 13:00:00,76.862
2011-12-28 14:00:00,70.878
2011-12-28 15:00:00,72.24799999999999
2011-12-28 16:00:00,113.28599999999999
2011-12-28 17:00:00,180.536
2011-12-28 18:00:00,174.70600000000002
2011-12-28 19:00:00,106.718
2011-12-28 20:00:00,77.744
2011-12-28 21:00:00,46.394
2011-12-28 22:00:00,35.94
2011-12-28 23:00:00,24.128
2011-12-29 00:00:00,10.495999999999999
2011-12-29 01:00:00,4.3919999999999995
2011-12-29 02:00:00,2.9389999999999996
2011-12-29 03:00:00,2.1919999999999997
2011-12-29 04:00:00,2.142
2011-12-29 05:00:00,9.235999999999999
2011-12-29 06:00:00,37.013999999999996
2011-12-29 07:00:00,109.1
2011-12-29 08:00:00,241.134
2011-12-29 09:00:00,130.284
2011-12-29 10:00:00,61.806
2011-12-29 11:00:00,63.678
2011-12-29 12:00:00,80.11
2011-12-29 13:00:00,80.66799999999999
2011-12-29 14:00:00,73.476
2011-12-29 15:00:00,73.26
2011-12-29 16:00:00,117.344
2011-12-29 17:00:00,179.36999999999998
2011-12-29 18:00:00,171.42
2011-12-29 19:00:00,119.654
2011-12-29 20:00:00,79.62199999999999
2011-12-29 21:00:00,71.43799999999999
2011-12-29 22:00:00,52.05
2011-12-29 23:00:00,42.114000000000004
2011-12-30 00:00:00,17.778
2011-12-30 01:00:00,7.604
2011-12-30 02:00:00,5.8744000000000005
2011-12-30 03:00:00,1.9640000000000002
2011-12-30 04:00:00,1.7089333333333334
2011-12-30 05:00:00,9.452733333333333
2011-12-30 06:00:00,36.522
2011-12-30 07:00:00,112.32799999999999
2011-12-30 08:00:00,235.79999999999998
2011-12-30 09:00:00,124.934
2011-12-30 10:00:00,69.808
2011-12-30 11:00:00,80.092
2011-12-30 12:00:00,94.01599999999999
2011-12-30 13:00:00,99.926
2011-12-30 14:00:00,106.36600000000001
2011-12-30 15:00:00,108.544
2011-12-30 16:00:00,150.926
2011-12-30 17:00:00,219.72000000000003
2011-12-30 18:00:00,202.74799999999996
2011-12-30 19:00:00,115.512
2011-12-30 20:00:00,95.242
2011-12-30 21:00:00,79.48400000000001
2011-12-30 22:00:00,57.36
2011-12-30 23:00:00,44.126
2011-12-31 00:00:00,39.001999999999995
2011-12-31 01:00:00,35.19
2011-12-31 02:00:00,29.678
2011-12-31 03:00:00,11.19
2011-12-31 04:00:00,3.3440000000000003
2011-12-31 05:00:00,3.2220000000000004
2011-12-31 06:00:00,7.9399999999999995
2011-12-31 07:00:00,19.988
2011-12-31 08:00:00,42.06
2011-12-31 09:00:00,93.32799999999999
2011-12-31 10:00:00,121.694
2011-12-31 11:00:00,137.948
2011-12-31 12:00:00,203.142
2011-12-31 13:00:00,188.436
2011-12-31 14:00:00,175.256
2011-12-31 15:00:00,171.054
2011-12-31 16:00:00,175.41
2011-12-31 17:00:00,122.358
2011-12-31 18:00:00,109.938
2011-12-31 19:00:00,93.55599999999998
2011-12-31 20:00:00,76.16399999999999
2011-12-31 21:00:00,58.77199999999999
2011-12-31 22:00:00,55.367999999999995
2011-12-31 23:00:00,47.198
2012-01-20 00:00:00,14.038
2012-01-20 01:00:00,5.92
2012-01-20 02:00:00,4.9239999999999995
2012-01-20 03:00:00,2.8729999999999998
2012-01-20 04:00:00,2.0023999999999997
2012-01-20 05:00:00,11.8664
2012-01-20 06:00:00,46.983999999999995
2012-01-20 07:00:00,123.692
2012-01-20 08:00:00,266.116
2012-01-20 09:00:00,115.718
2012-01-20 10:00:00,80.676
2012-01-20 11:00:00,81.33200000000001
2012-01-20 12:00:00,92.03
2012-01-20 13:00:00,95.644
2012-01-20 14:00:00,93.118
2012-01-20 15:00:00,94.354
2012-01-20 16:00:00,106.228
2012-01-20 17:00:00,171.516
2012-01-20 18:00:00,155.95799999999997
2012-01-20 19:00:00,112.982
2012-01-20 20:00:00,84.826
2012-01-20 21:00:00,47.454
2012-01-20 22:00:00,38.66199999999999
2012-01-20 23:00:00,31.023999999999997
2012-01-21 00:00:00,20.674
2012-01-21 01:00:00,23.049999999999997
2012-01-21 02:00:00,20.773999999999997
2012-01-21 03:00:00,11.448
2012-01-21 04:00:00,3.544
2012-01-21 05:00:00,3.4419999999999997
2012-01-21 06:00:00,3.948
2012-01-21 07:00:00,12.474
2012-01-21 08:00:00,41.494
2012-01-21 09:00:00,67.60799999999999
2012-01-21 10:00:00,87.264
2012-01-21 11:00:00,97.54400000000001
2012-01-21 12:00:00,119.71
2012-01-21 13:00:00,118.93199999999999
2012-01-21 14:00:00,100.21000000000001
2012-01-21 15:00:00,99.722
2012-01-21 16:00:00,109.452
2012-01-21 17:00:00,71.48400000000001
2012-01-21 18:00:00,65.698
2012-01-21 19:00:00,58.304
2012-01-21 20:00:00,52.55
2012-01-21 21:00:00,38.867999999999995
2012-01-21 22:00:00,36.736000000000004
2012-01-21 23:00:00,32.828
2012-01-22 00:00:00,31.218
2012-01-22 01:00:00,27.381999999999998
2012-01-22 02:00:00,24.131999999999998
2012-01-22 03:00:00,12.692
2012-01-22 04:00:00,3.11
2012-01-22 05:00:00,2.718
2012-01-22 06:00:00,3.604
2012-01-22 07:00:00,9.828
2012-01-22 08:00:00,25.81
2012-01-22 09:00:00,62.57
2012-01-22 10:00:00,80.744
2012-01-22 11:00:00,85.788
2012-01-22 12:00:00,108.424
2012-01-22 13:00:00,105.706
2012-01-22 14:00:00,110.73
2012-01-22 15:00:00,105.82399999999998
2012-01-22 16:00:00,102.54400000000001
2012-01-22 17:00:00,65.672
2012-01-22 18:00:00,55.528
2012-01-22 19:00:00,53.468
2012-01-22 20:00:00,51.242000000000004
2012-01-22 21:00:00,39.717999999999996
2012-01-22 22:00:00,34.172
2012-01-22 23:00:00,24.314
2012-01-23 00:00:00,9.748
2012-01-23 01:00:00,3.1279999999999997
2012-01-23 02:00:00,2.464
2012-01-23 03:00:00,2.162
2012-01-23 04:00:00,2.22
2012-01-23 05:00:00,11.785333333333334
2012-01-23 06:00:00,47.017999999999994
2012-01-23 07:00:00,107.4
2012-01-23 08:00:00,177.044
2012-01-23 09:00:00,120.99
2012-01-23 10:00:00,55.27199999999999
2012-01-23 11:00:00,53.664
2012-01-23 12:00:00,58.152
2012-01-23 13:00:00,38.034
2012-01-23 14:00:00,35.904
2012-01-23 15:00:00,62.36999999999999
2012-01-23 16:00:00,70.77
2012-01-23 17:00:00,107.362
2012-01-23 18:00:00,117.12400000000001
2012-01-23 19:00:00,109.556
2012-01-23 20:00:00,84.56400000000001
2012-01-23 21:00:00,50.198
2012-01-23 22:00:00,43.74
2012-01-23 23:00:00,26.438000000000002
2012-01-24 00:00:00,8.706
2012-01-24 01:00:00,3.622
2012-01-24 02:00:00,2.768
2012-01-24 03:00:00,1.982
2012-01-24 04:00:00,2.11
2012-01-24 05:00:00,10.286
2012-01-24 06:00:00,49.622
2012-01-24 07:00:00,150.952
2012-01-24 08:00:00,293.888
2012-01-24 09:00:00,124.84799999999998
2012-01-24 10:00:00,52.668
2012-01-24 11:00:00,53.668
2012-01-24 12:00:00,61.10999999999999
2012-01-24 13:00:00,61.03
2012-01-24 14:00:00,69.09400000000001
2012-01-24 15:00:00,73.36
2012-01-24 16:00:00,117.76999999999998
2012-01-24 17:00:00,269.19399999999996
2012-01-24 18:00:00,251.91599999999997
2012-01-24 19:00:00,184.76799999999997
2012-01-24 20:00:00,112.39999999999999
2012-01-24 21:00:00,77.33
2012-01-24 22:00:00,61.013999999999996
2012-01-24 23:00:00,27.322000000000003
2012-01-25 00:00:00,9.882
2012-01-25 01:00:00,4.024
2012-01-25 02:00:00,3.2680000000000002
2012-01-25 03:00:00,1.882
2012-01-25 04:00:00,1.6
2012-01-25 05:00:00,12.121999999999998
2012-01-25 06:00:00,46.188
2012-01-25 07:00:00,133.808
2012-01-25 08:00:00,281.106
2012-01-25 09:00:00,122.77
2012-01-25 10:00:00,63.762
2012-01-25 11:00:00,67.874
2012-01-25 12:00:00,74.85
2012-01-25 13:00:00,75.81
2012-01-25 14:00:00,69.18599999999999
2012-01-25 15:00:00,80.69399999999999
2012-01-25 16:00:00,110.054
2012-01-25 17:00:00,238.27599999999998
2012-01-25 18:00:00,208.73
2012-01-25 19:00:00,159.13
2012-01-25 20:00:00,106.66399999999999
2012-01-25 21:00:00,75.976
2012-01-25 22:00:00,65.838
2012-01-25 23:00:00,27.479999999999997
2012-01-26 00:00:00,13.904
2012-01-26 01:00:00,4.002
2012-01-26 02:00:00,3.694
2012-01-26 03:00:00,2.176
2012-01-26 04:00:00,1.8506666666666665
2012-01-26 05:00:00,11.962
2012-01-26 06:00:00,51.07600000000001
2012-01-26 07:00:00,140.48
2012-01-26 08:00:00,292.478
2012-01-26 09:00:00,126.486
2012-01-26 10:00:00,58.486
2012-01-26 11:00:00,55.635999999999996
2012-01-26 12:00:00,75.074
2012-01-26 13:00:00,79.83999999999999
2012-01-26 14:00:00,79.938
2012-01-26 15:00:00,87.68
2012-01-26 16:00:00,114.24
2012-01-26 17:00:00,258.248
2012-01-26 18:00:00,259.24199999999996
2012-01-26 19:00:00,175.90599999999998
2012-01-26 20:00:00,117.03200000000001
2012-01-26 21:00:00,81.546
2012-01-26 22:00:00,68.476
2012-01-26 23:00:00,42.91799999999999
2012-01-27 00:00:00,25.116
2012-01-27 01:00:00,9.93
2012-01-27 02:00:00,6.411999999999999
2012-01-27 03:00:00,2.38
2012-01-27 04:00:00,1.83
2012-01-27 05:00:00,12.052000000000001
2012-01-27 06:00:00,58.209999999999994
2012-01-27 07:00:00,156.104
2012-01-27 08:00:00,217.44399999999996
2012-01-27 09:00:00,123.988
2012-01-27 10:00:00,76.566
2012-01-27 11:00:00,93.97800000000001
2012-01-27 12:00:00,123.926
2012-01-27 13:00:00,135.916
2012-01-27 14:00:00,131.98999999999998
2012-01-27 15:00:00,132.618
2012-01-27 16:00:00,131.978
2012-01-27 17:00:00,270.99399999999997
2012-01-27 18:00:00,246.06999999999996
2012-01-27 19:00:00,163.08599999999998
2012-01-27 20:00:00,109.07999999999998
2012-01-27 21:00:00,77.202
2012-01-27 22:00:00,70.518
2012-01-27 23:00:00,39.998
2012-01-28 00:00:00,37.044
2012-01-28 01:00:00,30.346
2012-01-28 02:00:00,26.152
2012-01-28 03:00:00,12.431999999999999
2012-01-28 04:00:00,2.816
2012-01-28 05:00:00,2.35
2012-01-28 06:00:00,4.422
2012-01-28 07:00:00,16.546
2012-01-28 08:00:00,49.089999999999996
2012-01-28 09:00:00,74.782
2012-01-28 10:00:00,103.90399999999998
2012-01-28 11:00:00,131.578
2012-01-28 12:00:00,130.16199999999998
2012-01-28 13:00:00,151.804
2012-01-28 14:00:00,140.494
2012-01-28 15:00:00,148.994
2012-01-28 16:00:00,184.912
2012-01-28 17:00:00,145.58800000000002
2012-01-28 18:00:00,115.526
2012-01-28 19:00:00,82.432
2012-01-28 20:00:00,79.83
2012-01-28 21:00:00,62.542
2012-01-28 22:00:00,60.736
2012-01-28 23:00:00,45.664
2012-01-29 00:00:00,38.784
2012-01-29 01:00:00,32.42
2012-01-29 02:00:00,25.048000000000002
2012-01-29 03:00:00,13.456000000000001
2012-01-29 04:00:00,4.109999999999999
2012-01-29 05:00:00,2.63
2012-01-29 06:00:00,4.03
2012-01-29 07:00:00,13.796000000000001
2012-01-29 08:00:00,32.122
2012-01-29 09:00:00,63.413999999999994
2012-01-29 10:00:00,94.768
2012-01-29 11:00:00,127.51599999999999
2012-01-29 12:00:00,176.004
2012-01-29 13:00:00,175.48
2012-01-29 14:00:00,171.41199999999998
2012-01-29 15:00:00,171.83799999999997
2012-01-29 16:00:00,167.84400000000002
2012-01-29 17:00:00,139.59
2012-01-29 18:00:00,118.338
2012-01-29 19:00:00,75.252
2012-01-29 20:00:00,62.297999999999995
2012-01-29 21:00:00,51.478
2012-01-29 22:00:00,51.22
2012-01-29 23:00:00,25.798000000000002
2012-01-30 00:00:00,11.904
2012-01-30 01:00:00,2.162
2012-01-30 02:00:00,2.11
2012-01-30 03:00:00,1.6840000000000002
2012-01-30 04:00:00,1.704
2012-01-30 05:00:00,10.882
2012-01-30 06:00:00,45.934000000000005
2012-01-30 07:00:00,128.376
2012-01-30 08:00:00,255.584
2012-01-30 09:00:00,107.40599999999999
2012-01-30 10:00:00,63.056
2012-01-30 11:00:00,65.862
2012-01-30 12:00:00,77.128
2012-01-30 13:00:00,76.688
2012-01-30 14:00:00,73.08800000000001
2012-01-30 15:00:00,76.014
2012-01-30 16:00:00,118.03399999999999
2012-01-30 17:00:00,243.52
2012-01-30 18:00:00,239.298
2012-01-30 19:00:00,146.494
2012-01-30 20:00:00,107.122
2012-01-30 21:00:00,73.922
2012-01-30 22:00:00,55.21
2012-01-30 23:00:00,27.669999999999998
2012-01-31 00:00:00,8.982
2012-01-31 01:00:00,3.0020000000000002
2012-01-31 02:00:00,2.6639999999999997
2012-01-31 03:00:00,1.718
2012-01-31 04:00:00,1.568
2012-01-31 05:00:00,11.723999999999998
2012-01-31 06:00:00,53.324
2012-01-31 07:00:00,134.954
2012-01-31 08:00:00,281.404
2012-01-31 09:00:00,110.5
2012-01-31 10:00:00,64.22
2012-01-31 11:00:00,72.16799999999999
2012-01-31 12:00:00,88.078
2012-01-31 13:00:00,108.048
2012-01-31 14:00:00,105.45000000000002
2012-01-31 15:00:00,114.53999999999999
2012-01-31 16:00:00,174.45000000000002
2012-01-31 17:00:00,330.736
2012-01-31 18:00:00,321.02799999999996
2012-01-31 19:00:00,219.086
2012-01-31 20:00:00,120.092
2012-01-31 21:00:00,116.90799999999999
2012-01-31 22:00:00,66.34
2012-01-31 23:00:00,43.248
2012-02-20 00:00:00,14.588000000000001
2012-02-20 01:00:00,22.508
2012-02-20 02:00:00,7.946000000000001
2012-02-20 03:00:00,3.1540000000000004
2012-02-20 05:00:00,5.34
2012-02-20 06:00:00,11.065999999999999
2012-02-20 07:00:00,42.93599999999999
2012-02-20 08:00:00,70.07
2012-02-20 09:00:00,88.27
2012-02-20 10:00:00,84.762
2012-02-20 11:00:00,90.866
2012-02-20 12:00:00,109.032
2012-02-20 13:00:00,111.916
2012-02-20 14:00:00,111.976
2012-02-20 15:00:00,113.21
2012-02-20 16:00:00,144.578
2012-02-20 17:00:00,142.326
2012-02-20 18:00:00,114.024
2012-02-20 19:00:00,88.428
2012-02-20 20:00:00,77.338
2012-02-20 21:00:00,58.612
2012-02-20 22:00:00,56.922000000000004
2012-02-20 23:00:00,28.912
2012-02-21 00:00:00,11.383999999999999
2012-02-21 01:00:00,3.872
2012-02-21 02:00:00,1.882
2012-02-21 04:00:00,1.1672
2012-02-21 05:00:00,11.936666666666666
2012-02-21 06:00:00,47.166
2012-02-21 07:00:00,162.538
2012-02-21 08:00:00,283.738
2012-02-21 09:00:00,151.84
2012-02-21 10:00:00,61.75599999999999
2012-02-21 11:00:00,65.372
2012-02-21 12:00:00,81.914
2012-02-21 13:00:00,86.74600000000001
2012-02-21 14:00:00,82.36399999999999
2012-02-21 15:00:00,83.69600000000001
2012-02-21 16:00:00,127.04999999999998
2012-02-21 17:00:00,256.01399999999995
2012-02-21 18:00:00,256.508
2012-02-21 19:00:00,171.458
2012-02-21 20:00:00,118.97000000000001
2012-02-21 21:00:00,94.65599999999999
2012-02-21 22:00:00,59.804
2012-02-21 23:00:00,28.965999999999998
2012-02-22 00:00:00,13.05
2012-02-22 01:00:00,5.0
2012-02-22 02:00:00,2.518
2012-02-22 03:00:00,1.5099999999999998
2012-02-22 04:00:00,1.254
2012-02-22 05:00:00,12.935999999999998
2012-02-22 06:00:00,52.589999999999996
2012-02-22 07:00:00,178.202
2012-02-22 08:00:00,299.7
2012-02-22 09:00:00,155.38799999999998
2012-02-22 10:00:00,64.35
2012-02-22 11:00:00,76.122
2012-02-22 12:00:00,84.514
2012-02-22 13:00:00,92.12
2012-02-22 14:00:00,84.738
2012-02-22 15:00:00,111.65
2012-02-22 16:00:00,172.36599999999999
2012-02-22 17:00:00,313.762
2012-02-22 18:00:00,278.576
2012-02-22 19:00:00,188.368
2012-02-22 20:00:00,132.26
2012-02-22 21:00:00,117.904
2012-02-22 22:00:00,73.39
2012-02-22 23:00:00,42.384
2012-02-23 00:00:00,18.752
2012-02-23 01:00:00,5.934
2012-02-23 02:00:00,4.812
2012-02-23 03:00:00,1.7899999999999998
2012-02-23 04:00:00,1.7699999999999998
2012-02-23 05:00:00,14.203999999999999
2012-02-23 06:00:00,57.358000000000004
2012-02-23 07:00:00,163.24599999999998
2012-02-23 08:00:00,304.598
2012-02-23 09:00:00,145.058
2012-02-23 10:00:00,81.966
2012-02-23 11:00:00,97.66600000000001
2012-02-23 12:00:00,116.644
2012-02-23 13:00:00,118.83200000000001
2012-02-23 14:00:00,107.834
2012-02-23 15:00:00,113.90799999999999
2012-02-23 16:00:00,175.636
2012-02-23 17:00:00,329.786
2012-02-23 18:00:00,316.458
2012-02-23 19:00:00,210.626
2012-02-23 20:00:00,144.89
2012-02-23 21:00:00,112.32400000000001
2012-02-23 22:00:00,79.928
2012-02-23 23:00:00,54.676
2012-02-24 00:00:00,24.426000000000002
2012-02-24 01:00:00,11.84
2012-02-24 02:00:00,4.96
2012-02-24 03:00:00,3.124
2012-02-24 04:00:00,2.4619999999999997
2012-02-24 05:00:00,13.237999999999998
2012-02-24 06:00:00,53.61599999999999
2012-02-24 07:00:00,165.424
2012-02-24 08:00:00,296.34999999999997
2012-02-24 09:00:00,108.35
2012-02-24 10:00:00,68.216
2012-02-24 11:00:00,94.202
2012-02-24 12:00:00,108.93599999999999
2012-02-24 13:00:00,112.838
2012-02-24 14:00:00,113.75800000000001
2012-02-24 15:00:00,75.75399999999999
2012-02-24 16:00:00,83.354
2012-02-24 17:00:00,182.00199999999998
2012-02-24 18:00:00,203.314
2012-02-24 19:00:00,169.07799999999997
2012-02-24 20:00:00,121.412
2012-02-24 21:00:00,90.654
2012-02-24 22:00:00,73.47399999999999
2012-02-24 23:00:00,49.052
2012-02-25 00:00:00,44.36
2012-02-25 01:00:00,33.552
2012-02-25 02:00:00,25.958
2012-02-25 03:00:00,9.600000000000001
2012-02-25 04:00:00,2.832
2012-02-25 05:00:00,2.45
2012-02-25 06:00:00,4.77
2012-02-25 07:00:00,15.657999999999998
2012-02-25 08:00:00,49.15
2012-02-25 09:00:00,73.13
2012-02-25 10:00:00,102.662
2012-02-25 11:00:00,130.398
2012-02-25 12:00:00,150.43
2012-02-25 13:00:00,162.174
2012-02-25 14:00:00,147.206
2012-02-25 15:00:00,163.55
2012-02-25 16:00:00,146.904
2012-02-25 17:00:00,102.76399999999998
2012-02-25 18:00:00,88.048
2012-02-25 19:00:00,67.918
2012-02-25 20:00:00,59.59799999999999
2012-02-25 21:00:00,44.26800000000001
2012-02-25 22:00:00,46.370000000000005
2012-02-25 23:00:00,31.528
2012-02-26 00:00:00,36.955999999999996
2012-02-26 01:00:00,28.496000000000002
2012-02-26 02:00:00,22.612000000000002
2012-02-26 03:00:00,12.478000000000002
2012-02-26 04:00:00,3.162
2012-02-26 05:00:00,2.8259999999999996
2012-02-26 06:00:00,3.668
2012-02-26 07:00:00,10.142
2012-02-26 08:00:00,30.216
2012-02-26 09:00:00,68.892
2012-02-26 10:00:00,113.396
2012-02-26 11:00:00,121.51
2012-02-26 12:00:00,164.324
2012-02-26 13:00:00,171.536
2012-02-26 14:00:00,174.97199999999998
2012-02-26 15:00:00,183.526
2012-02-26 16:00:00,174.508
2012-02-26 17:00:00,143.424
2012-02-26 18:00:00,109.556
2012-02-26 19:00:00,87.44800000000001
2012-02-26 20:00:00,69.19
2012-02-26 21:00:00,54.273999999999994
2012-02-26 22:00:00,55.446
2012-02-26 23:00:00,22.24
2012-02-27 00:00:00,8.676
2012-02-27 01:00:00,3.642
2012-02-27 02:00:00,2.238
2012-02-27 03:00:00,1.284
2012-02-27 04:00:00,1.2086666666666666
2012-02-27 05:00:00,11.366
2012-02-27 06:00:00,48.757999999999996
2012-02-27 07:00:00,150.22
2012-02-27 08:00:00,272.674
2012-02-27 09:00:00,144.262
2012-02-27 10:00:00,70.87
2012-02-27 11:00:00,79.388
2012-02-27 12:00:00,93.146
2012-02-27 13:00:00,94.602
2012-02-27 14:00:00,96.196
2012-02-27 15:00:00,118.852
2012-02-27 16:00:00,175.70000000000002
2012-02-27 17:00:00,338.14399999999995
2012-02-27 18:00:00,312.856
2012-02-27 19:00:00,218.19
2012-02-27 20:00:00,146.00799999999998
2012-02-27 21:00:00,116.916
2012-02-27 22:00:00,69.346
2012-02-27 23:00:00,40.001999999999995
2012-02-28 00:00:00,17.434
2012-02-28 01:00:00,5.473999999999999
2012-02-28 02:00:00,4.302
2012-02-28 03:00:00,2.252
2012-02-28 04:00:00,1.5
2012-02-28 05:00:00,12.382
2012-02-28 06:00:00,53.663999999999994
2012-02-28 07:00:00,161.69799999999998
2012-02-28 08:00:00,277.034
2012-02-28 09:00:00,142.39
2012-02-28 10:00:00,69.99799999999999
2012-02-28 11:00:00,72.582
2012-02-28 12:00:00,89.63
2012-02-28 13:00:00,90.57199999999999
2012-02-28 14:00:00,86.842
2012-02-28 15:00:00,97.274
2012-02-28 16:00:00,150.49
2012-02-28 17:00:00,300.942
2012-02-28 18:00:00,302.294
2012-02-28 19:00:00,196.21
2012-02-28 20:00:00,122.822
2012-02-28 21:00:00,88.52199999999999
2012-02-28 22:00:00,62.30199999999999
2012-02-28 23:00:00,29.465999999999998
2012-02-29 00:00:00,13.577999999999998
2012-02-29 01:00:00,4.555999999999999
2012-02-29 02:00:00,2.546
2012-02-29 03:00:00,1.1500000000000001
2012-02-29 05:00:00,13.126
2012-02-29 06:00:00,51.668000000000006
2012-02-29 07:00:00,163.06
2012-02-29 08:00:00,303.722
2012-02-29 09:00:00,102.454
2012-02-29 10:00:00,35.486
2012-02-29 11:00:00,39.525999999999996
2012-02-29 12:00:00,40.401999999999994
2012-02-29 13:00:00,69.318
2012-02-29 14:00:00,66.962
2012-02-29 15:00:00,73.218
2012-02-29 16:00:00,79.37
2012-02-29 17:00:00,180.452
2012-02-29 18:00:00,147.716
2012-02-29 19:00:00,166.626
2012-02-29 20:00:00,101.004
2012-02-29 21:00:00,49.668
2012-02-29 22:00:00,46.517999999999994
2012-02-29 23:00:00,30.241999999999997
2012-03-20 00:00:00,14.866
2012-03-20 01:00:00,8.742
2012-03-20 02:00:00,3.316
2012-03-20 03:00:00,2.77
2012-03-20 04:00:00,2.546
2012-03-20 05:00:00,12.915999999999999
2012-03-20 06:00:00,69.29199999999999
2012-03-20 07:00:00,83.302
2012-03-20 08:00:00,356.356
2012-03-20 09:00:00,196.232
2012-03-20 10:00:00,70.032
2012-03-20 11:00:00,85.474
2012-03-20 12:00:00,130.72199999999998
2012-03-20 13:00:00,127.94
2012-03-20 14:00:00,110.45199999999998
2012-03-20 15:00:00,133.768
2012-03-20 16:00:00,198.644
2012-03-20 17:00:00,413.098
2012-03-20 18:00:00,405.142
2012-03-20 19:00:00,277.83000000000004
2012-03-20 20:00:00,195.838
2012-03-20 21:00:00,130.23
2012-03-20 22:00:00,83.256
2012-03-20 23:00:00,44.89
2012-03-21 00:00:00,17.258
2012-03-21 01:00:00,8.718
2012-03-21 02:00:00,4.02
2012-03-21 03:00:00,2.2520000000000002
2012-03-21 04:00:00,2.392
2012-03-21 05:00:00,14.195999999999998
2012-03-21 06:00:00,69.886
2012-03-21 07:00:00,105.90399999999998
2012-03-21 08:00:00,303.07399999999996
2012-03-21 09:00:00,188.868
2012-03-21 10:00:00,80.364
2012-03-21 11:00:00,83.602
2012-03-21 12:00:00,136.986
2012-03-21 13:00:00,123.566
2012-03-21 14:00:00,114.024
2012-03-21 15:00:00,118.34799999999998
2012-03-21 16:00:00,180.054
2012-03-21 17:00:00,408.262
2012-03-21 18:00:00,409.658
2012-03-21 19:00:00,290.554
2012-03-21 20:00:00,187.904
2012-03-21 21:00:00,109.25599999999999
2012-03-21 22:00:00,93.60399999999998
2012-03-21 23:00:00,50.339999999999996
2012-03-22 00:00:00,22.444
2012-03-22 01:00:00,9.62
2012-03-22 02:00:00,4.93
2012-03-22 03:00:00,3.794
2012-03-22 04:00:00,2.56
2012-03-22 05:00:00,11.968
2012-03-22 06:00:00,71.42599999999999
2012-03-22 07:00:00,185.2
2012-03-22 08:00:00,307.644
2012-03-22 09:00:00,182.25199999999998
2012-03-22 10:00:00,72.57
2012-03-22 11:00:00,83.63799999999999
2012-03-22 12:00:00,130.554
2012-03-22 13:00:00,137.57999999999998
2012-03-22 14:00:00,119.31199999999998
2012-03-22 15:00:00,134.862
2012-03-22 16:00:00,208.68
2012-03-22 17:00:00,416.18199999999996
2012-03-22 18:00:00,421.13599999999997
2012-03-22 19:00:00,294.414
2012-03-22 20:00:00,214.958
2012-03-22 21:00:00,135.836
2012-03-22 22:00:00,103.10799999999999
2012-03-22 23:00:00,85.502
2012-03-23 00:00:00,25.362
2012-03-23 01:00:00,17.146
2012-03-23 02:00:00,6.514
2012-03-23 03:00:00,4.192
2012-03-23 04:00:00,3.104
2012-03-23 05:00:00,13.693999999999999
2012-03-23 06:00:00,69.64999999999999
2012-03-23 07:00:00,168.75600000000003
2012-03-23 08:00:00,351.25399999999996
2012-03-23 09:00:00,181.19199999999998
2012-03-23 10:00:00,95.73400000000001
2012-03-23 11:00:00,125.6
2012-03-23 12:00:00,156.974
2012-03-23 13:00:00,161.30599999999998
2012-03-23 14:00:00,162.192
2012-03-23 15:00:00,167.89600000000002
2012-03-23 16:00:00,236.922
2012-03-23 17:00:00,423.17
2012-03-23 18:00:00,404.1259999999999
2012-03-23 19:00:00,263.974
2012-03-23 20:00:00,188.268
2012-03-23 21:00:00,133.998
2012-03-23 22:00:00,104.842
2012-03-23 23:00:00,87.59
2012-03-24 00:00:00,58.806
2012-03-24 01:00:00,55.13000000000001
2012-03-24 02:00:00,35.138
2012-03-24 03:00:00,14.65
2012-03-24 04:00:00,6.034
2012-03-24 05:00:00,5.274
2012-03-24 06:00:00,17.516
2012-03-24 07:00:00,36.412
2012-03-24 08:00:00,87.502
2012-03-24 09:00:00,154.336
2012-03-24 10:00:00,200.376
2012-03-24 11:00:00,251.998
2012-03-24 12:00:00,268.51
2012-03-24 13:00:00,267.11
2012-03-24 14:00:00,242.09799999999998
2012-03-24 15:00:00,243.89600000000002
2012-03-24 16:00:00,224.936
2012-03-24 17:00:00,186.95600000000002
2012-03-24 18:00:00,95.404
2012-03-24 19:00:00,84.76400000000001
2012-03-24 20:00:00,56.24799999999999
2012-03-24 21:00:00,41.056
2012-03-24 22:00:00,42.608
2012-03-24 23:00:00,50.538
2012-03-25 00:00:00,43.986
2012-03-25 01:00:00,36.824
2012-03-25 02:00:00,25.348
2012-03-25 03:00:00,9.884
2012-03-25 04:00:00,4.0920000000000005
2012-03-25 05:00:00,4.3759999999999994
2012-03-25 06:00:00,13.655999999999999
2012-03-25 07:00:00,23.464
2012-03-25 08:00:00,49.624
2012-03-25 09:00:00,112.276
2012-03-25 10:00:00,132.57999999999998
2012-03-25 11:00:00,154.57799999999997
2012-03-25 12:00:00,180.78
2012-03-25 13:00:00,220.932
2012-03-25 14:00:00,238.344
2012-03-25 15:00:00,238.562
2012-03-25 16:00:00,255.724
2012-03-25 17:00:00,242.22
2012-03-25 18:00:00,190.236
2012-03-25 19:00:00,142.966
2012-03-25 20:00:00,89.12
2012-03-25 21:00:00,69.94
2012-03-25 22:00:00,59.024
2012-03-25 23:00:00,36.512
2012-03-26 00:00:00,19.157999999999998
2012-03-26 01:00:00,7.108
2012-03-26 02:00:00,4.29
2012-03-26 03:00:00,2.016
2012-03-26 04:00:00,2.554
2012-03-26 05:00:00,16.44
2012-03-26 06:00:00,67.518
2012-03-26 07:00:00,211.756
2012-03-26 08:00:00,357.476
2012-03-26 09:00:00,172.206
2012-03-26 10:00:00,99.92600000000002
2012-03-26 11:00:00,111.61399999999999
2012-03-26 12:00:00,134.868
2012-03-26 13:00:00,135.628
2012-03-26 14:00:00,130.034
2012-03-26 15:00:00,133.168
2012-03-26 16:00:00,201.496
2012-03-26 17:00:00,326.126
2012-03-26 18:00:00,318.106
2012-03-26 19:00:00,214.05800000000002
2012-03-26 20:00:00,133.89600000000002
2012-03-26 21:00:00,87.458
2012-03-26 22:00:00,69.124
2012-03-26 23:00:00,31.298
2012-03-27 00:00:00,13.178
2012-03-27 01:00:00,3.702
2012-03-27 02:00:00,2.284
2012-03-27 03:00:00,1.5339999999999998
2012-03-27 04:00:00,1.62
2012-03-27 05:00:00,12.579999999999998
2012-03-27 06:00:00,51.675999999999995
2012-03-27 07:00:00,160.834
2012-03-27 08:00:00,281.62
2012-03-27 09:00:00,149.95800000000003
2012-03-27 10:00:00,79.52
2012-03-27 11:00:00,81.814
2012-03-27 12:00:00,92.646
2012-03-27 13:00:00,102.786
2012-03-27 14:00:00,103.21600000000001
2012-03-27 15:00:00,118.27799999999999
2012-03-27 16:00:00,172.158
2012-03-27 17:00:00,324.084
2012-03-27 18:00:00,320.59799999999996
2012-03-27 19:00:00,218.09
2012-03-27 20:00:00,154.29199999999997
2012-03-27 21:00:00,85.764
2012-03-27 22:00:00,66.18
2012-03-27 23:00:00,35.992000000000004
2012-03-28 00:00:00,13.37
2012-03-28 01:00:00,5.026
2012-03-28 02:00:00,2.636
2012-03-28 03:00:00,2.136
2012-03-28 04:00:00,1.6119999999999999
2012-03-28 05:00:00,14.86
2012-03-28 06:00:00,65.062
2012-03-28 07:00:00,183.09199999999998
2012-03-28 08:00:00,359.032
2012-03-28 09:00:00,186.158
2012-03-28 10:00:00,97.46999999999998
2012-03-28 11:00:00,110.73599999999999
2012-03-28 12:00:00,138.428
2012-03-28 13:00:00,129.598
2012-03-28 14:00:00,126.82
2012-03-28 15:00:00,136.708
2012-03-28 16:00:00,186.982
2012-03-28 17:00:00,422.988
2012-03-28 18:00:00,426.29200000000003
2012-03-28 19:00:00,290.006
2012-03-28 20:00:00,200.346
2012-03-28 21:00:00,138.92399999999998
2012-03-28 22:00:00,105.44200000000001
2012-03-28 23:00:00,51.812
2012-03-29 00:00:00,24.616
2012-03-29 01:00:00,11.184
2012-03-29 02:00:00,5.132
2012-03-29 03:00:00,4.038
2012-03-29 04:00:00,3.792
2012-03-29 05:00:00,15.958
2012-03-29 06:00:00,72.672
2012-03-29 07:00:00,212.326
2012-03-29 08:00:00,362.1
2012-03-29 09:00:00,190.388
2012-03-29 10:00:00,100.42799999999998
2012-03-29 11:00:00,115.706
2012-03-29 12:00:00,132.4
2012-03-29 13:00:00,127.004
2012-03-29 14:00:00,110.58600000000001
2012-03-29 15:00:00,123.136
2012-03-29 16:00:00,203.094
2012-03-29 17:00:00,349.4
2012-03-29 18:00:00,340.24199999999996
2012-03-29 19:00:00,216.75000000000003
2012-03-29 20:00:00,157.498
2012-03-29 21:00:00,114.836
2012-03-29 22:00:00,78.27
2012-03-29 23:00:00,54.054
2012-03-30 00:00:00,28.646
2012-03-30 01:00:00,13.75
2012-03-30 02:00:00,4.364
2012-03-30 03:00:00,3.8659999999999997
2012-03-30 04:00:00,2.784
2012-03-30 05:00:00,13.171999999999999
2012-03-30 06:00:00,54.032000000000004
2012-03-30 07:00:00,169.626
2012-03-30 08:00:00,338.096
2012-03-30 09:00:00,171.51
2012-03-30 10:00:00,91.96
2012-03-30 11:00:00,104.996
2012-03-30 12:00:00,111.098
2012-03-30 13:00:00,76.282
2012-03-30 14:00:00,67.362
2012-03-30 15:00:00,66.012
2012-03-30 16:00:00,66.64
2012-03-30 17:00:00,261.648
2012-03-30 18:00:00,285.15999999999997
2012-03-30 19:00:00,181.57799999999997
2012-03-30 20:00:00,117.964
2012-03-30 21:00:00,82.378
2012-03-30 22:00:00,71.832
2012-03-30 23:00:00,50.403999999999996
2012-03-31 00:00:00,44.492
2012-03-31 01:00:00,37.67399999999999
2012-03-31 02:00:00,27.006
2012-03-31 03:00:00,13.362000000000002
2012-03-31 04:00:00,3.568
2012-03-31 05:00:00,3.5380000000000003
2012-03-31 06:00:00,19.003999999999998
2012-03-31 07:00:00,25.028000000000002
2012-03-31 08:00:00,62.532
2012-03-31 09:00:00,134.242
2012-03-31 10:00:00,147.29
2012-03-31 11:00:00,230.532
2012-03-31 12:00:00,261.746
2012-03-31 13:00:00,300.696
2012-03-31 14:00:00,276.912
2012-03-31 15:00:00,268.408
2012-03-31 16:00:00,253.264
2012-03-31 17:00:00,197.614
2012-03-31 18:00:00,120.99000000000001
2012-03-31 19:00:00,87.868
2012-03-31 20:00:00,63.828
2012-03-31 21:00:00,61.044000000000004
2012-03-31 22:00:00,64.99799999999999
2012-03-31 23:00:00,46.391999999999996
2012-04-20 00:00:00,30.038
2012-04-20 01:00:00,16.09
2012-04-20 02:00:00,5.198
2012-04-20 03:00:00,3.5060000000000002
2012-04-20 04:00:00,2.98
2012-04-20 05:00:00,16.796
2012-04-20 06:00:00,68.118
2012-04-20 07:00:00,184.414
2012-04-20 08:00:00,356.836
2012-04-20 09:00:00,179.31
2012-04-20 10:00:00,98.16399999999999
2012-04-20 11:00:00,127.486
2012-04-20 12:00:00,160.02800000000002
2012-04-20 13:00:00,169.962
2012-04-20 14:00:00,165.59199999999998
2012-04-20 15:00:00,175.826
2012-04-20 16:00:00,241.208
2012-04-20 17:00:00,391.844
2012-04-20 18:00:00,391.726
2012-04-20 19:00:00,274.892
2012-04-20 20:00:00,185.322
2012-04-20 21:00:00,126.75399999999999
2012-04-20 22:00:00,120.064
2012-04-20 23:00:00,89.786
2012-04-21 00:00:00,64.566
2012-04-21 01:00:00,54.682
2012-04-21 02:00:00,34.796
2012-04-21 03:00:00,16.104
2012-04-21 04:00:00,4.428
2012-04-21 05:00:00,4.55
2012-04-21 06:00:00,15.408000000000001
2012-04-21 07:00:00,38.324
2012-04-21 08:00:00,91.02999999999999
2012-04-21 09:00:00,163.32
2012-04-21 10:00:00,225.986
2012-04-21 11:00:00,278.538
2012-04-21 12:00:00,301.058
2012-04-21 13:00:00,316.31800000000004
2012-04-21 14:00:00,316.88800000000003
2012-04-21 15:00:00,306.524
2012-04-21 16:00:00,307.256
2012-04-21 17:00:00,283.158
2012-04-21 18:00:00,237.30399999999997
2012-04-21 19:00:00,184.476
2012-04-21 20:00:00,88.134
2012-04-21 21:00:00,71.024
2012-04-21 22:00:00,81.52000000000001
2012-04-21 23:00:00,56.27199999999999
2012-04-22 00:00:00,59.516
2012-04-22 01:00:00,45.094
2012-04-22 02:00:00,36.394
2012-04-22 03:00:00,15.33
2012-04-22 04:00:00,5.763999999999999
2012-04-22 05:00:00,4.806
2012-04-22 06:00:00,20.087999999999997
2012-04-22 07:00:00,22.8
2012-04-22 08:00:00,50.74600000000001
2012-04-22 09:00:00,110.03999999999999
2012-04-22 10:00:00,123.346
2012-04-22 11:00:00,138.204
2012-04-22 12:00:00,147.978
2012-04-22 13:00:00,147.76
2012-04-22 14:00:00,149.506
2012-04-22 15:00:00,151.166
2012-04-22 16:00:00,141.416
2012-04-22 17:00:00,105.92800000000001
2012-04-22 18:00:00,90.202
2012-04-22 19:00:00,81.936
2012-04-22 20:00:00,57.498
2012-04-22 21:00:00,51.48800000000001
2012-04-22 22:00:00,55.48199999999999
2012-04-22 23:00:00,31.19
2012-04-23 00:00:00,12.192
2012-04-23 01:00:00,4.314
2012-04-23 02:00:00,2.264
2012-04-23 03:00:00,1.752
2012-04-23 04:00:00,1.552
2012-04-23 05:00:00,10.457999999999998
2012-04-23 06:00:00,54.072
2012-04-23 07:00:00,132.112
2012-04-23 08:00:00,310.26
2012-04-23 09:00:00,153.16199999999998
2012-04-23 10:00:00,73.384
2012-04-23 11:00:00,75.304
2012-04-23 12:00:00,53.0
2012-04-23 13:00:00,56.34
2012-04-23 14:00:00,62.194
2012-04-23 15:00:00,78.14999999999999
2012-04-23 16:00:00,62.724000000000004
2012-04-23 17:00:00,111.92399999999999
2012-04-23 18:00:00,150.204
2012-04-23 19:00:00,145.22
2012-04-23 20:00:00,105.06200000000001
2012-04-23 21:00:00,74.978
2012-04-23 22:00:00,68.984
2012-04-23 23:00:00,29.636000000000003
2012-04-24 00:00:00,13.69
2012-04-24 01:00:00,5.862
2012-04-24 02:00:00,2.112
2012-04-24 03:00:00,1.7299999999999998
2012-04-24 04:00:00,1.1400000000000001
2012-04-24 05:00:00,13.686
2012-04-24 06:00:00,57.908
2012-04-24 07:00:00,183.816
2012-04-24 08:00:00,355.498
2012-04-24 09:00:00,183.81799999999998
2012-04-24 10:00:00,96.37599999999999
2012-04-24 11:00:00,131.084
2012-04-24 12:00:00,143.498
2012-04-24 13:00:00,141.122
2012-04-24 14:00:00,134.868
2012-04-24 15:00:00,140.226
2012-04-24 16:00:00,220.724
2012-04-24 17:00:00,365.478
2012-04-24 18:00:00,365.084
2012-04-24 19:00:00,271.126
2012-04-24 20:00:00,164.786
2012-04-24 21:00:00,125.55999999999999
2012-04-24 22:00:00,88.018
2012-04-24 23:00:00,51.56399999999999
2012-04-25 00:00:00,18.834
2012-04-25 01:00:00,5.948
2012-04-25 02:00:00,2.8899999999999997
2012-04-25 03:00:00,1.492
2012-04-25 04:00:00,1.3820000000000001
2012-04-25 05:00:00,14.684
2012-04-25 06:00:00,58.542
2012-04-25 07:00:00,213.714
2012-04-25 08:00:00,338.46399999999994
2012-04-25 09:00:00,189.434
2012-04-25 10:00:00,106.32
2012-04-25 11:00:00,133.926
2012-04-25 12:00:00,151.39
2012-04-25 13:00:00,154.76999999999998
2012-04-25 14:00:00,132.058
2012-04-25 15:00:00,158.508
2012-04-25 16:00:00,219.68800000000002
2012-04-25 17:00:00,416.23999999999995
2012-04-25 18:00:00,415.524
2012-04-25 19:00:00,298.62399999999997
2012-04-25 20:00:00,213.394
2012-04-25 21:00:00,148.488
2012-04-25 22:00:00,98.89599999999999
2012-04-25 23:00:00,58.053999999999995
2012-04-26 00:00:00,22.543999999999997
2012-04-26 01:00:00,10.57
2012-04-26 02:00:00,6.236
2012-04-26 03:00:00,2.802
2012-04-26 04:00:00,2.842
2012-04-26 05:00:00,13.522
2012-04-26 06:00:00,74.434
2012-04-26 07:00:00,147.854
2012-04-26 08:00:00,321.512
2012-04-26 09:00:00,127.51399999999998
2012-04-26 10:00:00,83.79599999999999
2012-04-26 11:00:00,90.49
2012-04-26 12:00:00,135.294
2012-04-26 13:00:00,122.972
2012-04-26 14:00:00,112.428
2012-04-26 15:00:00,107.05600000000001
2012-04-26 16:00:00,158.168
2012-04-26 17:00:00,331.468
2012-04-26 18:00:00,340.234
2012-04-26 19:00:00,245.25799999999998
2012-04-26 20:00:00,199.28199999999998
2012-04-26 21:00:00,104.77199999999999
2012-04-26 22:00:00,108.57
2012-04-26 23:00:00,66.896
2012-04-27 00:00:00,33.022
2012-04-27 01:00:00,16.408
2012-04-27 02:00:00,8.034
2012-04-27 03:00:00,3.5759999999999996
2012-04-27 04:00:00,2.982
2012-04-27 05:00:00,16.666
2012-04-27 06:00:00,65.44
2012-04-27 07:00:00,190.978
2012-04-27 08:00:00,345.872
2012-04-27 09:00:00,191.124
2012-04-27 10:00:00,112.56599999999999
2012-04-27 11:00:00,130.714
2012-04-27 12:00:00,167.39999999999998
2012-04-27 13:00:00,201.108
2012-04-27 14:00:00,190.27
2012-04-27 15:00:00,213.56199999999998
2012-04-27 16:00:00,252.35199999999998
2012-04-27 17:00:00,380.11799999999994
2012-04-27 18:00:00,348.61400000000003
2012-04-27 19:00:00,257.26
2012-04-27 20:00:00,154.794
2012-04-27 21:00:00,99.116
2012-04-27 22:00:00,88.72199999999998
2012-04-27 23:00:00,66.318
2012-04-28 00:00:00,48.580000000000005
2012-04-28 01:00:00,35.324
2012-04-28 02:00:00,31.992
2012-04-28 03:00:00,14.1
2012-04-28 04:00:00,4.834
2012-04-28 05:00:00,4.496
2012-04-28 06:00:00,15.643999999999998
2012-04-28 07:00:00,29.464000000000002
2012-04-28 08:00:00,75.12400000000001
2012-04-28 09:00:00,137.444
2012-04-28 10:00:00,167.69
2012-04-28 11:00:00,179.69199999999998
2012-04-28 12:00:00,206.35600000000002
2012-04-28 13:00:00,216.536
2012-04-28 14:00:00,227.31799999999998
2012-04-28 15:00:00,239.26200000000003
2012-04-28 16:00:00,225.02999999999997
2012-04-28 17:00:00,168.69
2012-04-28 18:00:00,118.03
2012-04-28 19:00:00,90.314
2012-04-28 20:00:00,70.832
2012-04-28 21:00:00,58.217999999999996
2012-04-28 22:00:00,69.15599999999999
2012-04-28 23:00:00,58.494
2012-04-29 00:00:00,27.18
2012-04-29 01:00:00,40.876000000000005
2012-04-29 02:00:00,32.666
2012-04-29 03:00:00,13.966000000000001
2012-04-29 04:00:00,5.792
2012-04-29 05:00:00,5.733999999999999
2012-04-29 06:00:00,21.908
2012-04-29 07:00:00,28.508000000000003
2012-04-29 08:00:00,60.296
2012-04-29 09:00:00,132.422
2012-04-29 10:00:00,175.914
2012-04-29 11:00:00,229.412
2012-04-29 12:00:00,260.592
2012-04-29 13:00:00,272.306
2012-04-29 14:00:00,266.73199999999997
2012-04-29 15:00:00,270.752
2012-04-29 16:00:00,287.626
2012-04-29 17:00:00,238.558
2012-04-29 18:00:00,195.722
2012-04-29 19:00:00,174.67200000000003
2012-04-29 20:00:00,143.32
2012-04-29 21:00:00,76.6
2012-04-29 22:00:00,57.478
2012-04-29 23:00:00,38.302
2012-04-30 00:00:00,32.36
2012-04-30 01:00:00,8.661999999999999
2012-04-30 02:00:00,5.756
2012-04-30 03:00:00,2.332
2012-04-30 04:00:00,1.6219999999999999
2012-04-30 05:00:00,14.158000000000001
2012-04-30 06:00:00,66.214
2012-04-30 07:00:00,203.05800000000002
2012-04-30 08:00:00,362.73999999999995
2012-04-30 09:00:00,180.52599999999998
2012-04-30 10:00:00,97.648
2012-04-30 11:00:00,97.22
2012-04-30 12:00:00,120.76
2012-04-30 13:00:00,128.298
2012-04-30 14:00:00,120.57
2012-04-30 15:00:00,128.766
2012-04-30 16:00:00,201.04000000000002
2012-04-30 17:00:00,395.8739999999999
2012-04-30 18:00:00,397.406
2012-04-30 19:00:00,258.328
2012-04-30 20:00:00,168.536
2012-04-30 21:00:00,129.22
2012-04-30 22:00:00,91.24799999999999
2012-04-30 23:00:00,41.084
2012-05-20 00:00:00,65.03999999999999
2012-05-20 01:00:00,54.886
2012-05-20 02:00:00,39.464
2012-05-20 03:00:00,16.258
2012-05-20 04:00:00,6.584
2012-05-20 05:00:00,6.454000000000001
2012-05-20 06:00:00,12.171999999999999
2012-05-20 07:00:00,30.060000000000002
2012-05-20 08:00:00,77.998
2012-05-20 09:00:00,143.784
2012-05-20 10:00:00,219.714
2012-05-20 11:00:00,288.12
2012-05-20 12:00:00,305.34
2012-05-20 13:00:00,314.522
2012-05-20 14:00:00,294.68600000000004
2012-05-20 15:00:00,299.538
2012-05-20 16:00:00,285.192
2012-05-20 17:00:00,269.32
2012-05-20 18:00:00,240.458
2012-05-20 19:00:00,186.844
2012-05-20 20:00:00,137.472
2012-05-20 21:00:00,95.036
2012-05-20 22:00:00,75.16799999999999
2012-05-20 23:00:00,36.374
2012-05-21 00:00:00,14.120000000000001
2012-05-21 01:00:00,8.526
2012-05-21 02:00:00,4.9479999999999995
2012-05-21 03:00:00,2.596
2012-05-21 04:00:00,2.508
2012-05-21 05:00:00,11.59
2012-05-21 06:00:00,49.026
2012-05-21 07:00:00,95.16
2012-05-21 08:00:00,194.232
2012-05-21 09:00:00,103.44800000000001
2012-05-21 10:00:00,62.576
2012-05-21 11:00:00,72.412
2012-05-21 12:00:00,108.602
2012-05-21 13:00:00,75.86
2012-05-21 14:00:00,68.452
2012-05-21 15:00:00,119.35400000000001
2012-05-21 16:00:00,184.75400000000002
2012-05-21 17:00:00,415.952
2012-05-21 18:00:00,429.29599999999994
2012-05-21 19:00:00,291.248
2012-05-21 20:00:00,204.704
2012-05-21 21:00:00,147.63
2012-05-21 22:00:00,96.012
2012-05-21 23:00:00,46.672000000000004
2012-05-22 00:00:00,15.426
2012-05-22 01:00:00,8.396
2012-05-22 02:00:00,3.776
2012-05-22 03:00:00,3.258
2012-05-22 04:00:00,2.528
2012-05-22 05:00:00,11.097999999999999
2012-05-22 06:00:00,44.8
2012-05-22 07:00:00,110.136
2012-05-22 08:00:00,375.41999999999996
2012-05-22 09:00:00,195.076
2012-05-22 10:00:00,98.69800000000001
2012-05-22 11:00:00,107.866
2012-05-22 12:00:00,138.724
2012-05-22 13:00:00,133.35399999999998
2012-05-22 14:00:00,113.89600000000002
2012-05-22 15:00:00,146.88400000000001
2012-05-22 16:00:00,226.048
2012-05-22 17:00:00,455.164
2012-05-22 18:00:00,417.164
2012-05-22 19:00:00,296.1039999999999
2012-05-22 20:00:00,214.028
2012-05-22 21:00:00,155.482
2012-05-22 22:00:00,104.98399999999998
2012-05-22 23:00:00,48.3
2012-05-23 00:00:00,25.362000000000002
2012-05-23 01:00:00,7.683999999999999
2012-05-23 02:00:00,4.49
2012-05-23 03:00:00,3.462
2012-05-23 04:00:00,2.558
2012-05-23 05:00:00,11.696000000000002
2012-05-23 06:00:00,80.996
2012-05-23 07:00:00,243.17
2012-05-23 08:00:00,379.354
2012-05-23 09:00:00,194.23600000000002
2012-05-23 10:00:00,99.13
2012-05-23 11:00:00,122.156
2012-05-23 12:00:00,149.256
2012-05-23 13:00:00,140.054
2012-05-23 14:00:00,139.852
2012-05-23 15:00:00,149.258
2012-05-23 16:00:00,205.796
2012-05-23 17:00:00,376.50600000000003
2012-05-23 18:00:00,385.03
2012-05-23 19:00:00,237.986
2012-05-23 20:00:00,133.444
2012-05-23 21:00:00,99.53
2012-05-23 22:00:00,97.48399999999998
2012-05-23 23:00:00,53.15
2012-05-24 00:00:00,23.482
2012-05-24 01:00:00,9.797999999999998
2012-05-24 02:00:00,5.498
2012-05-24 03:00:00,2.918
2012-05-24 04:00:00,2.9819999999999998
2012-05-24 05:00:00,14.118
2012-05-24 06:00:00,76.96
2012-05-24 07:00:00,235.72000000000003
2012-05-24 08:00:00,378.84999999999997
2012-05-24 09:00:00,184.826
2012-05-24 10:00:00,104.61399999999999
2012-05-24 11:00:00,130.31
2012-05-24 12:00:00,168.0
2012-05-24 13:00:00,168.37
2012-05-24 14:00:00,134.772
2012-05-24 15:00:00,143.26399999999998
2012-05-24 16:00:00,221.38400000000001
2012-05-24 17:00:00,440.79
2012-05-24 18:00:00,434.616
2012-05-24 19:00:00,314.88800000000003
2012-05-24 20:00:00,205.26
2012-05-24 21:00:00,93.53399999999999
2012-05-24 22:00:00,118.25800000000001
2012-05-24 23:00:00,73.1
2012-05-25 00:00:00,31.326
2012-05-25 01:00:00,20.612000000000002
2012-05-25 02:00:00,7.958
2012-05-25 03:00:00,3.738
2012-05-25 04:00:00,3.63
2012-05-25 05:00:00,14.294
2012-05-25 06:00:00,74.56200000000001
2012-05-25 07:00:00,221.712
2012-05-25 08:00:00,357.232
2012-05-25 09:00:00,177.552
2012-05-25 10:00:00,119.12
2012-05-25 11:00:00,141.06
2012-05-25 12:00:00,168.212
2012-05-25 13:00:00,171.85199999999998
2012-05-25 14:00:00,169.99599999999998
2012-05-25 15:00:00,175.466
2012-05-25 16:00:00,242.41
2012-05-25 17:00:00,411.328
2012-05-25 18:00:00,425.712
2012-05-25 19:00:00,287.096
2012-05-25 20:00:00,208.53
2012-05-25 21:00:00,138.416
2012-05-25 22:00:00,132.402
2012-05-25 23:00:00,91.072
2012-05-26 00:00:00,74.71000000000001
2012-05-26 01:00:00,56.676
2012-05-26 02:00:00,36.0
2012-05-26 03:00:00,14.812
2012-05-26 04:00:00,6.058
2012-05-26 05:00:00,4.772
2012-05-26 06:00:00,16.06
2012-05-26 07:00:00,49.724000000000004
2012-05-26 08:00:00,97.07799999999999
2012-05-26 09:00:00,156.798
2012-05-26 10:00:00,216.98000000000002
2012-05-26 11:00:00,257.866
2012-05-26 12:00:00,271.366
2012-05-26 13:00:00,275.224
2012-05-26 14:00:00,269.332
2012-05-26 15:00:00,264.276
2012-05-26 16:00:00,278.396
2012-05-26 17:00:00,333.134
2012-05-26 18:00:00,315.714
2012-05-26 19:00:00,236.504
2012-05-26 20:00:00,194.60799999999998
2012-05-26 21:00:00,120.938
2012-05-26 22:00:00,124.368
2012-05-26 23:00:00,84.57799999999999
2012-05-27 00:00:00,64.726
2012-05-27 01:00:00,54.111999999999995
2012-05-27 02:00:00,42.852000000000004
2012-05-27 03:00:00,19.758
2012-05-27 04:00:00,4.9879999999999995
2012-05-27 05:00:00,5.398000000000001
2012-05-27 06:00:00,15.228
2012-05-27 07:00:00,35.144000000000005
2012-05-27 08:00:00,73.83
2012-05-27 09:00:00,141.6
2012-05-27 10:00:00,201.726
2012-05-27 11:00:00,252.93200000000002
2012-05-27 12:00:00,267.73400000000004
2012-05-27 13:00:00,276.5
2012-05-27 14:00:00,271.276
2012-05-27 15:00:00,271.824
2012-05-27 16:00:00,278.05
2012-05-27 17:00:00,327.59000000000003
2012-05-27 18:00:00,301.576
2012-05-27 19:00:00,252.20199999999997
2012-05-27 20:00:00,192.012
2012-05-27 21:00:00,92.632
2012-05-27 22:00:00,64.45
2012-05-27 23:00:00,42.89
2012-05-28 00:00:00,49.83
2012-05-28 01:00:00,31.392
2012-05-28 02:00:00,22.5
2012-05-28 03:00:00,9.972000000000001
2012-05-28 04:00:00,6.218
2012-05-28 05:00:00,15.419999999999998
2012-05-28 06:00:00,39.526
2012-05-28 07:00:00,124.80000000000001
2012-05-28 08:00:00,203.01999999999998
2012-05-28 09:00:00,189.42200000000003
2012-05-28 10:00:00,135.24
2012-05-28 11:00:00,147.102
2012-05-28 12:00:00,180.856
2012-05-28 13:00:00,167.644
2012-05-28 14:00:00,159.21
2012-05-28 15:00:00,161.11599999999999
2012-05-28 16:00:00,227.71
2012-05-28 17:00:00,383.888
2012-05-28 18:00:00,383.84599999999995
2012-05-28 19:00:00,325.46
2012-05-28 20:00:00,274.648
2012-05-28 21:00:00,173.304
2012-05-28 22:00:00,132.292
2012-05-28 23:00:00,67.53399999999999
2012-05-29 00:00:00,18.201999999999998
2012-05-29 01:00:00,8.24
2012-05-29 02:00:00,4.356
2012-05-29 03:00:00,3.806
2012-05-29 04:00:00,3.39
2012-05-29 05:00:00,15.985999999999999
2012-05-29 06:00:00,84.06400000000001
2012-05-29 07:00:00,251.828
2012-05-29 08:00:00,382.974
2012-05-29 09:00:00,198.05599999999998
2012-05-29 10:00:00,107.908
2012-05-29 11:00:00,133.262
2012-05-29 12:00:00,161.23999999999998
2012-05-29 13:00:00,150.922
2012-05-29 14:00:00,132.03799999999998
2012-05-29 15:00:00,139.42000000000002
2012-05-29 16:00:00,206.91199999999998
2012-05-29 17:00:00,401.32199999999995
2012-05-29 18:00:00,395.48999999999995
2012-05-29 19:00:00,297.81800000000004
2012-05-29 20:00:00,165.24599999999998
2012-05-29 21:00:00,62.536
2012-05-29 22:00:00,78.734
2012-05-29 23:00:00,29.758000000000003
2012-05-30 00:00:00,17.811999999999998
2012-05-30 01:00:00,7.837999999999999
2012-05-30 02:00:00,5.596
2012-05-30 03:00:00,2.3499999999999996
2012-05-30 04:00:00,2.8019999999999996
2012-05-30 05:00:00,15.076
2012-05-30 06:00:00,77.79
2012-05-30 07:00:00,107.412
2012-05-30 08:00:00,379.008
2012-05-30 09:00:00,196.72999999999996
2012-05-30 10:00:00,94.12
2012-05-30 11:00:00,126.26200000000001
2012-05-30 12:00:00,174.176
2012-05-30 13:00:00,165.494
2012-05-30 14:00:00,148.326
2012-05-30 15:00:00,150.76
2012-05-30 16:00:00,217.37199999999999
2012-05-30 17:00:00,417.354
2012-05-30 18:00:00,454.95
2012-05-30 19:00:00,302.84000000000003
2012-05-30 20:00:00,169.83800000000002
2012-05-30 21:00:00,156.31
2012-05-30 22:00:00,119.332
2012-05-30 23:00:00,55.13
2012-05-31 00:00:00,25.826
2012-05-31 01:00:00,12.66
2012-05-31 02:00:00,4.904
2012-05-31 03:00:00,3.91
2012-05-31 04:00:00,3.984
2012-05-31 05:00:00,16.208
2012-05-31 06:00:00,81.708
2012-05-31 07:00:00,263.19
2012-05-31 08:00:00,379.012
2012-05-31 09:00:00,193.32799999999997
2012-05-31 10:00:00,117.19800000000001
2012-05-31 11:00:00,141.196
2012-05-31 12:00:00,175.62599999999998
2012-05-31 13:00:00,172.808
2012-05-31 14:00:00,140.776
2012-05-31 15:00:00,141.156
2012-05-31 16:00:00,220.89
2012-05-31 17:00:00,452.7919999999999
2012-05-31 18:00:00,447.826
2012-05-31 19:00:00,294.29599999999994
2012-05-31 20:00:00,211.98799999999997
2012-05-31 21:00:00,151.35399999999998
2012-05-31 22:00:00,125.838
2012-05-31 23:00:00,76.152
2012-06-20 00:00:00,20.892000000000003
2012-06-20 01:00:00,9.406
2012-06-20 02:00:00,4.136
2012-06-20 03:00:00,2.968
2012-06-20 04:00:00,3.5979999999999994
2012-06-20 05:00:00,17.508000000000003
2012-06-20 06:00:00,82.51599999999999
2012-06-20 07:00:00,223.57
2012-06-20 08:00:00,372.164
2012-06-20 09:00:00,193.686
2012-06-20 10:00:00,114.68
2012-06-20 11:00:00,139.91199999999998
2012-06-20 12:00:00,168.19400000000002
2012-06-20 13:00:00,165.696
2012-06-20 14:00:00,139.17399999999998
2012-06-20 15:00:00,142.362
2012-06-20 16:00:00,230.904
2012-06-20 17:00:00,455.69199999999995
2012-06-20 18:00:00,462.142
2012-06-20 19:00:00,300.616
2012-06-20 20:00:00,220.444
2012-06-20 21:00:00,159.68599999999998
2012-06-20 22:00:00,124.636
2012-06-20 23:00:00,62.464
2012-06-21 00:00:00,24.17
2012-06-21 01:00:00,9.828
2012-06-21 02:00:00,4.364
2012-06-21 03:00:00,2.862
2012-06-21 04:00:00,3.5660000000000003
2012-06-21 05:00:00,17.098
2012-06-21 06:00:00,81.84799999999998
2012-06-21 07:00:00,236.54
2012-06-21 08:00:00,381.316
2012-06-21 09:00:00,192.704
2012-06-21 10:00:00,115.142
2012-06-21 11:00:00,142.82999999999998
2012-06-21 12:00:00,171.06400000000002
2012-06-21 13:00:00,165.074
2012-06-21 14:00:00,140.182
2012-06-21 15:00:00,147.902
2012-06-21 16:00:00,230.73199999999997
2012-06-21 17:00:00,452.02
2012-06-21 18:00:00,455.412
2012-06-21 19:00:00,297.818
2012-06-21 20:00:00,218.76
2012-06-21 21:00:00,153.786
2012-06-21 22:00:00,130.31599999999997
2012-06-21 23:00:00,95.804
2012-06-22 00:00:00,30.322
2012-06-22 01:00:00,17.994
2012-06-22 02:00:00,9.905999999999999
2012-06-22 03:00:00,4.348
2012-06-22 04:00:00,4.408
2012-06-22 05:00:00,14.782
2012-06-22 06:00:00,77.32400000000001
2012-06-22 07:00:00,241.56199999999998
2012-06-22 08:00:00,376.27200000000005
2012-06-22 09:00:00,186.42999999999998
2012-06-22 10:00:00,124.492
2012-06-22 11:00:00,151.82
2012-06-22 12:00:00,171.856
2012-06-22 13:00:00,168.196
2012-06-22 14:00:00,161.158
2012-06-22 15:00:00,171.482
2012-06-22 16:00:00,244.32
2012-06-22 17:00:00,425.75199999999995
2012-06-22 18:00:00,424.558
2012-06-22 19:00:00,261.726
2012-06-22 20:00:00,189.77800000000002
2012-06-22 21:00:00,102.012
2012-06-22 22:00:00,133.338
2012-06-22 23:00:00,93.48799999999999
2012-06-23 00:00:00,72.782
2012-06-23 01:00:00,51.734
2012-06-23 02:00:00,36.571999999999996
2012-06-23 03:00:00,17.474
2012-06-23 04:00:00,4.736
2012-06-23 05:00:00,5.032
2012-06-23 06:00:00,18.328
2012-06-23 07:00:00,44.898
2012-06-23 08:00:00,99.89
2012-06-23 09:00:00,168.088
2012-06-23 10:00:00,218.854
2012-06-23 11:00:00,265.628
2012-06-23 12:00:00,287.896
2012-06-23 13:00:00,301.302
2012-06-23 14:00:00,298.462
2012-06-23 15:00:00,290.31399999999996
2012-06-23 16:00:00,284.88800000000003
2012-06-23 17:00:00,335.342
2012-06-23 18:00:00,313.99
2012-06-23 19:00:00,277.29999999999995
2012-06-23 20:00:00,232.838
2012-06-23 21:00:00,140.856
2012-06-23 22:00:00,153.84199999999998
2012-06-23 23:00:00,103.23599999999999
2012-06-24 00:00:00,65.05
2012-06-24 01:00:00,50.184
2012-06-24 02:00:00,38.762
2012-06-24 03:00:00,17.954
2012-06-24 04:00:00,5.890000000000001
2012-06-24 05:00:00,6.532
2012-06-24 06:00:00,14.411999999999999
2012-06-24 07:00:00,39.461999999999996
2012-06-24 08:00:00,76.12
2012-06-24 09:00:00,147.18
2012-06-24 10:00:00,214.02
2012-06-24 11:00:00,273.368
2012-06-24 12:00:00,293.696
2012-06-24 13:00:00,296.88800000000003
2012-06-24 14:00:00,291.526
2012-06-24 15:00:00,286.83000000000004
2012-06-24 16:00:00,291.002
2012-06-24 17:00:00,350.862
2012-06-24 18:00:00,323.738
2012-06-24 19:00:00,267.772
2012-06-24 20:00:00,224.09
2012-06-24 21:00:00,116.53199999999998
2012-06-24 22:00:00,102.58
2012-06-24 23:00:00,73.594
2012-06-25 00:00:00,20.201999999999998
2012-06-25 01:00:00,9.684000000000001
2012-06-25 02:00:00,5.316000000000001
2012-06-25 03:00:00,3.972
2012-06-25 04:00:00,3.238
2012-06-25 05:00:00,14.926
2012-06-25 06:00:00,83.006
2012-06-25 07:00:00,256.014
2012-06-25 08:00:00,370.51199999999994
2012-06-25 09:00:00,181.856
2012-06-25 10:00:00,113.714
2012-06-25 11:00:00,127.564
2012-06-25 12:00:00,148.384
2012-06-25 13:00:00,146.78199999999998
2012-06-25 14:00:00,135.976
2012-06-25 15:00:00,142.728
2012-06-25 16:00:00,211.27999999999997
2012-06-25 17:00:00,403.78799999999995
2012-06-25 18:00:00,409.322
2012-06-25 19:00:00,294.35799999999995
2012-06-25 20:00:00,215.81599999999997
2012-06-25 21:00:00,150.594
2012-06-25 22:00:00,88.43199999999999
2012-06-25 23:00:00,54.49399999999999
2012-06-26 00:00:00,20.348000000000003
2012-06-26 01:00:00,8.565999999999999
2012-06-26 02:00:00,5.244
2012-06-26 03:00:00,2.8419999999999996
2012-06-26 04:00:00,3.0079999999999996
2012-06-26 05:00:00,15.843999999999998
2012-06-26 06:00:00,88.7
2012-06-26 07:00:00,260.25
2012-06-26 08:00:00,372.25399999999996
2012-06-26 09:00:00,198.83799999999997
2012-06-26 10:00:00,112.218
2012-06-26 11:00:00,129.792
2012-06-26 12:00:00,144.744
2012-06-26 13:00:00,151.226
2012-06-26 14:00:00,135.688
2012-06-26 15:00:00,144.25599999999997
2012-06-26 16:00:00,213.86
2012-06-26 17:00:00,414.246
2012-06-26 18:00:00,428.498
2012-06-26 19:00:00,295.83799999999997
2012-06-26 20:00:00,221.07
2012-06-26 21:00:00,156.018
2012-06-26 22:00:00,106.426
2012-06-26 23:00:00,54.831999999999994
2012-06-27 00:00:00,23.432
2012-06-27 01:00:00,9.252
2012-06-27 02:00:00,5.776
2012-06-27 03:00:00,3.28
2012-06-27 04:00:00,3.7299999999999995
2012-06-27 05:00:00,17.954
2012-06-27 06:00:00,83.254
2012-06-27 07:00:00,263.63
2012-06-27 08:00:00,377.03999999999996
2012-06-27 09:00:00,199.56
2012-06-27 10:00:00,116.86
2012-06-27 11:00:00,139.702
2012-06-27 12:00:00,161.23600000000002
2012-06-27 13:00:00,157.29399999999998
2012-06-27 14:00:00,140.59199999999998
2012-06-27 15:00:00,148.308
2012-06-27 16:00:00,216.334
2012-06-27 17:00:00,422.06
2012-06-27 18:00:00,442.002
2012-06-27 19:00:00,305.206
2012-06-27 20:00:00,218.794
2012-06-27 21:00:00,161.23999999999998
2012-06-27 22:00:00,121.18799999999999
2012-06-27 23:00:00,57.508
2012-06-28 00:00:00,27.367999999999995
2012-06-28 01:00:00,11.362
2012-06-28 02:00:00,4.984
2012-06-28 03:00:00,3.5519999999999996
2012-06-28 04:00:00,3.7319999999999998
2012-06-28 05:00:00,16.618
2012-06-28 06:00:00,84.48
2012-06-28 07:00:00,242.31
2012-06-28 08:00:00,382.50199999999995
2012-06-28 09:00:00,192.75199999999998
2012-06-28 10:00:00,114.042
2012-06-28 11:00:00,144.374
2012-06-28 12:00:00,165.346
2012-06-28 13:00:00,164.128
2012-06-28 14:00:00,141.726
2012-06-28 15:00:00,149.18599999999998
2012-06-28 16:00:00,230.822
2012-06-28 17:00:00,454.914
2012-06-28 18:00:00,459.466
2012-06-28 19:00:00,303.83799999999997
2012-06-28 20:00:00,216.77800000000002
2012-06-28 21:00:00,149.57399999999998
2012-06-28 22:00:00,127.06
2012-06-28 23:00:00,78.404
2012-06-29 00:00:00,33.254
2012-06-29 01:00:00,19.19
2012-06-29 02:00:00,9.304
2012-06-29 03:00:00,4.7
2012-06-29 04:00:00,4.352
2012-06-29 05:00:00,16.762
2012-06-29 06:00:00,76.44
2012-06-29 07:00:00,237.89999999999998
2012-06-29 08:00:00,374.144
2012-06-29 09:00:00,189.124
2012-06-29 10:00:00,127.624
2012-06-29 11:00:00,146.55
2012-06-29 12:00:00,164.674
2012-06-29 13:00:00,173.15999999999997
2012-06-29 14:00:00,161.728
2012-06-29 15:00:00,169.41000000000003
2012-06-29 16:00:00,242.382
2012-06-29 17:00:00,430.54200000000003
2012-06-29 18:00:00,427.08400000000006
2012-06-29 19:00:00,270.704
2012-06-29 20:00:00,207.49200000000002
2012-06-29 21:00:00,128.32
2012-06-29 22:00:00,110.57
2012-06-29 23:00:00,77.104
2012-06-30 00:00:00,68.192
2012-06-30 01:00:00,53.882
2012-06-30 02:00:00,35.57
2012-06-30 03:00:00,17.662
2012-06-30 04:00:00,5.01
2012-06-30 05:00:00,5.33
2012-06-30 06:00:00,16.631999999999998
2012-06-30 07:00:00,44.995999999999995
2012-06-30 08:00:00,95.848
2012-06-30 09:00:00,158.774
2012-06-30 10:00:00,223.746
2012-06-30 11:00:00,282.238
2012-06-30 12:00:00,293.82
2012-06-30 13:00:00,299.452
2012-06-30 14:00:00,296.64599999999996
2012-06-30 15:00:00,291.59999999999997
2012-06-30 16:00:00,290.96799999999996
2012-06-30 17:00:00,361.75
2012-06-30 18:00:00,330.91999999999996
2012-06-30 19:00:00,271.252
2012-06-30 20:00:00,237.628
2012-06-30 21:00:00,135.99200000000002
2012-06-30 22:00:00,138.32
2012-06-30 23:00:00,133.936
2012-07-20 00:00:00,23.042
2012-07-20 01:00:00,18.32
2012-07-20 02:00:00,8.026
2012-07-20 03:00:00,3.468
2012-07-20 04:00:00,3.906
2012-07-20 05:00:00,14.042
2012-07-20 06:00:00,75.184
2012-07-20 07:00:00,221.884
2012-07-20 08:00:00,367.1
2012-07-20 09:00:00,180.41
2012-07-20 10:00:00,117.362
2012-07-20 11:00:00,127.25800000000001
2012-07-20 12:00:00,121.73599999999999
2012-07-20 13:00:00,122.964
2012-07-20 14:00:00,118.94
2012-07-20 15:00:00,138.11
2012-07-20 16:00:00,186.69999999999996
2012-07-20 17:00:00,219.35
2012-07-20 18:00:00,336.10400000000004
2012-07-20 19:00:00,228.912
2012-07-20 20:00:00,108.23
2012-07-20 21:00:00,84.636
2012-07-20 22:00:00,112.03
2012-07-20 23:00:00,84.274
2012-07-21 00:00:00,66.434
2012-07-21 01:00:00,55.964
2012-07-21 02:00:00,37.434
2012-07-21 03:00:00,16.222
2012-07-21 04:00:00,4.48
2012-07-21 05:00:00,5.7059999999999995
2012-07-21 06:00:00,18.46
2012-07-21 07:00:00,49.038000000000004
2012-07-21 08:00:00,99.62400000000001
2012-07-21 09:00:00,155.00799999999998
2012-07-21 10:00:00,202.296
2012-07-21 11:00:00,256.52799999999996
2012-07-21 12:00:00,260.56
2012-07-21 13:00:00,266.98199999999997
2012-07-21 14:00:00,269.026
2012-07-21 15:00:00,251.99599999999998
2012-07-21 16:00:00,247.04
2012-07-21 17:00:00,242.16199999999998
2012-07-21 18:00:00,224.428
2012-07-21 19:00:00,180.324
2012-07-21 20:00:00,135.596
2012-07-21 21:00:00,95.956
2012-07-21 22:00:00,93.576
2012-07-21 23:00:00,89.856
2012-07-22 00:00:00,68.898
2012-07-22 01:00:00,53.956
2012-07-22 02:00:00,38.43
2012-07-22 03:00:00,17.093999999999998
2012-07-22 04:00:00,5.6739999999999995
2012-07-22 05:00:00,9.594
2012-07-22 06:00:00,22.536
2012-07-22 07:00:00,36.96
2012-07-22 08:00:00,77.392
2012-07-22 09:00:00,143.198
2012-07-22 10:00:00,199.854
2012-07-22 11:00:00,250.19799999999998
2012-07-22 12:00:00,278.33
2012-07-22 13:00:00,283.392
2012-07-22 14:00:00,270.356
2012-07-22 15:00:00,269.418
2012-07-22 16:00:00,274.16
2012-07-22 17:00:00,295.784
2012-07-22 18:00:00,284.724
2012-07-22 19:00:00,220.926
2012-07-22 20:00:00,163.8
2012-07-22 21:00:00,98.84799999999998
2012-07-22 22:00:00,86.88
2012-07-22 23:00:00,54.614000000000004
2012-07-23 00:00:00,15.948
2012-07-23 01:00:00,7.504
2012-07-23 02:00:00,5.106
2012-07-23 03:00:00,2.94
2012-07-23 04:00:00,2.9499999999999997
2012-07-23 05:00:00,12.097999999999999
2012-07-23 06:00:00,81.97200000000001
2012-07-23 07:00:00,235.53199999999998
2012-07-23 08:00:00,363.964
2012-07-23 09:00:00,181.868
2012-07-23 10:00:00,110.362
2012-07-23 11:00:00,125.892
2012-07-23 12:00:00,158.63199999999998
2012-07-23 13:00:00,155.356
2012-07-23 14:00:00,138.136
2012-07-23 15:00:00,147.584
2012-07-23 16:00:00,223.672
2012-07-23 17:00:00,423.44800000000004
2012-07-23 18:00:00,416.524
2012-07-23 19:00:00,293.95599999999996
2012-07-23 20:00:00,202.304
2012-07-23 21:00:00,143.7
2012-07-23 22:00:00,106.71000000000001
2012-07-23 23:00:00,47.726
2012-07-24 00:00:00,21.204
2012-07-24 01:00:00,8.3
2012-07-24 02:00:00,4.4399999999999995
2012-07-24 03:00:00,3.332
2012-07-24 04:00:00,4.092
2012-07-24 05:00:00,15.645999999999999
2012-07-24 06:00:00,82.614
2012-07-24 07:00:00,244.534
2012-07-24 08:00:00,383.172
2012-07-24 09:00:00,201.016
2012-07-24 10:00:00,111.00800000000001
2012-07-24 11:00:00,132.424
2012-07-24 12:00:00,156.6
2012-07-24 13:00:00,145.106
2012-07-24 14:00:00,127.72400000000002
2012-07-24 15:00:00,139.108
2012-07-24 16:00:00,212.12800000000001
2012-07-24 17:00:00,442.85
2012-07-24 18:00:00,432.582
2012-07-24 19:00:00,297.53000000000003
2012-07-24 20:00:00,218.214
2012-07-24 21:00:00,149.192
2012-07-24 22:00:00,102.952
2012-07-24 23:00:00,47.67999999999999
2012-07-25 00:00:00,23.346
2012-07-25 01:00:00,9.436
2012-07-25 02:00:00,4.526
2012-07-25 03:00:00,3.9799999999999995
2012-07-25 04:00:00,3.7479999999999998
2012-07-25 05:00:00,15.95
2012-07-25 06:00:00,81.788
2012-07-25 07:00:00,264.54999999999995
2012-07-25 08:00:00,378.4
2012-07-25 09:00:00,202.82799999999997
2012-07-25 10:00:00,118.24600000000001
2012-07-25 11:00:00,143.736
2012-07-25 12:00:00,173.778
2012-07-25 13:00:00,170.42000000000002
2012-07-25 14:00:00,147.902
2012-07-25 15:00:00,153.2
2012-07-25 16:00:00,225.82600000000002
2012-07-25 17:00:00,462.678
2012-07-25 18:00:00,438.436
2012-07-25 19:00:00,292.53200000000004
2012-07-25 20:00:00,208.94400000000002
2012-07-25 21:00:00,161.38
2012-07-25 22:00:00,122.414
2012-07-25 23:00:00,57.774
2012-07-26 00:00:00,26.433999999999997
2012-07-26 01:00:00,12.719999999999999
2012-07-26 02:00:00,4.63
2012-07-26 03:00:00,4.182
2012-07-26 04:00:00,3.718
2012-07-26 05:00:00,15.911999999999999
2012-07-26 06:00:00,82.038
2012-07-26 07:00:00,265.92199999999997
2012-07-26 08:00:00,373.338
2012-07-26 09:00:00,187.95999999999998
2012-07-26 10:00:00,108.56799999999998
2012-07-26 11:00:00,133.86599999999999
2012-07-26 12:00:00,161.44400000000002
2012-07-26 13:00:00,151.888
2012-07-26 14:00:00,129.882
2012-07-26 15:00:00,139.96599999999998
2012-07-26 16:00:00,222.33800000000002
2012-07-26 17:00:00,400.53000000000003
2012-07-26 18:00:00,423.642
2012-07-26 19:00:00,308.818
2012-07-26 20:00:00,226.66
2012-07-26 21:00:00,149.802
2012-07-26 22:00:00,106.47
2012-07-26 23:00:00,77.24600000000001
2012-07-27 00:00:00,32.488
2012-07-27 01:00:00,20.042
2012-07-27 02:00:00,10.485999999999999
2012-07-27 03:00:00,4.97
2012-07-27 04:00:00,4.87
2012-07-27 05:00:00,15.838
2012-07-27 06:00:00,80.38799999999999
2012-07-27 07:00:00,245.614
2012-07-27 08:00:00,316.64599999999996
2012-07-27 09:00:00,188.79
2012-07-27 10:00:00,126.402
2012-07-27 11:00:00,148.31799999999998
2012-07-27 12:00:00,166.38199999999998
2012-07-27 13:00:00,166.874
2012-07-27 14:00:00,160.97799999999998
2012-07-27 15:00:00,169.66
2012-07-27 16:00:00,241.66199999999998
2012-07-27 17:00:00,412.102
2012-07-27 18:00:00,422.336
2012-07-27 19:00:00,269.234
2012-07-27 20:00:00,187.232
2012-07-27 21:00:00,142.298
2012-07-27 22:00:00,138.22799999999998
2012-07-27 23:00:00,97.818
2012-07-28 00:00:00,70.75999999999999
2012-07-28 01:00:00,49.278
2012-07-28 02:00:00,37.35
2012-07-28 03:00:00,16.241999999999997
2012-07-28 04:00:00,5.462
2012-07-28 05:00:00,7.0
2012-07-28 06:00:00,17.236
2012-07-28 07:00:00,45.995999999999995
2012-07-28 08:00:00,97.86800000000001
2012-07-28 09:00:00,172.35
2012-07-28 10:00:00,220.32999999999998
2012-07-28 11:00:00,280.884
2012-07-28 12:00:00,286.512
2012-07-28 13:00:00,285.672
2012-07-28 14:00:00,292.446
2012-07-28 15:00:00,289.942
2012-07-28 16:00:00,289.74199999999996
2012-07-28 17:00:00,346.93399999999997
2012-07-28 18:00:00,318.682
2012-07-28 19:00:00,180.43
2012-07-28 20:00:00,134.168
2012-07-28 21:00:00,135.202
2012-07-28 22:00:00,135.28799999999998
2012-07-28 23:00:00,107.45400000000001
2012-07-29 00:00:00,68.734
2012-07-29 01:00:00,51.45399999999999
2012-07-29 02:00:00,41.846000000000004
2012-07-29 03:00:00,18.657999999999998
2012-07-29 04:00:00,5.578
2012-07-29 05:00:00,5.796
2012-07-29 06:00:00,15.242
2012-07-29 07:00:00,36.016
2012-07-29 08:00:00,80.88
2012-07-29 09:00:00,145.792
2012-07-29 10:00:00,198.548
2012-07-29 11:00:00,256.81999999999994
2012-07-29 12:00:00,267.50600000000003
2012-07-29 13:00:00,278.00800000000004
2012-07-29 14:00:00,275.672
2012-07-29 15:00:00,280.946
2012-07-29 16:00:00,285.052
2012-07-29 17:00:00,343.864
2012-07-29 18:00:00,315.056
2012-07-29 19:00:00,256.322
2012-07-29 20:00:00,200.318
2012-07-29 21:00:00,101.10999999999999
2012-07-29 22:00:00,84.00200000000001
2012-07-29 23:00:00,50.508
2012-07-30 00:00:00,20.864
2012-07-30 01:00:00,11.604
2012-07-30 02:00:00,5.206
2012-07-30 03:00:00,2.984
2012-07-30 04:00:00,3.4979999999999998
2012-07-30 05:00:00,15.342
2012-07-30 06:00:00,84.10000000000001
2012-07-30 07:00:00,236.26999999999998
2012-07-30 08:00:00,366.224
2012-07-30 09:00:00,178.708
2012-07-30 10:00:00,106.094
2012-07-30 11:00:00,126.918
2012-07-30 12:00:00,157.726
2012-07-30 13:00:00,156.64399999999998
2012-07-30 14:00:00,134.702
2012-07-30 15:00:00,141.084
2012-07-30 16:00:00,208.73200000000003
2012-07-30 17:00:00,432.196
2012-07-30 18:00:00,401.83000000000004
2012-07-30 19:00:00,288.10999999999996
2012-07-30 20:00:00,225.112
2012-07-30 21:00:00,143.668
2012-07-30 22:00:00,92.516
2012-07-30 23:00:00,50.602
2012-07-31 00:00:00,16.422
2012-07-31 01:00:00,7.603999999999999
2012-07-31 02:00:00,4.352
2012-07-31 03:00:00,3.7140000000000004
2012-07-31 04:00:00,4.092
2012-07-31 05:00:00,15.585999999999999
2012-07-31 06:00:00,83.294
2012-07-31 07:00:00,251.64
2012-07-31 08:00:00,379.452
2012-07-31 09:00:00,200.15
2012-07-31 10:00:00,114.664
2012-07-31 11:00:00,135.31799999999998
2012-07-31 12:00:00,168.74200000000002
2012-07-31 13:00:00,152.364
2012-07-31 14:00:00,132.384
2012-07-31 15:00:00,148.232
2012-07-31 16:00:00,213.574
2012-07-31 17:00:00,463.796
2012-07-31 18:00:00,446.77
2012-07-31 19:00:00,234.062
2012-07-31 20:00:00,161.17799999999997
2012-07-31 21:00:00,144.472
2012-07-31 22:00:00,97.648
2012-07-31 23:00:00,46.778
2012-08-20 00:00:00,16.076
2012-08-20 01:00:00,6.9319999999999995
2012-08-20 02:00:00,3.5119999999999996
2012-08-20 03:00:00,3.44
2012-08-20 04:00:00,4.614
2012-08-20 05:00:00,13.982
2012-08-20 06:00:00,75.996
2012-08-20 07:00:00,229.80599999999998
2012-08-20 08:00:00,362.36599999999993
2012-08-20 09:00:00,176.59199999999998
2012-08-20 10:00:00,100.324
2012-08-20 11:00:00,120.34
2012-08-20 12:00:00,148.076
2012-08-20 13:00:00,161.534
2012-08-20 14:00:00,142.146
2012-08-20 15:00:00,144.598
2012-08-20 16:00:00,205.99599999999998
2012-08-20 17:00:00,428.112
2012-08-20 18:00:00,361.782
2012-08-20 19:00:00,249.142
2012-08-20 20:00:00,133.634
2012-08-20 21:00:00,104.03999999999998
2012-08-20 22:00:00,81.196
2012-08-20 23:00:00,42.348
2012-08-21 00:00:00,16.074
2012-08-21 01:00:00,7.671999999999999
2012-08-21 02:00:00,2.9760000000000004
2012-08-21 03:00:00,3.0239999999999996
2012-08-21 04:00:00,3.728
2012-08-21 05:00:00,14.962
2012-08-21 06:00:00,81.85600000000001
2012-08-21 07:00:00,236.86199999999997
2012-08-21 08:00:00,377.07599999999996
2012-08-21 09:00:00,196.56400000000002
2012-08-21 10:00:00,110.082
2012-08-21 11:00:00,136.60999999999999
2012-08-21 12:00:00,171.57999999999998
2012-08-21 13:00:00,170.886
2012-08-21 14:00:00,142.91
2012-08-21 15:00:00,147.196
2012-08-21 16:00:00,218.004
2012-08-21 17:00:00,454.51800000000003
2012-08-21 18:00:00,462.1
2012-08-21 19:00:00,218.192
2012-08-21 20:00:00,208.976
2012-08-21 21:00:00,142.308
2012-08-21 22:00:00,94.422
2012-08-21 23:00:00,45.22
2012-08-22 00:00:00,19.616
2012-08-22 01:00:00,8.123999999999999
2012-08-22 02:00:00,3.806
2012-08-22 03:00:00,3.46
2012-08-22 04:00:00,4.04
2012-08-22 05:00:00,16.194
2012-08-22 06:00:00,79.282
2012-08-22 07:00:00,237.986
2012-08-22 08:00:00,311.55
2012-08-22 09:00:00,197.78199999999998
2012-08-22 10:00:00,114.844
2012-08-22 11:00:00,137.408
2012-08-22 12:00:00,169.142
2012-08-22 13:00:00,163.874
2012-08-22 14:00:00,141.618
2012-08-22 15:00:00,148.776
2012-08-22 16:00:00,192.07999999999998
2012-08-22 17:00:00,425.41200000000003
2012-08-22 18:00:00,399.17
2012-08-22 19:00:00,259.164
2012-08-22 20:00:00,214.35
2012-08-22 21:00:00,144.814
2012-08-22 22:00:00,111.476
2012-08-22 23:00:00,49.964000000000006
2012-08-23 00:00:00,26.176
2012-08-23 01:00:00,9.516
2012-08-23 02:00:00,4.564
2012-08-23 03:00:00,3.6079999999999997
2012-08-23 04:00:00,3.73
2012-08-23 05:00:00,15.252
2012-08-23 06:00:00,79.282
2012-08-23 07:00:00,233.844
2012-08-23 08:00:00,312.49600000000004
2012-08-23 09:00:00,185.37199999999999
2012-08-23 10:00:00,115.676
2012-08-23 11:00:00,141.67399999999998
2012-08-23 12:00:00,172.10199999999998
2012-08-23 13:00:00,166.882
2012-08-23 14:00:00,132.244
2012-08-23 15:00:00,148.20399999999998
2012-08-23 16:00:00,223.394
2012-08-23 17:00:00,458.77
2012-08-23 18:00:00,461.59999999999997
2012-08-23 19:00:00,298.792
2012-08-23 20:00:00,202.65800000000002
2012-08-23 21:00:00,156.42799999999997
2012-08-23 22:00:00,120.21
2012-08-23 23:00:00,75.19999999999999
2012-08-24 00:00:00,33.902
2012-08-24 01:00:00,17.605999999999998
2012-08-24 02:00:00,8.762
2012-08-24 03:00:00,5.18
2012-08-24 04:00:00,4.316
2012-08-24 05:00:00,14.548
2012-08-24 06:00:00,72.886
2012-08-24 07:00:00,227.18
2012-08-24 08:00:00,371.72399999999993
2012-08-24 09:00:00,184.988
2012-08-24 10:00:00,127.02199999999999
2012-08-24 11:00:00,152.48
2012-08-24 12:00:00,171.024
2012-08-24 13:00:00,172.32999999999998
2012-08-24 14:00:00,173.08599999999998
2012-08-24 15:00:00,175.678
2012-08-24 16:00:00,246.226
2012-08-24 17:00:00,442.126
2012-08-24 18:00:00,425.96000000000004
2012-08-24 19:00:00,259.33
2012-08-24 20:00:00,194.58999999999997
2012-08-24 21:00:00,122.74799999999999
2012-08-24 22:00:00,128.72199999999998
2012-08-24 23:00:00,108.166
2012-08-25 00:00:00,65.076
2012-08-25 01:00:00,48.224000000000004
2012-08-25 02:00:00,37.352
2012-08-25 03:00:00,15.764
2012-08-25 04:00:00,5.596
2012-08-25 05:00:00,6.5600000000000005
2012-08-25 06:00:00,22.642
2012-08-25 07:00:00,45.878
2012-08-25 08:00:00,107.00599999999999
2012-08-25 09:00:00,169.792
2012-08-25 10:00:00,211.628
2012-08-25 11:00:00,253.37
2012-08-25 12:00:00,254.068
2012-08-25 13:00:00,276.158
2012-08-25 14:00:00,254.618
2012-08-25 15:00:00,264.826
2012-08-25 16:00:00,262.926
2012-08-25 17:00:00,248.18400000000003
2012-08-25 18:00:00,227.79200000000003
2012-08-25 19:00:00,193.084
2012-08-25 20:00:00,129.322
2012-08-25 21:00:00,104.462
2012-08-25 22:00:00,102.50399999999999
2012-08-25 23:00:00,87.914
2012-08-26 00:00:00,67.116
2012-08-26 01:00:00,51.861999999999995
2012-08-26 02:00:00,39.978
2012-08-26 03:00:00,17.086
2012-08-26 04:00:00,4.053999999999999
2012-08-26 05:00:00,4.272
2012-08-26 06:00:00,11.972000000000001
2012-08-26 07:00:00,32.54
2012-08-26 08:00:00,78.94200000000001
2012-08-26 09:00:00,146.812
2012-08-26 10:00:00,198.918
2012-08-26 11:00:00,247.94599999999997
2012-08-26 12:00:00,241.666
2012-08-26 13:00:00,259.952
2012-08-26 14:00:00,265.062
2012-08-26 15:00:00,244.498
2012-08-26 16:00:00,234.758
2012-08-26 17:00:00,237.76800000000003
2012-08-26 18:00:00,217.874
2012-08-26 19:00:00,172.90599999999998
2012-08-26 20:00:00,134.56799999999998
2012-08-26 21:00:00,91.74000000000001
2012-08-26 22:00:00,77.85
2012-08-26 23:00:00,57.379999999999995
2012-08-27 00:00:00,16.756
2012-08-27 01:00:00,7.292000000000001
2012-08-27 02:00:00,3.5199999999999996
2012-08-27 03:00:00,3.762
2012-08-27 04:00:00,3.1359999999999997
2012-08-27 05:00:00,14.569999999999999
2012-08-27 06:00:00,81.032
2012-08-27 07:00:00,233.69
2012-08-27 08:00:00,306.782
2012-08-27 09:00:00,178.69
2012-08-27 10:00:00,111.05000000000001
2012-08-27 11:00:00,125.22399999999999
2012-08-27 12:00:00,162.038
2012-08-27 13:00:00,159.65800000000002
2012-08-27 14:00:00,143.454
2012-08-27 15:00:00,143.212
2012-08-27 16:00:00,206.04
2012-08-27 17:00:00,450.20399999999995
2012-08-27 18:00:00,460.374
2012-08-27 19:00:00,296.99999999999994
2012-08-27 20:00:00,219.506
2012-08-27 21:00:00,139.89000000000001
2012-08-27 22:00:00,92.824
2012-08-27 23:00:00,45.226
2012-08-28 00:00:00,17.122
2012-08-28 01:00:00,8.426
2012-08-28 02:00:00,4.064
2012-08-28 03:00:00,2.138
2012-08-28 04:00:00,3.05
2012-08-28 05:00:00,14.25
2012-08-28 06:00:00,75.964
2012-08-28 07:00:00,233.524
2012-08-28 08:00:00,368.66200000000003
2012-08-28 09:00:00,196.204
2012-08-28 10:00:00,111.756
2012-08-28 11:00:00,136.772
2012-08-28 12:00:00,155.712
2012-08-28 13:00:00,151.266
2012-08-28 14:00:00,135.826
2012-08-28 15:00:00,141.678
2012-08-28 16:00:00,214.194
2012-08-28 17:00:00,420.69800000000004
2012-08-28 18:00:00,449.322
2012-08-28 19:00:00,288.98799999999994
2012-08-28 20:00:00,198.52999999999997
2012-08-28 21:00:00,155.166
2012-08-28 22:00:00,108.32799999999999
2012-08-28 23:00:00,53.386
2012-08-29 00:00:00,21.922
2012-08-29 01:00:00,9.488
2012-08-29 02:00:00,4.699999999999999
2012-08-29 03:00:00,3.968
2012-08-29 04:00:00,3.848
2012-08-29 05:00:00,15.808
2012-08-29 06:00:00,79.488
2012-08-29 07:00:00,240.864
2012-08-29 08:00:00,383.63000000000005
2012-08-29 09:00:00,201.394
2012-08-29 10:00:00,113.354
2012-08-29 11:00:00,141.768
2012-08-29 12:00:00,172.21
2012-08-29 13:00:00,170.43599999999998
2012-08-29 14:00:00,143.84799999999998
2012-08-29 15:00:00,146.598
2012-08-29 16:00:00,230.868
2012-08-29 17:00:00,461.394
2012-08-29 18:00:00,455.272
2012-08-29 19:00:00,302.01599999999996
2012-08-29 20:00:00,203.484
2012-08-29 21:00:00,159.92600000000002
2012-08-29 22:00:00,121.864
2012-08-29 23:00:00,58.202000000000005
2012-08-30 00:00:00,24.196
2012-08-30 01:00:00,10.988
2012-08-30 02:00:00,4.62
2012-08-30 03:00:00,4.092
2012-08-30 04:00:00,4.265999999999999
2012-08-30 05:00:00,15.302
2012-08-30 06:00:00,79.456
2012-08-30 07:00:00,242.57399999999998
2012-08-30 08:00:00,382.96599999999995
2012-08-30 09:00:00,191.43800000000002
2012-08-30 10:00:00,115.58000000000001
2012-08-30 11:00:00,141.98999999999998
2012-08-30 12:00:00,171.772
2012-08-30 13:00:00,164.256
2012-08-30 14:00:00,140.306
2012-08-30 15:00:00,146.014
2012-08-30 16:00:00,224.196
2012-08-30 17:00:00,456.458
2012-08-30 18:00:00,422.718
2012-08-30 19:00:00,301.724
2012-08-30 20:00:00,208.7
2012-08-30 21:00:00,156.77399999999997
2012-08-30 22:00:00,124.33399999999999
2012-08-30 23:00:00,78.048
2012-08-31 00:00:00,32.024
2012-08-31 01:00:00,17.838
2012-08-31 02:00:00,8.224
2012-08-31 03:00:00,3.6679999999999997
2012-08-31 04:00:00,3.9339999999999997
2012-08-31 05:00:00,15.530000000000001
2012-08-31 06:00:00,71.94399999999999
2012-08-31 07:00:00,219.298
2012-08-31 08:00:00,368.89399999999995
2012-08-31 09:00:00,180.456
2012-08-31 10:00:00,132.32999999999998
2012-08-31 11:00:00,153.562
2012-08-31 12:00:00,184.47199999999998
2012-08-31 13:00:00,179.98999999999998
2012-08-31 14:00:00,178.50799999999998
2012-08-31 15:00:00,192.51999999999998
2012-08-31 16:00:00,248.95600000000002
2012-08-31 17:00:00,427.648
2012-08-31 18:00:00,426.79999999999995
2012-08-31 19:00:00,273.02
2012-08-31 20:00:00,191.416
2012-08-31 21:00:00,130.666
2012-08-31 22:00:00,134.828
2012-08-31 23:00:00,99.46199999999999
2012-09-20 00:00:00,24.34
2012-09-20 01:00:00,18.618
2012-09-20 02:00:00,7.662
2012-09-20 03:00:00,4.87
2012-09-20 04:00:00,4.901999999999999
2012-09-20 05:00:00,16.904
2012-09-20 06:00:00,79.012
2012-09-20 07:00:00,223.476
2012-09-20 08:00:00,316.71399999999994
2012-09-20 09:00:00,193.756
2012-09-20 10:00:00,100.792
2012-09-20 11:00:00,125.946
2012-09-20 12:00:00,158.104
2012-09-20 13:00:00,155.298
2012-09-20 14:00:00,133.47799999999998
2012-09-20 15:00:00,148.006
2012-09-20 16:00:00,217.788
2012-09-20 17:00:00,438.336
2012-09-20 18:00:00,430.414
2012-09-20 19:00:00,305.156
2012-09-20 20:00:00,196.174
2012-09-20 21:00:00,138.214
2012-09-20 22:00:00,119.312
2012-09-20 23:00:00,73.556
2012-09-21 00:00:00,32.022
2012-09-21 01:00:00,20.854
2012-09-21 02:00:00,9.294
2012-09-21 03:00:00,4.632000000000001
2012-09-21 04:00:00,3.9239999999999995
2012-09-21 05:00:00,14.956
2012-09-21 06:00:00,82.00399999999999
2012-09-21 07:00:00,232.032
2012-09-21 08:00:00,370.082
2012-09-21 09:00:00,182.11599999999999
2012-09-21 10:00:00,117.25999999999999
2012-09-21 11:00:00,145.702
2012-09-21 12:00:00,168.468
2012-09-21 13:00:00,173.82799999999997
2012-09-21 14:00:00,162.522
2012-09-21 15:00:00,170.976
2012-09-21 16:00:00,239.724
2012-09-21 17:00:00,391.296
2012-09-21 18:00:00,406.482
2012-09-21 19:00:00,281.634
2012-09-21 20:00:00,204.078
2012-09-21 21:00:00,124.188
2012-09-21 22:00:00,122.094
2012-09-21 23:00:00,82.93599999999999
2012-09-22 00:00:00,63.27
2012-09-22 01:00:00,48.886
2012-09-22 02:00:00,39.644
2012-09-22 03:00:00,14.642000000000001
2012-09-22 04:00:00,4.052
2012-09-22 05:00:00,5.518
2012-09-22 06:00:00,14.184
2012-09-22 07:00:00,42.342
2012-09-22 08:00:00,95.878
2012-09-22 09:00:00,166.454
2012-09-22 10:00:00,212.212
2012-09-22 11:00:00,262.15000000000003
2012-09-22 12:00:00,270.43600000000004
2012-09-22 13:00:00,274.598
2012-09-22 14:00:00,273.87
2012-09-22 15:00:00,270.69
2012-09-22 16:00:00,273.05
2012-09-22 17:00:00,287.61800000000005
2012-09-22 18:00:00,256.12
2012-09-22 19:00:00,205.16799999999998
2012-09-22 20:00:00,158.97
2012-09-22 21:00:00,122.818
2012-09-22 22:00:00,129.106
2012-09-22 23:00:00,97.722
2012-09-23 00:00:00,65.018
2012-09-23 01:00:00,46.53
2012-09-23 02:00:00,38.066
2012-09-23 03:00:00,14.326
2012-09-23 04:00:00,4.582
2012-09-23 05:00:00,4.866
2012-09-23 06:00:00,11.745999999999999
2012-09-23 07:00:00,27.589999999999996
2012-09-23 08:00:00,64.226
2012-09-23 09:00:00,133.318
2012-09-23 10:00:00,193.506
2012-09-23 11:00:00,246.26999999999998
2012-09-23 12:00:00,267.178
2012-09-23 13:00:00,308.466
2012-09-23 14:00:00,303.06
2012-09-23 15:00:00,297.28999999999996
2012-09-23 16:00:00,292.598
2012-09-23 17:00:00,252.08800000000002
2012-09-23 18:00:00,222.37
2012-09-23 19:00:00,165.216
2012-09-23 20:00:00,118.38000000000001
2012-09-23 21:00:00,75.874
2012-09-23 22:00:00,67.15199999999999
2012-09-23 23:00:00,45.22
2012-09-24 00:00:00,30.240000000000002
2012-09-24 01:00:00,19.046
2012-09-24 02:00:00,7.404
2012-09-24 03:00:00,2.814
2012-09-24 04:00:00,4.295999999999999
2012-09-24 05:00:00,15.325999999999999
2012-09-24 06:00:00,80.914
2012-09-24 07:00:00,214.296
2012-09-24 08:00:00,362.87399999999997
2012-09-24 09:00:00,185.248
2012-09-24 10:00:00,95.34800000000001
2012-09-24 11:00:00,115.07
2012-09-24 12:00:00,140.92
2012-09-24 13:00:00,138.598
2012-09-24 14:00:00,136.118
2012-09-24 15:00:00,137.168
2012-09-24 16:00:00,212.434
2012-09-24 17:00:00,412.526
2012-09-24 18:00:00,393.438
2012-09-24 19:00:00,278.194
2012-09-24 20:00:00,183.93
2012-09-24 21:00:00,139.852
2012-09-24 22:00:00,86.65199999999999
2012-09-24 23:00:00,41.809999999999995
2012-09-25 00:00:00,30.384
2012-09-25 01:00:00,14.162
2012-09-25 02:00:00,3.648
2012-09-25 03:00:00,2.944
2012-09-25 04:00:00,3.096
2012-09-25 05:00:00,14.549999999999999
2012-09-25 06:00:00,80.366
2012-09-25 07:00:00,218.176
2012-09-25 08:00:00,373.05
2012-09-25 09:00:00,202.868
2012-09-25 10:00:00,94.792
2012-09-25 11:00:00,122.21799999999999
2012-09-25 12:00:00,144.972
2012-09-25 13:00:00,143.132
2012-09-25 14:00:00,136.97199999999998
2012-09-25 15:00:00,143.772
2012-09-25 16:00:00,211.20600000000002
2012-09-25 17:00:00,421.45199999999994
2012-09-25 18:00:00,430.86799999999994
2012-09-25 19:00:00,299.298
2012-09-25 20:00:00,199.25799999999998
2012-09-25 21:00:00,144.364
2012-09-25 22:00:00,94.642
2012-09-25 23:00:00,48.181999999999995
2012-09-26 00:00:00,21.999999999999996
2012-09-26 01:00:00,8.6
2012-09-26 02:00:00,5.346
2012-09-26 03:00:00,2.8020000000000005
2012-09-26 04:00:00,3.44
2012-09-26 05:00:00,15.911999999999997
2012-09-26 06:00:00,80.086
2012-09-26 07:00:00,235.522
2012-09-26 08:00:00,371.97399999999993
2012-09-26 09:00:00,201.07199999999997
2012-09-26 10:00:00,99.96
2012-09-26 11:00:00,125.72999999999999
2012-09-26 12:00:00,155.77
2012-09-26 13:00:00,156.976
2012-09-26 14:00:00,130.75799999999998
2012-09-26 15:00:00,138.534
2012-09-26 16:00:00,214.25
2012-09-26 17:00:00,446.378
2012-09-26 18:00:00,466.10200000000003
2012-09-26 19:00:00,302.668
2012-09-26 20:00:00,228.744
2012-09-26 21:00:00,148.03
2012-09-26 22:00:00,93.538
2012-09-26 23:00:00,46.91
2012-09-27 00:00:00,24.017999999999997
2012-09-27 01:00:00,10.486
2012-09-27 02:00:00,7.2219999999999995
2012-09-27 03:00:00,4.2620000000000005
2012-09-27 04:00:00,3.488
2012-09-27 05:00:00,16.338
2012-09-27 06:00:00,84.744
2012-09-27 07:00:00,235.25599999999997
2012-09-27 08:00:00,313.868
2012-09-27 09:00:00,189.15800000000002
2012-09-27 10:00:00,106.31
2012-09-27 11:00:00,136.528
2012-09-27 12:00:00,162.42
2012-09-27 13:00:00,155.422
2012-09-27 14:00:00,140.25199999999998
2012-09-27 15:00:00,143.748
2012-09-27 16:00:00,216.758
2012-09-27 17:00:00,411.85999999999996
2012-09-27 18:00:00,421.038
2012-09-27 19:00:00,302.588
2012-09-27 20:00:00,187.486
2012-09-27 21:00:00,73.752
2012-09-27 22:00:00,80.692
2012-09-27 23:00:00,47.934
2012-09-28 00:00:00,26.343999999999998
2012-09-28 01:00:00,15.978
2012-09-28 02:00:00,5.984
2012-09-28 03:00:00,4.08
2012-09-28 04:00:00,3.3120000000000003
2012-09-28 05:00:00,14.728
2012-09-28 06:00:00,73.082
2012-09-28 07:00:00,201.464
2012-09-28 08:00:00,305.78
2012-09-28 09:00:00,172.23399999999998
2012-09-28 10:00:00,112.086
2012-09-28 11:00:00,137.284
2012-09-28 12:00:00,163.47799999999998
2012-09-28 13:00:00,164.312
2012-09-28 14:00:00,157.86999999999998
2012-09-28 15:00:00,167.04199999999997
2012-09-28 16:00:00,240.00799999999998
2012-09-28 17:00:00,386.68
2012-09-28 18:00:00,410.322
2012-09-28 19:00:00,230.148
2012-09-28 20:00:00,149.926
2012-09-28 21:00:00,102.614
2012-09-28 22:00:00,113.754
2012-09-28 23:00:00,86.99
2012-09-29 00:00:00,67.49
2012-09-29 01:00:00,51.608
2012-09-29 02:00:00,33.641999999999996
2012-09-29 03:00:00,17.498
2012-09-29 04:00:00,4.724
2012-09-29 05:00:00,5.108
2012-09-29 06:00:00,12.464
2012-09-29 07:00:00,34.937999999999995
2012-09-29 08:00:00,90.86
2012-09-29 09:00:00,164.48
2012-09-29 10:00:00,210.608
2012-09-29 11:00:00,259.056
2012-09-29 12:00:00,297.646
2012-09-29 13:00:00,305.232
2012-09-29 14:00:00,304.366
2012-09-29 15:00:00,291.86
2012-09-29 16:00:00,288.57399999999996
2012-09-29 17:00:00,269.12
2012-09-29 18:00:00,235.524
2012-09-29 19:00:00,174.338
2012-09-29 20:00:00,123.908
2012-09-29 21:00:00,114.79399999999998
2012-09-29 22:00:00,124.76999999999998
2012-09-29 23:00:00,97.38
2012-09-30 00:00:00,64.332
2012-09-30 01:00:00,49.274
2012-09-30 02:00:00,40.03
2012-09-30 03:00:00,17.49
2012-09-30 04:00:00,5.646
2012-09-30 05:00:00,5.9719999999999995
2012-09-30 06:00:00,14.956
2012-09-30 07:00:00,27.758
2012-09-30 08:00:00,66.548
2012-09-30 09:00:00,134.826
2012-09-30 10:00:00,203.89000000000001
2012-09-30 11:00:00,274.01599999999996
2012-09-30 12:00:00,293.50800000000004
2012-09-30 13:00:00,304.62800000000004
2012-09-30 14:00:00,299.30199999999996
2012-09-30 15:00:00,307.9
2012-09-30 16:00:00,302.514
2012-09-30 17:00:00,269.23799999999994
2012-09-30 18:00:00,226.81
2012-09-30 19:00:00,142.218
2012-09-30 20:00:00,104.88799999999999
2012-09-30 21:00:00,75.94800000000001
2012-09-30 22:00:00,65.648
2012-09-30 23:00:00,48.878
2012-10-20 00:00:00,64.292
2012-10-20 01:00:00,45.980000000000004
2012-10-20 02:00:00,32.620000000000005
2012-10-20 03:00:00,15.617999999999999
2012-10-20 04:00:00,4.808
2012-10-20 05:00:00,5.6419999999999995
2012-10-20 06:00:00,14.848
2012-10-20 07:00:00,33.886
2012-10-20 08:00:00,93.398
2012-10-20 09:00:00,165.47000000000003
2012-10-20 10:00:00,212.922
2012-10-20 11:00:00,259.53
2012-10-20 12:00:00,282.286
2012-10-20 13:00:00,285.096
2012-10-20 14:00:00,270.478
2012-10-20 15:00:00,264.488
2012-10-20 16:00:00,256.134
2012-10-20 17:00:00,251.43600000000004
2012-10-20 18:00:00,217.05599999999998
2012-10-20 19:00:00,147.548
2012-10-20 20:00:00,107.79
2012-10-20 21:00:00,88.928
2012-10-20 22:00:00,94.208
2012-10-20 23:00:00,66.018
2012-10-21 00:00:00,56.885999999999996
2012-10-21 01:00:00,41.298
2012-10-21 02:00:00,33.406
2012-10-21 03:00:00,17.478
2012-10-21 04:00:00,5.3
2012-10-21 05:00:00,5.582
2012-10-21 06:00:00,13.004000000000001
2012-10-21 07:00:00,27.07
2012-10-21 08:00:00,64.576
2012-10-21 09:00:00,131.29
2012-10-21 10:00:00,183.124
2012-10-21 11:00:00,241.972
2012-10-21 12:00:00,254.88599999999997
2012-10-21 13:00:00,272.14
2012-10-21 14:00:00,268.736
2012-10-21 15:00:00,257.74
2012-10-21 16:00:00,256.31600000000003
2012-10-21 17:00:00,253.472
2012-10-21 18:00:00,217.796
2012-10-21 19:00:00,145.986
2012-10-21 20:00:00,98.90599999999999
2012-10-21 21:00:00,72.71600000000001
2012-10-21 22:00:00,62.25599999999999
2012-10-21 23:00:00,45.644
2012-10-22 00:00:00,17.448
2012-10-22 01:00:00,10.522
2012-10-22 02:00:00,3.958
2012-10-22 03:00:00,2.892
2012-10-22 04:00:00,3.01
2012-10-22 05:00:00,13.921999999999999
2012-10-22 06:00:00,71.216
2012-10-22 07:00:00,202.97799999999998
2012-10-22 08:00:00,359.46799999999996
2012-10-22 09:00:00,184.182
2012-10-22 10:00:00,94.274
2012-10-22 11:00:00,115.606
2012-10-22 12:00:00,144.822
2012-10-22 13:00:00,147.38799999999998
2012-10-22 14:00:00,142.398
2012-10-22 15:00:00,147.71
2012-10-22 16:00:00,213.036
2012-10-22 17:00:00,412.268
2012-10-22 18:00:00,380.69999999999993
2012-10-22 19:00:00,276.176
2012-10-22 20:00:00,168.682
2012-10-22 21:00:00,120.73599999999999
2012-10-22 22:00:00,78.99199999999999
2012-10-22 23:00:00,41.45399999999999
2012-10-23 00:00:00,22.514
2012-10-23 01:00:00,7.928
2012-10-23 02:00:00,3.104
2012-10-23 03:00:00,3.89
2012-10-23 04:00:00,3.9399999999999995
2012-10-23 05:00:00,14.93
2012-10-23 06:00:00,74.80999999999999
2012-10-23 07:00:00,220.846
2012-10-23 08:00:00,316.888
2012-10-23 09:00:00,196.45800000000003
2012-10-23 10:00:00,91.132
2012-10-23 11:00:00,122.578
2012-10-23 12:00:00,152.12399999999997
2012-10-23 13:00:00,148.638
2012-10-23 14:00:00,141.836
2012-10-23 15:00:00,144.524
2012-10-23 16:00:00,227.19400000000002
2012-10-23 17:00:00,423.78599999999994
2012-10-23 18:00:00,423.276
2012-10-23 19:00:00,293.502
2012-10-23 20:00:00,192.174
2012-10-23 21:00:00,145.514
2012-10-23 22:00:00,97.20200000000001
2012-10-23 23:00:00,44.586
2012-10-24 00:00:00,21.454
2012-10-24 01:00:00,8.902
2012-10-24 02:00:00,4.308
2012-10-24 03:00:00,4.252000000000001
2012-10-24 04:00:00,4.244
2012-10-24 05:00:00,16.234
2012-10-24 06:00:00,80.886
2012-10-24 07:00:00,205.952
2012-10-24 08:00:00,377.782
2012-10-24 09:00:00,195.35999999999999
2012-10-24 10:00:00,89.81400000000001
2012-10-24 11:00:00,114.642
2012-10-24 12:00:00,153.97000000000003
2012-10-24 13:00:00,149.85000000000002
2012-10-24 14:00:00,139.188
2012-10-24 15:00:00,150.012
2012-10-24 16:00:00,234.716
2012-10-24 17:00:00,428.962
2012-10-24 18:00:00,429.72999999999996
2012-10-24 19:00:00,266.762
2012-10-24 20:00:00,170.62199999999999
2012-10-24 21:00:00,142.608
2012-10-24 22:00:00,109.97199999999998
2012-10-24 23:00:00,51.763999999999996
2012-10-25 00:00:00,24.184
2012-10-25 01:00:00,11.502
2012-10-25 02:00:00,5.776
2012-10-25 03:00:00,2.908
2012-10-25 04:00:00,2.964
2012-10-25 05:00:00,13.627999999999998
2012-10-25 06:00:00,74.12799999999999
2012-10-25 07:00:00,224.202
2012-10-25 08:00:00,374.56
2012-10-25 09:00:00,182.07399999999998
2012-10-25 10:00:00,80.33399999999999
2012-10-25 11:00:00,83.82600000000001
2012-10-25 12:00:00,145.34199999999998
2012-10-25 13:00:00,140.422
2012-10-25 14:00:00,120.618
2012-10-25 15:00:00,138.858
2012-10-25 16:00:00,186.38
2012-10-25 17:00:00,414.63199999999995
2012-10-25 18:00:00,232.524
2012-10-25 19:00:00,262.896
2012-10-25 20:00:00,125.256
2012-10-25 21:00:00,80.406
2012-10-25 22:00:00,98.732
2012-10-25 23:00:00,66.744
2012-10-26 00:00:00,27.77
2012-10-26 01:00:00,17.357999999999997
2012-10-26 02:00:00,7.386
2012-10-26 03:00:00,3.88
2012-10-26 04:00:00,3.7239999999999998
2012-10-26 05:00:00,13.44
2012-10-26 06:00:00,74.942
2012-10-26 07:00:00,220.72799999999998
2012-10-26 08:00:00,363.012
2012-10-26 09:00:00,172.24200000000002
2012-10-26 10:00:00,84.632
2012-10-26 11:00:00,122.07
2012-10-26 12:00:00,150.118
2012-10-26 13:00:00,153.394
2012-10-26 14:00:00,162.962
2012-10-26 15:00:00,172.896
2012-10-26 16:00:00,200.074
2012-10-26 17:00:00,336.162
2012-10-26 18:00:00,331.61799999999994
2012-10-26 19:00:00,218.256
2012-10-26 20:00:00,128.13199999999998
2012-10-26 21:00:00,117.426
2012-10-26 22:00:00,101.22
2012-10-26 23:00:00,85.878
2012-10-27 00:00:00,65.286
2012-10-27 01:00:00,46.834
2012-10-27 02:00:00,32.244
2012-10-27 03:00:00,15.642
2012-10-27 04:00:00,4.83
2012-10-27 05:00:00,5.256
2012-10-27 06:00:00,18.77
2012-10-27 07:00:00,38.111999999999995
2012-10-27 08:00:00,90.91199999999999
2012-10-27 09:00:00,158.646
2012-10-27 10:00:00,209.21200000000002
2012-10-27 11:00:00,262.226
2012-10-27 12:00:00,285.3
2012-10-27 13:00:00,308.852
2012-10-27 14:00:00,289.394
2012-10-27 15:00:00,261.374
2012-10-27 16:00:00,257.632
2012-10-27 17:00:00,258.164
2012-10-27 18:00:00,237.206
2012-10-27 19:00:00,174.72199999999998
2012-10-27 20:00:00,130.796
2012-10-27 21:00:00,114.68
2012-10-27 22:00:00,109.274
2012-10-27 23:00:00,76.572
2012-10-28 00:00:00,58.635999999999996
2012-10-28 01:00:00,45.948
2012-10-28 02:00:00,37.628
2012-10-28 03:00:00,13.496
2012-10-28 04:00:00,4.4239999999999995
2012-10-28 05:00:00,4.895999999999999
2012-10-28 06:00:00,16.452
2012-10-28 07:00:00,27.317999999999998
2012-10-28 08:00:00,63.705999999999996
2012-10-28 09:00:00,136.742
2012-10-28 10:00:00,186.94
2012-10-28 11:00:00,234.076
2012-10-28 12:00:00,245.848
2012-10-28 13:00:00,248.87199999999999
2012-10-28 14:00:00,251.05200000000002
2012-10-28 15:00:00,254.68800000000002
2012-10-28 16:00:00,230.26
2012-10-28 17:00:00,180.13400000000001
2012-10-28 18:00:00,98.492
2012-10-28 19:00:00,67.83
2012-10-28 20:00:00,56.19
2012-10-28 21:00:00,52.634
2012-10-28 22:00:00,44.492000000000004
2012-10-28 23:00:00,34.472
2012-10-29 00:00:00,19.282
2012-10-30 13:00:00,49.23
2012-10-30 14:00:00,47.946
2012-10-30 15:00:00,49.471999999999994
2012-10-30 16:00:00,62.432
2012-10-30 17:00:00,126.702
2012-10-30 18:00:00,156.214
2012-10-30 19:00:00,230.16800000000003
2012-10-30 20:00:00,100.8
2012-10-30 21:00:00,73.988
2012-10-30 22:00:00,67.16600000000001
2012-10-30 23:00:00,30.336
2012-10-31 00:00:00,13.062
2012-10-31 01:00:00,5.577999999999999
2012-10-31 02:00:00,2.206
2012-10-31 03:00:00,2.428
2012-10-31 04:00:00,2.842
2012-10-31 05:00:00,13.597999999999997
2012-10-31 06:00:00,59.52199999999999
2012-10-31 07:00:00,187.254
2012-10-31 08:00:00,377.93
2012-10-31 09:00:00,174.462
2012-10-31 10:00:00,79.742
2012-10-31 11:00:00,82.344
2012-10-31 12:00:00,89.856
2012-10-31 13:00:00,105.672
2012-10-31 14:00:00,89.286
2012-10-31 15:00:00,91.154
2012-10-31 16:00:00,142.18599999999998
2012-10-31 17:00:00,306.54999999999995
2012-10-31 18:00:00,304.17600000000004
2012-10-31 19:00:00,202.17200000000003
2012-10-31 20:00:00,140.656
2012-10-31 21:00:00,87.958
2012-10-31 22:00:00,74.306
2012-10-31 23:00:00,37.459999999999994
2012-11-20 00:00:00,15.567999999999998
2012-11-20 01:00:00,6.811999999999999
2012-11-20 02:00:00,2.61
2012-11-20 03:00:00,2.6759999999999997
2012-11-20 04:00:00,3.046
2012-11-20 05:00:00,13.074
2012-11-20 06:00:00,62.486
2012-11-20 07:00:00,206.99599999999998
2012-11-20 08:00:00,377.74999999999994
2012-11-20 09:00:00,175.14
2012-11-20 10:00:00,83.10199999999999
2012-11-20 11:00:00,92.00999999999999
2012-11-20 12:00:00,101.21600000000001
2012-11-20 13:00:00,112.672
2012-11-20 14:00:00,100.262
2012-11-20 15:00:00,109.09
2012-11-20 16:00:00,142.92399999999998
2012-11-20 17:00:00,283.604
2012-11-20 18:00:00,288.512
2012-11-20 19:00:00,200.188
2012-11-20 20:00:00,128.618
2012-11-20 21:00:00,91.87
2012-11-20 22:00:00,70.316
2012-11-20 23:00:00,33.730000000000004
2012-11-21 00:00:00,13.654
2012-11-21 01:00:00,6.06
2012-11-21 02:00:00,1.894
2012-11-21 03:00:00,2.1699999999999995
2012-11-21 04:00:00,2.5719999999999996
2012-11-21 05:00:00,14.444
2012-11-21 06:00:00,60.196
2012-11-21 07:00:00,180.916
2012-11-21 08:00:00,327.46200000000005
2012-11-21 09:00:00,175.722
2012-11-21 10:00:00,79.50399999999999
2012-11-21 11:00:00,89.91
2012-11-21 12:00:00,128.172
2012-11-21 13:00:00,143.914
2012-11-21 14:00:00,136.198
2012-11-21 15:00:00,131.772
2012-11-21 16:00:00,187.646
2012-11-21 17:00:00,309.10200000000003
2012-11-21 18:00:00,326.988
2012-11-21 19:00:00,201.24399999999997
2012-11-21 20:00:00,128.24
2012-11-21 21:00:00,88.794
2012-11-21 22:00:00,71.28599999999999
2012-11-21 23:00:00,35.65
2012-11-22 00:00:00,26.421999999999997
2012-11-22 01:00:00,24.378
2012-11-22 02:00:00,10.216
2012-11-22 03:00:00,4.789166666666667
2012-11-22 04:00:00,4.454666666666667
2012-11-22 05:00:00,9.534666666666666
2012-11-22 06:00:00,27.25
2012-11-22 07:00:00,76.804
2012-11-22 08:00:00,119.60199999999999
2012-11-22 09:00:00,131.414
2012-11-22 10:00:00,102.53200000000001
2012-11-22 11:00:00,126.368
2012-11-22 12:00:00,161.44
2012-11-22 13:00:00,166.95
2012-11-22 14:00:00,139.946
2012-11-22 15:00:00,140.952
2012-11-22 16:00:00,199.32600000000002
2012-11-22 17:00:00,194.156
2012-11-22 18:00:00,145.878
2012-11-22 19:00:00,112.274
2012-11-22 20:00:00,82.514
2012-11-22 21:00:00,73.926
2012-11-22 22:00:00,70.68799999999999
2012-11-22 23:00:00,52.745999999999995
2012-11-23 00:00:00,22.299999999999997
2012-11-23 01:00:00,8.878
2012-11-23 02:00:00,6.239999999999999
2012-11-23 03:00:00,2.7781999999999996
2012-11-23 04:00:00,2.2218333333333335
2012-11-23 05:00:00,13.111333333333333
2012-11-23 06:00:00,56.406000000000006
2012-11-23 07:00:00,166.13799999999998
2012-11-23 08:00:00,291.474
2012-11-23 09:00:00,152.718
2012-11-23 10:00:00,90.69399999999999
2012-11-23 11:00:00,109.32199999999999
2012-11-23 12:00:00,151.14
2012-11-23 13:00:00,149.786
2012-11-23 14:00:00,170.07
2012-11-23 15:00:00,156.784
2012-11-23 16:00:00,209.80599999999998
2012-11-23 17:00:00,342.63199999999995
2012-11-23 18:00:00,330.30199999999996
2012-11-23 19:00:00,203.91400000000002
2012-11-23 20:00:00,151.774
2012-11-23 21:00:00,100.51
2012-11-23 22:00:00,87.792
2012-11-23 23:00:00,64.19800000000001
2012-11-24 00:00:00,47.385999999999996
2012-11-24 01:00:00,32.848
2012-11-24 02:00:00,23.554
2012-11-24 03:00:00,13.315999999999999
2012-11-24 04:00:00,3.66
2012-11-24 05:00:00,3.3219999999999996
2012-11-24 06:00:00,12.392
2012-11-24 07:00:00,24.132
2012-11-24 08:00:00,66.02799999999999
2012-11-24 09:00:00,96.01399999999998
2012-11-24 10:00:00,113.25
2012-11-24 11:00:00,133.298
2012-11-24 12:00:00,153.326
2012-11-24 13:00:00,182.704
2012-11-24 14:00:00,171.544
2012-11-24 15:00:00,153.42000000000002
2012-11-24 16:00:00,136.57199999999997
2012-11-24 17:00:00,108.262
2012-11-24 18:00:00,95.82
2012-11-24 19:00:00,80.482
2012-11-24 20:00:00,58.54599999999999
2012-11-24 21:00:00,48.766
2012-11-24 22:00:00,46.209999999999994
2012-11-24 23:00:00,38.872
2012-11-25 00:00:00,36.842
2012-11-25 01:00:00,33.416000000000004
2012-11-25 02:00:00,22.008
2012-11-25 03:00:00,19.052
2012-11-25 04:00:00,5.154
2012-11-25 05:00:00,3.712
2012-11-25 06:00:00,22.558
2012-11-25 07:00:00,21.755999999999997
2012-11-25 08:00:00,49.268
2012-11-25 09:00:00,78.514
2012-11-25 10:00:00,103.37199999999999
2012-11-25 11:00:00,129.482
2012-11-25 12:00:00,150.374
2012-11-25 13:00:00,155.138
2012-11-25 14:00:00,169.762
2012-11-25 15:00:00,170.262
2012-11-25 16:00:00,160.99200000000002
2012-11-25 17:00:00,102.758
2012-11-25 18:00:00,90.60000000000001
2012-11-25 19:00:00,83.89599999999999
2012-11-25 20:00:00,57.623999999999995
2012-11-25 21:00:00,62.492000000000004
2012-11-25 22:00:00,67.306
2012-11-25 23:00:00,26.544
2012-11-26 00:00:00,11.292
2012-11-26 01:00:00,4.986
2012-11-26 02:00:00,2.414
2012-11-26 03:00:00,1.9579999999999997
2012-11-26 04:00:00,2.210666666666666
2012-11-26 05:00:00,12.538
2012-11-26 06:00:00,58.088
2012-11-26 07:00:00,173.55399999999997
2012-11-26 08:00:00,315.596
2012-11-26 09:00:00,159.00599999999997
2012-11-26 10:00:00,69.536
2012-11-26 11:00:00,108.52399999999999
2012-11-26 12:00:00,139.476
2012-11-26 13:00:00,137.25199999999998
2012-11-26 14:00:00,122.006
2012-11-26 15:00:00,122.56400000000001
2012-11-26 16:00:00,182.916
2012-11-26 17:00:00,351.124
2012-11-26 18:00:00,262.616
2012-11-26 19:00:00,181.754
2012-11-26 20:00:00,130.76
2012-11-26 21:00:00,88.41000000000001
2012-11-26 22:00:00,68.832
2012-11-26 23:00:00,33.949999999999996
2012-11-27 00:00:00,14.711999999999998
2012-11-27 01:00:00,7.283999999999999
2012-11-27 02:00:00,3.0079999999999996
2012-11-27 03:00:00,2.014
2012-11-27 04:00:00,2.9219999999999997
2012-11-27 05:00:00,13.27
2012-11-27 06:00:00,58.616
2012-11-27 07:00:00,135.974
2012-11-27 08:00:00,299.98999999999995
2012-11-27 09:00:00,171.57999999999998
2012-11-27 10:00:00,47.256
2012-11-27 11:00:00,51.209999999999994
2012-11-27 12:00:00,52.547999999999995
2012-11-27 13:00:00,50.06
2012-11-27 14:00:00,51.422
2012-11-27 15:00:00,71.43
2012-11-27 16:00:00,96.02
2012-11-27 17:00:00,153.088
2012-11-27 18:00:00,144.61599999999999
2012-11-27 19:00:00,127.636
2012-11-27 20:00:00,107.292
2012-11-27 21:00:00,59.211999999999996
2012-11-27 22:00:00,51.403999999999996
2012-11-27 23:00:00,28.69
2012-11-28 00:00:00,12.72
2012-11-28 01:00:00,5.0680000000000005
2012-11-28 02:00:00,2.7
2012-11-28 03:00:00,2.3240000000000003
2012-11-28 04:00:00,2.4619999999999997
2012-11-28 05:00:00,13.351999999999999
2012-11-28 06:00:00,57.519999999999996
2012-11-28 07:00:00,178.548
2012-11-28 08:00:00,301.868
2012-11-28 09:00:00,155.334
2012-11-28 10:00:00,71.09199999999998
2012-11-28 11:00:00,81.036
2012-11-28 12:00:00,95.504
2012-11-28 13:00:00,93.52799999999999
2012-11-28 14:00:00,94.50399999999999
2012-11-28 15:00:00,99.22
2012-11-28 16:00:00,144.656
2012-11-28 17:00:00,262.406
2012-11-28 18:00:00,229.014
2012-11-28 19:00:00,156.992
2012-11-28 20:00:00,124.0
2012-11-28 21:00:00,85.064
2012-11-28 22:00:00,63.85199999999999
2012-11-28 23:00:00,32.598
2012-11-29 00:00:00,14.753999999999998
2012-11-29 01:00:00,5.372
2012-11-29 02:00:00,2.5899999999999994
2012-11-29 04:00:00,1.9469999999999996
2012-11-29 05:00:00,13.25
2012-11-29 06:00:00,58.112
2012-11-29 07:00:00,169.4
2012-11-29 08:00:00,305.25199999999995
2012-11-29 09:00:00,154.04199999999997
2012-11-29 10:00:00,71.214
2012-11-29 11:00:00,103.4
2012-11-29 12:00:00,101.83
2012-11-29 13:00:00,118.338
2012-11-29 14:00:00,96.318
2012-11-29 15:00:00,95.64999999999999
2012-11-29 16:00:00,141.412
2012-11-29 17:00:00,256.738
2012-11-29 18:00:00,222.05400000000003
2012-11-29 19:00:00,143.59799999999998
2012-11-29 20:00:00,113.71799999999999
2012-11-29 21:00:00,72.812
2012-11-29 22:00:00,69.82600000000001
2012-11-29 23:00:00,52.108
2012-11-30 00:00:00,18.625999999999998
2012-11-30 01:00:00,7.492
2012-11-30 02:00:00,6.036
2012-11-30 03:00:00,2.6327333333333334
2012-11-30 04:00:00,1.963
2012-11-30 05:00:00,12.694733333333334
2012-11-30 06:00:00,52.382
2012-11-30 07:00:00,163.872
2012-11-30 08:00:00,286.148
2012-11-30 09:00:00,135.314
2012-11-30 10:00:00,95.10399999999998
2012-11-30 11:00:00,100.72999999999999
2012-11-30 12:00:00,125.968
2012-11-30 13:00:00,131.044
2012-11-30 14:00:00,116.61
2012-11-30 15:00:00,127.12599999999999
2012-11-30 16:00:00,157.802
2012-11-30 17:00:00,259.556
2012-11-30 18:00:00,250.486
2012-11-30 19:00:00,174.53599999999997
2012-11-30 20:00:00,108.408
2012-11-30 21:00:00,84.288
2012-11-30 22:00:00,74.982
2012-11-30 23:00:00,53.32
2012-12-20 00:00:00,20.118
2012-12-20 01:00:00,8.204
2012-12-20 02:00:00,3.288
2012-12-20 03:00:00,2.4769999999999994
2012-12-20 04:00:00,2.354
2012-12-20 05:00:00,13.027333333333333
2012-12-20 06:00:00,59.774
2012-12-20 07:00:00,202.52399999999997
2012-12-20 08:00:00,368.14
2012-12-20 09:00:00,158.89
2012-12-20 10:00:00,73.15
2012-12-20 11:00:00,80.40199999999999
2012-12-20 12:00:00,89.42
2012-12-20 13:00:00,83.7
2012-12-20 14:00:00,81.726
2012-12-20 15:00:00,71.83399999999999
2012-12-20 16:00:00,110.806
2012-12-20 17:00:00,228.414
2012-12-20 18:00:00,213.95600000000002
2012-12-20 19:00:00,124.622
2012-12-20 20:00:00,100.692
2012-12-20 21:00:00,67.63
2012-12-20 22:00:00,47.218
2012-12-20 23:00:00,52.83
2012-12-21 00:00:00,23.552
2012-12-21 01:00:00,15.566
2012-12-21 02:00:00,7.080000000000001
2012-12-21 03:00:00,3.022
2012-12-21 04:00:00,2.73
2012-12-21 05:00:00,13.506
2012-12-21 06:00:00,56.251999999999995
2012-12-21 07:00:00,175.436
2012-12-21 08:00:00,331.398
2012-12-21 09:00:00,147.95599999999996
2012-12-21 10:00:00,101.15
2012-12-21 11:00:00,103.278
2012-12-21 12:00:00,105.80799999999999
2012-12-21 13:00:00,105.098
2012-12-21 14:00:00,95.706
2012-12-21 15:00:00,99.152
2012-12-21 16:00:00,127.40399999999998
2012-12-21 17:00:00,204.066
2012-12-21 18:00:00,198.17999999999998
2012-12-21 19:00:00,134.4
2012-12-21 20:00:00,104.66799999999999
2012-12-21 21:00:00,66.868
2012-12-21 22:00:00,53.728
2012-12-21 23:00:00,36.94
2012-12-22 00:00:00,37.876000000000005
2012-12-22 01:00:00,29.514
2012-12-22 02:00:00,23.177999999999997
2012-12-22 03:00:00,12.79
2012-12-22 04:00:00,4.234
2012-12-22 05:00:00,3.238
2012-12-22 06:00:00,10.104
2012-12-22 07:00:00,21.875999999999998
2012-12-22 08:00:00,61.704
2012-12-22 09:00:00,91.196
2012-12-22 10:00:00,110.51
2012-12-22 11:00:00,132.438
2012-12-22 12:00:00,154.26399999999998
2012-12-22 13:00:00,174.028
2012-12-22 14:00:00,170.87199999999999
2012-12-22 15:00:00,157.84
2012-12-22 16:00:00,144.152
2012-12-22 17:00:00,101.93800000000002
2012-12-22 18:00:00,91.14599999999999
2012-12-22 19:00:00,74.208
2012-12-22 20:00:00,56.842
2012-12-22 21:00:00,42.576
2012-12-22 22:00:00,38.6
2012-12-22 23:00:00,35.15
2012-12-23 00:00:00,39.366
2012-12-23 01:00:00,33.86
2012-12-23 02:00:00,26.535999999999998
2012-12-23 03:00:00,21.024
2012-12-23 04:00:00,5.658
2012-12-23 05:00:00,4.088
2012-12-23 06:00:00,11.081999999999999
2012-12-23 07:00:00,17.028
2012-12-23 08:00:00,44.768
2012-12-23 09:00:00,69.846
2012-12-23 10:00:00,101.338
2012-12-23 11:00:00,118.14999999999999
2012-12-23 12:00:00,173.114
2012-12-23 13:00:00,182.35199999999998
2012-12-23 14:00:00,185.49
2012-12-23 15:00:00,188.86399999999998
2012-12-23 16:00:00,180.706
2012-12-23 17:00:00,125.928
2012-12-23 18:00:00,96.588
2012-12-23 19:00:00,89.05
2012-12-23 20:00:00,60.812
2012-12-23 21:00:00,59.72599999999999
2012-12-23 22:00:00,45.982
2012-12-23 23:00:00,28.743999999999996
2012-12-24 00:00:00,10.99
2012-12-24 01:00:00,3.9739999999999998
2012-12-24 02:00:00,2.122
2012-12-24 03:00:00,1.574
2012-12-24 05:00:00,11.518
2012-12-24 06:00:00,54.523999999999994
2012-12-24 07:00:00,166.76399999999998
2012-12-24 08:00:00,289.02599999999995
2012-12-24 09:00:00,139.946
2012-12-24 10:00:00,64.368
2012-12-24 11:00:00,63.356
2012-12-24 12:00:00,72.26599999999999
2012-12-24 13:00:00,47.998
2012-12-24 14:00:00,50.376000000000005
2012-12-24 15:00:00,51.650000000000006
2012-12-24 16:00:00,61.99999999999999
2012-12-24 17:00:00,122.93199999999999
2012-12-24 18:00:00,120.86599999999999
2012-12-24 19:00:00,115.306
2012-12-24 20:00:00,80.456
2012-12-24 21:00:00,54.508
2012-12-24 22:00:00,55.412
2012-12-24 23:00:00,28.589999999999996
2012-12-25 00:00:00,16.956
2012-12-25 01:00:00,17.282
2012-12-25 02:00:00,9.522
2012-12-25 04:00:00,4.1121333333333325
2012-12-25 05:00:00,6.914
2012-12-25 06:00:00,28.593999999999998
2012-12-25 07:00:00,76.116
2012-12-25 08:00:00,154.15
2012-12-25 09:00:00,114.162
2012-12-25 10:00:00,82.042
2012-12-25 11:00:00,93.274
2012-12-25 12:00:00,98.084
2012-12-25 13:00:00,111.516
2012-12-25 14:00:00,114.52799999999999
2012-12-25 15:00:00,107.57799999999999
2012-12-25 16:00:00,131.898
2012-12-25 17:00:00,127.76
2012-12-25 18:00:00,117.51799999999999
2012-12-25 19:00:00,87.73799999999999
2012-12-25 20:00:00,69.246
2012-12-25 21:00:00,57.422
2012-12-25 22:00:00,55.134
2012-12-25 23:00:00,29.62
2012-12-26 00:00:00,11.104
2012-12-26 01:00:00,4.234
2012-12-26 02:00:00,2.92
2012-12-26 03:00:00,1.8800000000000001
2012-12-26 04:00:00,1.9380000000000002
2012-12-26 05:00:00,12.158
2012-12-26 06:00:00,55.036
2012-12-26 07:00:00,143.536
2012-12-26 08:00:00,245.788
2012-12-26 09:00:00,111.33199999999998
2012-12-26 10:00:00,55.762
2012-12-26 11:00:00,55.63399999999999
2012-12-26 12:00:00,53.96
2012-12-26 13:00:00,54.025999999999996
2012-12-26 14:00:00,52.912
2012-12-26 15:00:00,52.016000000000005
2012-12-26 16:00:00,61.839999999999996
2012-12-26 17:00:00,120.54400000000001
2012-12-26 18:00:00,122.48599999999999
2012-12-26 19:00:00,98.524
2012-12-26 20:00:00,77.27999999999999
2012-12-26 21:00:00,64.17999999999999
2012-12-26 22:00:00,46.732
2012-12-26 23:00:00,25.376
2012-12-27 00:00:00,10.786000000000001
2012-12-27 01:00:00,4.066
2012-12-27 02:00:00,2.9179999999999997
2012-12-27 03:00:00,2.418
2012-12-27 04:00:00,1.8719999999999999
2012-12-27 05:00:00,12.257333333333333
2012-12-27 06:00:00,54.184
2012-12-27 07:00:00,172.864
2012-12-27 08:00:00,309.032
2012-12-27 09:00:00,143.93599999999998
2012-12-27 10:00:00,74.33999999999999
2012-12-27 11:00:00,77.234
2012-12-27 12:00:00,85.53999999999999
2012-12-27 13:00:00,85.026
2012-12-27 14:00:00,76.592
2012-12-27 15:00:00,74.834
2012-12-27 16:00:00,101.496
2012-12-27 17:00:00,210.59199999999998
2012-12-27 18:00:00,187.14
2012-12-27 19:00:00,128.17399999999998
2012-12-27 20:00:00,96.35
2012-12-27 21:00:00,62.00399999999999
2012-12-27 22:00:00,50.036
2012-12-27 23:00:00,33.967999999999996
2012-12-28 00:00:00,15.267999999999999
2012-12-28 01:00:00,6.462
2012-12-28 02:00:00,5.516
2012-12-28 03:00:00,2.4423333333333335
2012-12-28 04:00:00,2.1339999999999995
2012-12-28 05:00:00,13.049999999999999
2012-12-28 06:00:00,52.738
2012-12-28 07:00:00,157.712
2012-12-28 08:00:00,291.83599999999996
2012-12-28 09:00:00,129.848
2012-12-28 10:00:00,76.75599999999999
2012-12-28 11:00:00,92.88199999999999
2012-12-28 12:00:00,101.112
2012-12-28 13:00:00,100.928
2012-12-28 14:00:00,91.236
2012-12-28 15:00:00,88.37599999999999
2012-12-28 16:00:00,124.726
2012-12-28 17:00:00,179.28599999999997
2012-12-28 18:00:00,176.22399999999996
2012-12-28 19:00:00,120.036
2012-12-28 20:00:00,90.566
2012-12-28 21:00:00,57.716
2012-12-28 22:00:00,50.379999999999995
2012-12-28 23:00:00,38.702
2012-12-29 00:00:00,40.298
2012-12-29 01:00:00,37.966
2012-12-29 02:00:00,28.52
2012-12-29 03:00:00,17.854
2012-12-29 04:00:00,4.854
2012-12-29 05:00:00,4.064
2012-12-29 06:00:00,15.225999999999999
2012-12-29 07:00:00,19.404
2012-12-29 08:00:00,58.126
2012-12-29 09:00:00,101.01400000000001
2012-12-29 10:00:00,97.76400000000001
2012-12-29 11:00:00,102.014
2012-12-29 12:00:00,123.27999999999999
2012-12-29 13:00:00,125.224
2012-12-29 14:00:00,139.04
2012-12-29 15:00:00,135.212
2012-12-29 16:00:00,134.524
2012-12-29 17:00:00,91.09400000000001
2012-12-29 18:00:00,85.428
2012-12-29 19:00:00,74.97
2012-12-29 20:00:00,60.592
2012-12-29 21:00:00,47.98
2012-12-29 22:00:00,50.634
2012-12-29 23:00:00,36.476
2012-12-30 00:00:00,41.452
2012-12-30 01:00:00,29.872
2012-12-30 02:00:00,29.784
2012-12-30 03:00:00,15.764
2012-12-30 04:00:00,3.508
2012-12-30 05:00:00,3.192
2012-12-30 06:00:00,13.384
2012-12-30 07:00:00,15.346
2012-12-30 08:00:00,45.23
2012-12-30 09:00:00,74.50999999999999
2012-12-30 10:00:00,105.8
2012-12-30 11:00:00,124.44400000000002
2012-12-30 12:00:00,141.344
2012-12-30 13:00:00,153.192
2012-12-30 14:00:00,155.88
2012-12-30 15:00:00,148.06799999999998
2012-12-30 16:00:00,136.00400000000002
2012-12-30 17:00:00,103.63
2012-12-30 18:00:00,87.75800000000001
2012-12-30 19:00:00,97.67600000000002
2012-12-30 20:00:00,54.824
2012-12-30 21:00:00,38.544
2012-12-30 22:00:00,33.599999999999994
2012-12-30 23:00:00,23.221999999999994
2012-12-31 00:00:00,9.834
2012-12-31 01:00:00,3.912
2012-12-31 02:00:00,2.906
2012-12-31 03:00:00,1.712
2012-12-31 04:00:00,2.026
2012-12-31 05:00:00,10.894
2012-12-31 06:00:00,53.589999999999996
2012-12-31 07:00:00,162.88799999999998
2012-12-31 08:00:00,274.642
2012-12-31 09:00:00,135.69
2012-12-31 10:00:00,59.832
2012-12-31 11:00:00,61.096000000000004
2012-12-31 12:00:00,67.024
2012-12-31 13:00:00,84.122
2012-12-31 14:00:00,83.99
2012-12-31 15:00:00,85.414
2012-12-31 16:00:00,103.7
2012-12-31 17:00:00,207.552
2012-12-31 18:00:00,209.682
2012-12-31 19:00:00,132.018
2012-12-31 20:00:00,107.19800000000001
2012-12-31 21:00:00,61.45
2012-12-31 22:00:00,62.28
2012-12-31 23:00:00,30.362000000000002
